-- phpMyAdmin SQL Dump
-- version 4.5.5.1
-- http://www.phpmyadmin.net
--
-- Servidor: 127.0.0.1
-- Tiempo de generación: 25-04-2017 a las 15:23:17
-- Versión del servidor: 5.7.11
-- Versión de PHP: 7.0.4

SET SQL_MODE = "NO_AUTO_VALUE_ON_ZERO";
SET time_zone = "+00:00";


/*!40101 SET @OLD_CHARACTER_SET_CLIENT=@@CHARACTER_SET_CLIENT */;
/*!40101 SET @OLD_CHARACTER_SET_RESULTS=@@CHARACTER_SET_RESULTS */;
/*!40101 SET @OLD_COLLATION_CONNECTION=@@COLLATION_CONNECTION */;
/*!40101 SET NAMES utf8mb4 */;

--
-- Base de datos: `ticket`
--

-- --------------------------------------------------------

--
-- Estructura de tabla para la tabla `areas`
--

CREATE TABLE `areas` (
  `id_area` int(11) NOT NULL,
  `nombre_area` varchar(30) COLLATE utf8_spanish2_ci NOT NULL,
  `direccion` varchar(30) COLLATE utf8_spanish2_ci DEFAULT NULL,
  `correo` varchar(45) COLLATE utf8_spanish2_ci DEFAULT NULL
) ENGINE=InnoDB DEFAULT CHARSET=utf8 COLLATE=utf8_spanish2_ci;

--
-- Volcado de datos para la tabla `areas`
--

INSERT INTO `areas` (`id_area`, `nombre_area`, `direccion`, `correo`) VALUES
(1, 'secretaria privada - intendenc', NULL, NULL),
(6, 'dpto. de asuntos legales', NULL, NULL),
(7, 'secretaria', NULL, NULL),
(8, 'servicios p', NULL, NULL),
(9, 'direccion de cultura', NULL, NULL),
(11, 'guarderia iglesias', NULL, NULL),
(14, 'secretaria de turismo', NULL, NULL),
(16, 'secretaria', NULL, NULL),
(18, 'dpto. personal', NULL, NULL),
(19, 'dpto. medicina', NULL, NULL),
(20, 'archivo', NULL, NULL),
(21, 'mesa de entradas n', NULL, NULL),
(24, 'juntas vecinales - gobierno', NULL, NULL),
(25, 'inspecci', NULL, NULL),
(26, 'dpto. fiscalizacion ambiental', NULL, NULL),
(28, 'delegacion 34 ha.', NULL, NULL),
(29, 'delegacion lago moreno', NULL, NULL),
(32, 'dpto. tributario', NULL, NULL),
(34, 'dpto. fiscalizacion', NULL, NULL),
(36, 'direccion de contaduria -', NULL, NULL),
(37, 'division suministros', NULL, NULL),
(38, 'direccion de sistemas', NULL, NULL),
(39, 'division patrimoniales', NULL, NULL),
(41, 'secretaria', NULL, NULL),
(43, 'dpto. tecnico o.particulares', NULL, NULL),
(44, 'dpto. inspecci', NULL, NULL),
(45, 'direcci', NULL, NULL),
(46, 'mesa de entradas n', NULL, NULL),
(51, 'direccion medio ambiente y re.', NULL, NULL),
(54, 'sub-secretaria serv.publicos', NULL, NULL),
(55, 'choferes y maquinistas', NULL, NULL),
(56, 'cuadrillas-sub.sec.serv.public', NULL, NULL),
(57, 'serenos - sub-sec.serv.publico', NULL, NULL),
(58, 'cementerio', NULL, NULL),
(59, 'mantenimiento e infraestructur', NULL, NULL),
(60, 'taller - sub.sec.serv.pub.', NULL, NULL),
(61, 'parques y jardines-', NULL, NULL),
(62, 'secretaria de desarrollo human', NULL, NULL),
(66, 'c.madres cuidad.', NULL, NULL),
(69, 'mayordomia', NULL, NULL),
(70, 'direccion inspeccion general', NULL, NULL),
(72, 'secret.gobierno-', NULL, NULL),
(73, 'protocolo y cerem.', NULL, NULL),
(76, 'tribunal faltas 1', NULL, NULL),
(77, 'delegacion cerro otto', NULL, NULL),
(79, 'direccion de tesoreria', NULL, NULL),
(80, 'secretaria -secret.obras y ser', NULL, NULL),
(81, 'trans.y transp.', NULL, NULL),
(82, 'ba', NULL, NULL),
(84, 'terminal omnibus', NULL, NULL),
(87, 'asesoria letrada', NULL, NULL),
(89, 'prensa y difusi', NULL, NULL),
(90, 'secretaria de promocion social', NULL, NULL),
(93, 'concejo municipal', NULL, NULL),
(94, 'secretaria de gobierno', NULL, NULL),
(96, 'secretaria  - economia -', NULL, NULL),
(97, 'secretaria de obras publicas', NULL, NULL),
(101, 'delegacion el condor', NULL, NULL),
(103, 'prensa', NULL, NULL),
(107, 'bromatologia', NULL, NULL),
(108, 'hacienda', NULL, NULL),
(110, 'deportes', NULL, NULL),
(113, 'direccion de juntas vecinales', NULL, NULL),
(116, 'desarrollo economico', NULL, NULL),
(119, 'secretaria de hacienda', NULL, NULL),
(122, 'inspectores direc.inspecc.gral', NULL, NULL),
(125, 'direccion obras particulares', NULL, NULL),
(126, 'subs.des.amb.y plan', NULL, NULL),
(127, 'lugar de ejemplo', NULL, NULL),
(129, 'direccion de tierras y viviend', NULL, NULL),
(140, 'sociales', NULL, NULL),
(142, 'direccion de defensa civil', NULL, NULL),
(143, 'escuela la llave', NULL, NULL),
(144, 'direccion transito y transport', NULL, NULL),
(145, 'gimnasio 1', NULL, NULL),
(148, 'tribunal contralor', NULL, NULL),
(149, 'tributario', NULL, NULL),
(150, 'puesto sanitario', NULL, NULL),
(152, 'centro   civico', NULL, NULL),
(153, 'cultura', NULL, NULL),
(155, 'medicina', NULL, NULL),
(156, 'dpto. veterinaria y zoo', NULL, NULL),
(157, 'tribunal faltas 2', NULL, NULL),
(159, 'playon de estacionamiento', NULL, NULL),
(160, 'medio ambiente', NULL, NULL),
(161, 'direccion obras x contrato', NULL, NULL),
(162, 'estadio municipal', NULL, NULL),
(163, 'dpto. obras particulares', NULL, NULL),
(165, 'recursos humanos', NULL, NULL),
(200, 'mesa de entradas n', NULL, NULL),
(201, 'secr. de obras y servicios p', NULL, NULL),
(202, 'recoleccion  - sub-sec.serv.pu', NULL, NULL),
(203, 'sec.funcion publica y control ', NULL, NULL),
(204, 'edificio de moreno ex invap', NULL, NULL),
(205, 'direccion de despacho legal y ', NULL, NULL),
(206, 'secretaria desarrollo economic', NULL, NULL),
(207, 'omiduc', NULL, NULL),
(208, 'delegacion sur', NULL, NULL),
(9159, 'estacionamiento medido', NULL, NULL),
(9160, 'secretaria de desarrollo human', NULL, NULL),
(9161, 'biblioteca municipal', NULL, NULL),
(9162, 'secretaria de deporte', NULL, NULL),
(9163, 'secretaria de desarrollo estra', NULL, NULL),
(9164, 'dir. info y defensa del usuari', NULL, NULL),
(9165, 'direccion de recaudaciones', NULL, NULL),
(9166, 'mesa de entradas ex-afip', NULL, NULL),
(9167, 'secretaria de seguridad ciudad', NULL, NULL),
(9168, 'dpto de sueldos', NULL, NULL),
(9169, 'direccion de control de gestio', NULL, NULL),
(9170, 'depto de compras y sumistros', NULL, NULL),
(9171, 'subsecretria de medio ambiente', NULL, NULL),
(9172, 'direccion de boletin oficial', NULL, NULL),
(9173, 'depto de contribuciones', NULL, NULL),
(9174, 'direcci', NULL, NULL),
(9175, 'centro de prvenci', NULL, NULL),
(9176, 'deleg. cerro catedral', NULL, NULL),
(9177, 'junta electoral', NULL, NULL),
(9178, 'defensoria del pueblo', NULL, NULL),
(9179, 'direccion de salud laboral', NULL, NULL),
(9180, 'guarderia 8 de noviembre', NULL, NULL),
(9181, 'vertedero', NULL, NULL),
(9182, 'cdi san francisco 3', NULL, NULL),
(9183, 'PGM-CORDOBA', 'CORDOBA', 'soporte@pgmtools.com.ar'),
(9184, 'Politicas Tributarias', 'No tiene', 'No tiene');

-- --------------------------------------------------------

--
-- Estructura de tabla para la tabla `area_sistemas`
--

CREATE TABLE `area_sistemas` (
  `id_area_sistemas` int(11) NOT NULL,
  `nombre_area` varchar(255) COLLATE utf8_spanish2_ci DEFAULT NULL
) ENGINE=MyISAM DEFAULT CHARSET=utf8 COLLATE=utf8_spanish2_ci;

-- --------------------------------------------------------

--
-- Estructura de tabla para la tabla `asuntos`
--

CREATE TABLE `asuntos` (
  `id_asuntoP` int(11) NOT NULL,
  `nombre` varchar(50) COLLATE utf8_spanish2_ci NOT NULL,
  `fk_area` int(11) NOT NULL
) ENGINE=InnoDB DEFAULT CHARSET=utf8 COLLATE=utf8_spanish2_ci;

--
-- Volcado de datos para la tabla `asuntos`
--

INSERT INTO `asuntos` (`id_asuntoP`, `nombre`, `fk_area`) VALUES
(11, 'PGM', 38),
(12, 'Sueldos', 38),
(13, 'WebDoc', 38),
(14, 'Terminal', 38),
(15, 'Cajero', 38),
(16, 'Correo', 38),
(17, 'Servicio tecnico', 38),
(19, 'Tickets', 38),
(20, 'Informe de pedidos', 38),
(21, 'PGM nuevo', 38),
(22, 'Servidores', 38),
(23, 'Fichadas', 38),
(24, 'Pedidos a Córdoba', 38);

-- --------------------------------------------------------

--
-- Estructura de tabla para la tabla `base_conocimiento`
--

CREATE TABLE `base_conocimiento` (
  `id_resolucion` int(11) NOT NULL,
  `fecha` date DEFAULT NULL,
  `resolucion` varchar(255) COLLATE utf8_spanish2_ci DEFAULT NULL,
  `fk_ticket` int(11) DEFAULT NULL
) ENGINE=MyISAM DEFAULT CHARSET=utf8 COLLATE=utf8_spanish2_ci;

-- --------------------------------------------------------

--
-- Estructura de tabla para la tabla `empleados`
--

CREATE TABLE `empleados` (
  `id_empleado` int(11) NOT NULL,
  `nombre` varchar(30) COLLATE utf8_spanish2_ci NOT NULL,
  `apellido` varchar(30) COLLATE utf8_spanish2_ci NOT NULL,
  `documento` varchar(10) COLLATE utf8_spanish2_ci NOT NULL,
  `fk_area` int(11) NOT NULL,
  `legajo` int(11) NOT NULL
) ENGINE=InnoDB DEFAULT CHARSET=utf8 COLLATE=utf8_spanish2_ci;

--
-- Volcado de datos para la tabla `empleados`
--

INSERT INTO `empleados` (`id_empleado`, `nombre`, `apellido`, `documento`, `fk_area`, `legajo`) VALUES
(1, 'matias', 'benditti', '35593648', 38, 999998),
(2, 'ernesto', 'nahuel', '14245647', 144, 2),
(3, 'segundo', 'mato', '10675520', 61, 3),
(4, 'maria susana', 'pineda', '10442217', 11, 8),
(5, 'miguel angel', 'silva', '18421844', 201, 9),
(6, 'juan', 'arias', '7399700', 144, 10),
(7, 'mirta l.', 'rogel gomez', '12606499', 129, 12),
(8, 'hipolito', 'arabales', '8212019', 69, 13),
(9, 'segundo', 'arabales', '10644747', 54, 14),
(10, 'elda ester', 'becerra', '10442190', 140, 15),
(11, 'ruth marina', 'saavedra', '14245881', 79, 16),
(12, 'jose manuel', 'vera', '10442157', 61, 17),
(14, 'esteban', 'arriola', '10985786', 69, 19),
(15, 'sergio omar', 'morales', '18571928', 70, 20),
(17, 'hector ivan', 'reyes', '18670659', 55, 22),
(18, 'victor hugo', 'oyarzo', '12679738', 20, 23),
(19, 'raul horacio', 'barrera', '17995343', 9169, 24),
(22, 'gabriela patricia', 'acuña', '18304808', 129, 27),
(23, 'hector', 'velazquez', '7394240', 1, 28),
(24, 'marisa iris', 'ramos', '17336845', 9159, 29),
(25, 'edgardo rene', 'nabarlaz', '7395401', 59, 30),
(27, 'sheila c.', 'muhlenpfordt', '22743987', 79, 33),
(29, 'oscar', 'maidana', '8215738', 77, 36),
(31, 'maximo leonardo', 'fajardo', '92478391', 80, 39),
(32, 'danilo', 'rosas arriagada', '92765874', 59, 40),
(33, 'edgardo', 'vella', '11345647', 80, 41),
(34, 'nilda ines', 'painemil', '10442256', 1, 42),
(35, 'norma cristina', 'gomez', '10160461', 152, 44),
(37, 'rosa lidia', 'duchowny', '11529638', 149, 47),
(39, 'sunilda ester', 'molina', '10045519', 1, 49),
(40, 'jose e.', 'alvarado vargas', '92374613', 144, 50),
(41, 'ruben eduardo', 'guzman', '16392111', 70, 53),
(42, 'mario andres', 'vogel', '5493954', 60, 55),
(46, 'americo', 'ancalao', '10985872', 207, 66),
(47, 'juan carlos', 'andabur', '11128057', 58, 67),
(50, 'elcira', 'creide', '4860002', 14, 74),
(51, 'edgardo manuel', 'garcia', '10893005', 148, 75),
(52, 'luis', 'molina', '26019694', 101, 77),
(53, 'bernabe', 'huenchual', '8119261', 79, 78),
(54, 'nicanor', 'figueroa', '7398150', 77, 79),
(55, 'juan carlos', 'soriani', '8211583', 8, 81),
(56, 'osvaldo', 'pacheco', '10799487', 9162, 82),
(57, 'gustavo alberto', 'rosales', '17451118', 9165, 83),
(58, 'rudy ariel', 'martinez', '14800140', 9, 84),
(60, 'carmelo', 'cristobal', '10270397', 69, 87),
(61, 'nilda', 'pacheco', '12679971', 9166, 89),
(62, 'adriana sandra', 'pozas', '21063436', 70, 91),
(63, 'susana emilia', 'fernandez', '93233421', 1, 94),
(66, 'roberto', 'huenchullan', '16053926', 20, 104),
(67, 'juan jose', 'segura', '8211766', 1, 105),
(69, 'esteban elias', 'campos', '16392949', 60, 107),
(70, 'ruben amado', 'nahuelpan', '14760000', 84, 108),
(72, 'florentino h.', 'asenjo', '7871207', 8, 110),
(73, 'osvaldo rene', 'vera', '16392883', 60, 111),
(74, 'victor felipe', 'diaz', '8213657', 8, 112),
(75, 'gregorio florent', 'latorre', '12668220', 1, 113),
(76, 'ignacio', 'lagos', '10985757', 143, 116),
(77, 'marta ines', 'gonzalez', '10985989', 1, 117),
(78, 'laura noemi', 'gelassen', '13482244', 143, 121),
(79, 'paula', 'sukiennik', '25705465', 152, 123),
(80, 'chiry vicente', 'olimpio', '18770073', 1, 124),
(81, 'mirta mabel', 'inostroza', '12225226', 93, 126),
(82, 'ana maria', 'fernandez', '16284638', 1, 127),
(83, 'juan bautista', 'barrientos', '7384120', 145, 130),
(84, 'm. del carmen', 'froelicher', '11324461', 140, 131),
(85, 'demetrio', 'velazquez', '7688048', 1, 132),
(86, 'sabino', 'inay', '8214958', 59, 133),
(87, 'ruben horacio', 'garcia', '16053520', 80, 134),
(89, 'jose alberto', 'santi', '11581099', 69, 137),
(91, 'clara maria', 'perez', '10675730', 80, 140),
(94, 'jorge alberto', 'garce', '13714489', 8, 143),
(95, 'jose o.', 'moncada sandoval', '18747584', 144, 144),
(96, 'juan hipolito', 'gomez', '7393625', 60, 145),
(97, 'alberto', 'paillalef', '10045144', 69, 146),
(98, 'margarita', 'antiman', '17473230', 69, 147),
(99, 'orlando d.', 'chiguay', '16053722', 9, 148),
(101, 'mario', 'guerrero aguilera', '18764678', 9, 151),
(102, 'fedor', 'andrade', '5413628', 61, 152),
(105, 'jose eduardo', 'paillalef', '13483088', 9163, 156),
(107, 'claudia elizabe', 'riquelme', '22575426', 70, 161),
(108, 'jorge andres', 'oyarzo', '16392815', 76, 163),
(109, 'norberto', 'rojel', '14759714', 59, 166),
(110, 'miguel', 'minor', '12225043', 60, 167),
(111, 'blanca eva', 'martinez', '20370732', 18, 170),
(112, 'gladys cristina', 'puentes', '17954657', 81, 172),
(113, 'alicia estela', 'varano', '17142252', 38, 174),
(115, 'jose luis', 'venturi', '17336504', 205, 176),
(116, 'jose oscar', 'cannizzaro', '13144492', 70, 178),
(117, 'juan cruz', 'nahuelpan', '10985950', 157, 180),
(118, 'ernesto rodolfo', 'losert', '14759987', 69, 182),
(119, 'juan isidro', 'fuentes', '14519621', 165, 183),
(120, 'jorge luis', 'borg', '14245900', 144, 184),
(122, 'francisco luis', 'napal', '8210476', 58, 186),
(124, 'ricardo', 'obando', '8217030', 1, 190),
(125, 'alejandro mario', 'martinez', '12824730', 1, 191),
(126, 'maria luisa', 'hernandez', '18626799', 1, 193),
(127, 'miriam claudia', 'espeche', '17336714', 165, 196),
(128, 'isabel', 'inostroza', '13003813', 1, 201),
(130, 'jose a.', 'pisani', '14759897', 1, 206),
(132, 'iris elisa', 'abrate', '6541970', 81, 208),
(134, 'anibal', 'pefaure', '7398196', 1, 210),
(135, 'nilda s.', 'tomasini', '17995183', 140, 211),
(136, 'gloria ines', 'cortes', '10985832', 1, 214),
(137, 'maria rosa', 'curamil', '12679977', 1, 216),
(139, 'alfredo', 'pichunleo', '8430347', 1, 218),
(140, 'alfredo luis', 'chaves', '12487710', 1, 221),
(141, 'claudia beatriz', 'salicas', '17451100', 1, 222),
(144, 'gerardo dario', 'margarido', '7395492', 80, 226),
(145, 'alejandra teresa', 'tormo', '11874474', 29, 229),
(146, 'gustavo alberto', 'dinardo', '17605283', 38, 232),
(147, 'fabiana gabriela', 'rios', '17336895', 90, 233),
(148, 'silvia', 'velazquez', '14245780', 155, 235),
(149, 'hector raul', 'cid', '13373852', 9163, 236),
(150, 'jose a.', 'gomez vargas', '18762743', 1, 238),
(153, 'mar', 'larrea', '16628729', 143, 244),
(155, 'nora eloisa del c.', 'pardo', '16392248', 200, 247),
(156, 'erminio', 'paillaleu', '7392618', 152, 253),
(157, 'patricia', 'alcaide', '10625488', 143, 254),
(159, 'miguel antonio', 'lopez', '17451388', 9162, 260),
(160, 'alicia c.', 'fernandez', '12605445', 165, 266),
(161, 'dolores lorenzo', 'toledo', '8212005', 61, 267),
(162, 'ra', 'miranda', '8211089', 1, 269),
(163, 'felipe', 'ayalef', '10045504', 69, 270),
(164, 'jacinto damian', 'levio', '10673962', 59, 275),
(165, 'alfonso', 'velazquez', '7577595', 8, 276),
(166, 'ceferino', 'prafil', '7396638', 58, 277),
(167, 'celedino', 'vera', '8212008', 54, 279),
(168, 'monica a.', 'panes palma', '18747558', 90, 280),
(169, 'martin', 'vera', '26951965', 1, 282),
(170, 'miguel angel', 'peralta', '16392679', 69, 283),
(171, 'leonardo', 'roa', '22122517', 8, 284),
(172, 'raul', 'reo', '13293273', 144, 287),
(173, 'roberto', 'bartorelli', '11680833', 54, 288),
(175, 'jorge', 'sobarzo delgado', '18725014', 140, 290),
(176, 'ramon enrique', 'romano', '8054234', 59, 291),
(177, 'ruben', 'zapata', '10045206', 8, 292),
(178, 'federico', 'nahuelpan', '13989645', 140, 293),
(179, 'pedro luciano', 'calfinao', '7399033', 1, 294),
(180, 'hector anibal', 'burgos', '13253719', 69, 295),
(181, 'teodoro', 'huenchullan', '8212965', 69, 297),
(182, 'miguel angel', 'zapata', '11345745', 81, 300),
(183, 'nicolas', 'ignatowicz', '7672962', 155, 301),
(184, 'marta beatriz', 'ortiz', '11345757', 39, 303),
(187, 'analia', 'portalet', '4382312', 1, 307),
(188, 'edgardo', 'santos rosa', '18494179', 206, 308),
(189, 'ana mar', 'barros', '6362852', 97, 309),
(190, 'monica s.', 'davies', '22495067', 79, 310),
(192, 'gloria maria', 'barrera', '11622914', 90, 313),
(193, 'guillermina', 'molina', '17061547', 90, 314),
(194, 'clotilde', 'baeza', '11846549', 113, 315),
(196, 'eduardo', 'barriga', '7397841', 69, 326),
(197, 'juan carlos', 'venturi', '16392490', 142, 328),
(198, 'daniel t.', 'betancourt', '13989547', 119, 329),
(199, 'hector gabriel', 'acuña', '16392455', 38, 331),
(200, 'gladys ester', 'aranda', '23445249', 144, 332),
(202, 'carlos', 'perez lean', '8497059', 9163, 334),
(203, 'salatier', 'rivas', '7398971', 140, 335),
(204, 'mario hugo', 'maldonado', '10045526', 69, 336),
(205, 'dora andrea', 'martinez', '21389068', 152, 337),
(207, 'raul', 'velazquez', '14759905', 9170, 339),
(208, 'victor segundo', 'cotaro', '7396709', 58, 341),
(209, 'modesto segundo', 'natalio', '17065683', 142, 343),
(210, 'miguel angel', 'millaqueo', '12225351', 201, 344),
(211, 'florentino e.', 'lefinir', '12394152', 144, 345),
(212, 'oscar armando', 'oyarzo', '13052630', 69, 348),
(213, 'nicasio', 'riquelme', '13065515', 94, 349),
(214, 'luis osvaldo', 'prado', '17062344', 59, 352),
(215, 'mariano ricardo', 'comiquil', '12679622', 61, 355),
(217, 'roberto elias', 'guajardo', '21780126', 8, 358),
(218, 'enrique omar', 'sepulveda', '11001099', 69, 359),
(220, 'ricardo oscar', 'papa', '10780793', 80, 363),
(221, 'guillermo c.', 'pilquiman', '17061692', 69, 364),
(222, 'ceferino', 'millahual', '12679720', 59, 365),
(223, 'jorge', 'sanchez gutierrez', '18728947', 60, 366),
(224, 'jorge jose', 'vera', '10442247', 54, 368),
(225, 'anibal', 'diaz', '17451277', 60, 370),
(227, 'ana luisa', 'sangoi', '16392196', 1, 375),
(228, 'nestor alejandro', 'zuñiga', '22118198', 8, 376),
(229, 'gladys noemi', 'vera', '12225528', 140, 379),
(230, 'jorge osvaldo', 'ceballos', '13989391', 140, 380),
(231, 'oscar a.', 'gomez', '11345696', 60, 381),
(232, 'jorge alejandro', 'cardenas', '17971141', 54, 382),
(233, 'romualdo', 'chodilef', '21388964', 21, 383),
(234, 'graciela del c.', 'chodilef', '17451450', 9, 384),
(235, 'lucia ines', 'velez', '16053982', 14, 385),
(236, 'rosa teresa', 'moris', '5218049', 157, 386),
(237, 'hector elio', 'manosalva', '16392445', 55, 387),
(238, 'patricia del v', 'fernandez', '16463800', 140, 388),
(239, 'desideria s.', 'claveriz', '6430394', 60, 389),
(240, 'clelia', 'barria', '6049980', 81, 390),
(241, 'angelica', 'barrientos', '16392347', 9160, 391),
(242, 'rosa virginia', 'vazquez', '12963967', 14, 392),
(243, 'diego jorge', 'rosas', '16053905', 9170, 393),
(245, 'liliana elizabeth', 'namor', '17451281', 80, 396),
(246, 'manuel alejandro', 'becerra', '21388939', 55, 397),
(247, 'raquelina', 'araya', '18419833', 157, 398),
(248, 'carlos ruben', 'lopez', '14777143', 84, 399),
(249, 'patricia', 'redondo', '13445194', 165, 400),
(250, 'cesar alberto', 'cardenas', '20808889', 205, 402),
(252, 'daniel gustavo', 'arriola', '24828639', 54, 405),
(253, 'ana rosa', 'pincheira', '10426933', 72, 406),
(255, 'nelida del carmen', 'warner', '10675556', 1, 409),
(256, 'julio', 'paillalef', '8210924', 69, 410),
(257, 'eduardo', 'barbagelata', '7573572', 55, 412),
(258, 'jorge', 'san martin', '14836769', 69, 413),
(259, 'victor osmar', 'navarro', '14483439', 8, 414),
(260, 'luis edgardo', 'velazquez', '14759868', 80, 415),
(261, 'susana raquel', 'navarro', '6645308', 79, 416),
(262, 'jose rosa', 'troncoso', '10775781', 69, 417),
(263, 'victorio', 'germani', '12581217', 38, 418),
(264, 'andino', 'millaman', '13714239', 1, 419),
(266, 'aldo alberto', 'cardenas', '13714123', 161, 421),
(267, 'lindor', 'arpajou', '11001012', 69, 422),
(268, 'delia rosa', 'parra', '12722839', 1, 423),
(269, 'arturo', 'puchy', '12679764', 107, 424),
(270, 'miguel', 'macaya ', '11581226', 59, 425),
(271, 'rogelio', 'picuntureo', '7398141', 81, 430),
(272, 'cesar heriberto', 'mansilla', '7399031', 1, 431),
(274, 'silvia nancy', 'perea', '18206557', 119, 433),
(275, 'mauricio', 'colinamon', '8211261', 84, 434),
(276, 'sandra e.', 'blazquiz', '18618656', 11, 436),
(278, 'carlos federico', 'colilaf', '22527698', 20, 440),
(279, 'nora haydee', 'ceballos', '17995168', 9178, 441),
(280, 'patricia s.', 'gui', '17257339', 161, 442),
(281, 'miriam beatriz', 'gigena', '11745867', 46, 443),
(282, 'analia', 'bechara', '10965948', 1, 444),
(283, 'claudia rosana', 'haneck', '20123981', 93, 445),
(284, 'marcos silvio', 'roncati', '16392024', 80, 446),
(285, 'jorge antonio', 'linquiman', '17135907', 140, 448),
(286, 'jose daniel', 'picuntureo', '12225063', 81, 449),
(287, 'oscar francisco', 'de paz', '8457523', 80, 450),
(288, 'sandra patricia', 'ayala', '14807678', 9171, 451),
(289, 'sarita', 'manquiin', '17046953', 9160, 452),
(290, 'david alfonso', 'cifuentes', '10985743', 101, 453),
(291, 'ruben angel', 'arriagada', '12225599', 161, 454),
(292, 'marcelo', 'suarez', '10489285', 156, 455),
(293, 'rodolfo', 'cerny', '4368222', 77, 458),
(294, 'sergio e.', 'gonzalez', '13714464', 76, 460),
(295, 'orlando', 'jara', '11345881', 208, 461),
(296, 'lisardo daniel', 'iba', '17246810', 156, 463),
(297, 'jose r.', 'quidelaf', '12679650', 69, 464),
(299, 'gladys del c.', 'pincheira', '18419828', 76, 467),
(300, 'ernesto anibal', 'comiquil', '13714276', 8, 468),
(301, 'hector eduardo', 'comiquil', '11846244', 8, 469),
(302, 'humberto sergio', 'guajardo', '14519534', 80, 470),
(304, 'luis alberto', 'vergara', '13144125', 8, 472),
(305, 'lucio', 'quintriqueo', '16392719', 55, 475),
(307, 'hector marcelo', 'cayun', '11846345', 29, 477),
(308, 'viviana', 'soto', '20123918', 54, 480),
(311, 'jose luis', 'arabales', '18304861', 54, 483),
(312, 'remigio', 'colipi', '17066355', 84, 485),
(316, 'elisa', 'paredes', '3689966', 1, 492),
(317, 'francisco ramon', 'gonzalez', '8215676', 80, 495),
(318, 'juan salvador', 'logaj', '16392518', 1, 496),
(320, 'juan gabriel', 'vidal', '7871019', 1, 499),
(321, 'susana mabel', 'ciglutti', '5334127', 62, 500),
(322, 'nestor fabian', 'guajardo', '17451220', 8, 501),
(323, 'mario alberto', 'sepulveda', '18304878', 14, 502),
(324, 'jose de la rosa', 'cordoba', '16392009', 60, 503),
(325, 'juan carlos', 'creide', '8430265', 54, 504),
(327, 'pablo ', 'ghisla', '12679974', 8, 506),
(328, 'raul victor', 'asencio', '12225720', 145, 507),
(330, 'jose maria', 'manquillan', '16392998', 59, 510),
(331, 'abdon', 'caquis', '7287375', 59, 512),
(332, 'juan', 'antillanca', '8217055', 143, 515),
(334, 'carlos arnaldo', 'ramos', '18494675', 14, 520),
(335, 'maria isabel', 'beovide', '10442132', 97, 521),
(336, 'lucio', 'navarro', '12679450', 8, 522),
(337, 'juana eva', 'painepe', '11339511', 1, 523),
(340, 'guillermo walter', 'perea', '16836089', 150, 528),
(342, 'hector', 'mazur', '4703341', 165, 530),
(343, 'ana delia', 'pineda', '12225249', 34, 531),
(344, 'alicia', 'gonzalez', '17451391', 21, 532),
(345, 'maria alejandra', 'correa', '21063516', 14, 533),
(348, 'sandra elizabeth', 'camba', '17061940', 6, 539),
(349, 'mariela c', 'ortiz', '21389141', 14, 540),
(352, 'david m.', 'betancourt', '17017872', 129, 544),
(354, 'guillermo e.', 'cornaglia', '8214735', 80, 546),
(356, 'julio omar', 'valle', '17954536', 1, 550),
(357, 'diego guillermo', 'de haro', '12679651', 116, 551),
(359, 'saturnino jose', 'nahuelpan', '8210431', 1, 556),
(361, 'clemente', 'burgos', '11345926', 60, 558),
(362, 'jose', 'aviles', '8214696', 69, 559),
(363, 'manuel v.', 'qui', '11425279', 69, 561),
(364, 'cristian r.', 'guraieb', '12225406', 157, 562),
(365, 'maria beatriz', 'landa', '10442390', 157, 563),
(366, 'eduardo gabriel', 'ehlers', '12841260', 9, 564),
(367, 'hugo mario', 'reinahuel', '17061798', 207, 565),
(368, 'cesar', 'sambueza', '12225426', 69, 566),
(369, 'juan antonio', 'aranda', '8247320', 81, 568),
(370, 'miguel antonio', 'anfuso', '10989663', 70, 570),
(372, 'efrain', 'rivera', '7871044', 29, 573),
(375, 'oscar', 'zapata', '11342666', 69, 576),
(376, 'miguel angel', 'guajardo', '13714307', 60, 578),
(378, 'alejo', 'villanueva', '8210054', 69, 583),
(379, 'julio nelson', 'montania', '7398580', 54, 585),
(380, 'anibal', 'toledo', '8214979', 1, 587),
(381, 'dora elena', 'gil', '14759654', 1, 588),
(382, 'alfredo mario', 'zersi', '4592327', 61, 590),
(383, 'sylvia stella', 'suarez', '14519432', 205, 591),
(384, 'erica beatriz', 'salvo', '13989386', 9173, 592),
(385, 'beatriz orfelina', 'sanchez', '12679966', 1, 593),
(386, 'alicia', 'pineda', '12225474', 1, 594),
(387, 'gervacio', 'grande', '13144086', 9162, 596),
(388, 'jorge u.', 'atencio', '13714067', 208, 598),
(389, 'maria beatriz', 'fuentes', '12679609', 9163, 599),
(390, 'monica elizabet', 'ceballos', '12679775', 9174, 600),
(391, 'mirta maria', 'rosas', '10985988', 153, 601),
(393, 'rodrigo', 'dalziel', '4576981', 143, 603),
(394, 'graciela patricia', 'soto', '12679690', 200, 605),
(395, 'gladys mabel', 'ibañez', '14759902', 38, 606),
(396, 'nestor jose', 'riquelme', '20122137', 9159, 608),
(397, 'martin', 'castillo', '7396713', 8, 609),
(398, 'rolando a.', 'picuntureo', '12679684', 81, 610),
(399, 'camilo', 'luengo', '7394252', 162, 612),
(400, 'adelaida', 'nahuelpan de m.', '4876632', 1, 614),
(401, 'delia aurora', 'victoriano', '13989609', 8, 615),
(402, 'humberto', 'stojacovich', '12225354', 1, 617),
(403, 'tomas s.', 'rodriguez', '13858999', 61, 618),
(404, 'rolando', 'chodilef', '16053788', 32, 619),
(405, 'cecilio', 'sepulveda', '10985726', 9170, 620),
(406, 'raul nieves', 'aguilera', '12711436', 144, 621),
(407, 'raul', 'ñancucheo', '12722849', 8, 622),
(409, 'benito', 'montenegro', '12125594', 61, 624),
(410, 'elias', 'fuentes', '12633805', 101, 625),
(411, 'carlos', 'figueroa', '7579295', 58, 627),
(412, 'ramon', 'molina', '8328920', 208, 628),
(413, 'jorge eduardo', 'martinez', '13989257', 8, 633),
(414, 'julio', 'baez', '17336547', 80, 637),
(415, 'lucia norma', 'delgado', '10286490', 157, 638),
(416, 'mirtha cristina', 'so', '11740169', 9162, 639),
(417, 'segundo', 'sandoval', '13671758', 69, 640),
(418, 'maria e.', 'sobarzo', '5108313', 1, 642),
(419, 'angel', 'quintana', '10637973', 69, 643),
(420, 'gladys noemi', 'pineda', '14245594', 150, 648),
(423, 'jorge del carmen', 'cayul', '13351262', 145, 651),
(424, 'hector d.', 'sepulveda', '10637929', 69, 652),
(426, 'juan', 'ñancufil', '8210574', 97, 655),
(427, 'natalia del carmen', 'pacheco', '11846521', 9, 656),
(428, 'julian', 'sandoval', '12679962', 113, 657),
(429, 'marta', 'smith', '5817473', 140, 658),
(430, 'corina', 'merino', '14248683', 45, 661),
(431, 'hector andres', 'mendoza', '13144224', 161, 662),
(432, 'jorge armando', 'albertoli', '10327237', 9163, 663),
(433, 'atilio ruben', 'cuba', '92808688', 76, 664),
(434, 'rogelio', 'amu', '7399701', 56, 665),
(435, 'luis carlos', 'licanqueo', '11845252', 69, 666),
(436, 'victoriano', 'quinelen', '7390779', 1, 667),
(437, 'angel guido', 'aravena', '11679686', 56, 668),
(438, 'victorino', 'cha', '7396225', 1, 669),
(440, 'jorge b.', 'qui', '14248685', 156, 671),
(441, 'pedro', 'gonzalez', '7871128', 69, 672),
(442, 'yolanda maria', 'gallo', '11157949', 101, 673),
(443, 'mariano', 'antinao', '7394612', 93, 674),
(444, 'carlos b.', 'quinchahual', '10693672', 8, 675),
(445, 'rodolfo b.', 'epullan', '13803184', 39, 677),
(446, 'emeterio', 'painefil', '7396361', 1, 678),
(447, 'americo', 'fernandez', '14519731', 69, 679),
(448, 'graciela m.', 'gaetan', '13176486', 9169, 680),
(449, 'claudio m.', 'ibarra', '12679697', 9, 681),
(450, 'virgilio adolfo', 'mitri', '14759948', 1, 682),
(451, 'alonso', 'flandez castro', '18739244', 144, 683),
(452, 'mario luis', 'jara', '12225489', 8, 688),
(453, 'daniel alejandro', 'blanco', '11960077', 1, 690),
(454, 'victor', 'pilquiman', '8214955', 1, 691),
(455, 'ra', 'bascu', '8119824', 69, 692),
(457, 'eduardo', 'guajardo', '16053964', 1, 694),
(458, 'washigton', 'bascur', '13714240', 58, 695),
(459, 'angel santos', 'catalan', '14138049', 156, 696),
(461, 'veronica beatriz', 'mendoza', '12330678', 119, 698),
(462, 'del valle', 'casas cosmeda', '13144238', 21, 700),
(463, 'jose manuel', 'danegger', '7091279', 1, 701),
(464, 'olga', 'marmol', '11435434', 1, 703),
(465, 'juan ramon', 'amado', '8212264', 97, 706),
(466, 'juan', 'marin', '8430164', 69, 708),
(468, 'adan', 'perez', '8213622', 90, 710),
(471, 'gregorio', 'navarro', '7391613', 1, 714),
(472, 'ernesto', 'llancanao', '13714376', 8, 715),
(473, 'jose victor', 'garcia', '8570026', 69, 718),
(474, 'maria laura', 'martin', '14759673', 129, 719),
(475, 'maria luz', 'mansilla', '16053801', 14, 720),
(476, 'fermin', 'vera', '13989435', 55, 722),
(478, 'luis', 'moncada', '7615276', 8, 724),
(479, 'jose clementino', 'lopez', '7398682', 1, 725),
(480, 'roberto', 'aguirre', '11345886', 94, 726),
(481, 'sergio jorge', 'curihuala', '8210057', 69, 727),
(482, 'marta mabel', 'velaztiqui', '14003792', 116, 728),
(483, 'hayde', 'perez', '6701152', 1, 731),
(485, 'jorge edgardo', 'vera', '16392409', 70, 736),
(488, 'maria carolina', 'cifuentes', '10675604', 9173, 739),
(489, 'alicia mabel', 'longoni', '14386477', 9169, 741),
(490, 'carlos raul', 'muzio', '8511616', 1, 742),
(491, 'ruben hector', 'mandrini', '4532049', 80, 743),
(492, 'juan carlos', 'colilaf', '7576685', 1, 745),
(493, 'stella maris', 'gingene', '10714810', 59, 750),
(494, 'horacio', 'reinahuel', '7398976', 81, 752),
(495, 'angel', 'simeonoff', '7398189', 1, 753),
(496, 'benjamin g.', 'sosa', '10985995', 156, 755),
(497, 'haide nelida', 'garcia', '5817402', 81, 756),
(498, 'alejandro', 'nahuel', '7566661', 1, 758),
(499, 'hugo celso', 'calfin', '20509462', 60, 759),
(501, 'silvia eva', 'gutierrez', '11729253', 144, 762),
(503, 'sandra', 'de torres curth', '17061678', 1, 764),
(504, 'nicolas', 'rodriguez', '22549232', 208, 766),
(505, 'segundo abel', 'silva', '8212220', 1, 768),
(508, 'jorge ariel', 'montes', '12225418', 208, 772),
(509, 'maria fabiana', 'velazquez', '16392500', 9168, 773),
(510, 'raul clemente', 'bedini', '14239363', 159, 774),
(511, 'rosa palmira', 'lobresco', '13687520', 9172, 775),
(513, 'luis', 'loncon', '16392933', 14, 777),
(514, 'jorge alfredo', 'maldonado', '14519687', 14, 778),
(515, 'jose s.', 'guayquimil', '10168599', 93, 780),
(516, 'desiderio', 'silva', '13123541', 59, 781),
(517, 'pablo', 'del rio mella', '13823985', 145, 782),
(518, 'luisa cristina', 'carriqueo', '13714306', 14, 783),
(519, 'octavio', 'montesino', '7569274', 8, 784),
(520, 'oscar armando', 'gonzalez', '14759896', 20, 786),
(521, 'julio t.', 'rodriguez', '12679475', 54, 787),
(522, 'luis erasmo', 'ledesma', '12679641', 8, 788),
(523, 'luis antonio', 'parra', '16053601', 144, 789),
(524, 'fidel rene', 'mamani', '13161833', 59, 790),
(525, 'pedro raul', 'gomez', '14438623', 69, 791),
(526, 'gabriel', 'lopez', '8204758', 59, 792),
(527, 'luis', 'quesada', '8430645', 8, 794),
(528, 'jose abraham', 'segovia', '18304723', 80, 795),
(529, 'guillermo francisco', 'pfaab', '17031574', 1, 796),
(530, 'jorgelina r.', 'vergara', '13989417', 93, 798),
(532, 'maria cecilia', 'mancioli', '10985768', 80, 804),
(533, 'pedro a.', 'valenzuela', '7389196', 1, 806),
(534, 'gustavo damian', 'cymet', '20695073', 1, 807),
(535, 'hugo luis', 'andrade', '16053843', 55, 808),
(537, 'juan c.', 'schulmaister', '5500343', 61, 810),
(538, 'marisa elena', 'ceballos', '17995339', 80, 811),
(539, 'raul anibal', 'soto', '17061657', 9170, 812),
(540, 'olga graciela', 'iba', '17954625', 9178, 815),
(541, 'miguel angel', 'alarcon', '13989348', 9, 816),
(542, 'sergio evaristo', 'moraga', '14245638', 79, 819),
(543, 'cesar gabino', 'valle', '14688539', 8, 823),
(544, 'maria cora', 'rondineau', '5761896', 1, 825),
(546, 'marcelo', 'muena', '17451269', 1, 828),
(548, 'marta teresa', 'porris', '4229299', 80, 830),
(549, 'claudia viviana', 'vidal', '17451016', 1, 834),
(551, 'jose aurelio', 'manosalva', '7391945', 80, 837),
(553, 'raquel', 'ramirez', '5160965', 1, 845),
(556, 'mirian', 'avila', '14368066', 97, 854),
(557, 'maria laura', 'esteves', '14667902', 143, 855),
(558, 'raul alfredo', 'irrazabal', '7571991', 81, 858),
(559, 'juan manuel', 'alcucero', '8455790', 156, 859),
(560, 'estela', 'martinez', '11048630', 20, 861),
(561, 'raul', 'diaz', '11334303', 29, 862),
(562, 'pablo fabian', 'krzylowsky', '22743848', 76, 864),
(564, 'bautista', 'pichuman', '12722848', 101, 866),
(566, 'jose', 'millan', '7398795', 69, 868),
(567, 'eusebio ariel', 'catrilef', '14519473', 69, 870),
(569, 'susana b.', 'urrutia', '20326586', 200, 875),
(570, 'ramon segundo', 'valenzuela', '17095723', 70, 876),
(572, 'jorge', 'velazquez', '8210657', 14, 880),
(573, 'gladys amparo', 'alonso', '10537681', 9, 881),
(574, 'maria elva', 'urra', '11345956', 1, 882),
(575, 'berta elena', 'tacul', '6236161', 11, 883),
(576, 'pablo antonio', 'oyarzo', '14245578', 81, 884),
(577, 'juan carlos', 'vera', '12679481', 1, 885),
(579, 'david', 'roa', '8211621', 140, 887),
(580, 'anibal l.', 'betancurt', '16392349', 70, 889),
(581, 'victor f.', 'urzainqui', '14759909', 8, 890),
(582, 'patricia beatriz', 'rivas', '21666460', 14, 891),
(583, 'luis carlos', 'ñancunao', '5413187', 8, 894),
(585, 'ernesto santos', 'sandoval', '18599832', 54, 897),
(586, 'jose vicente', 'alonso', '8002672', 81, 899),
(587, 'gerardo americo', 'reyes', '7871238', 144, 901),
(588, 'hernan marcelo', 'azocar', '22295221', 32, 902),
(589, 'jose miguel', 'contreras', '17451070', 144, 903),
(590, 'alberto', 'rosales', '7396017', 54, 904),
(591, 'guillermo e.', 'herrera', '11846338', 9170, 905),
(592, 'marta mabel', 'herrera', '18419839', 9173, 906),
(593, 'ricardo', 'henkel', '7772751', 80, 907),
(594, 'claudia daniela', 'nicolas', '20370500', 1, 908),
(595, 'jorge', 'muller hermosilla', '92385114', 59, 909),
(596, 'transito timoteo', 'ca', '12225436', 1, 910),
(597, 'juan carlos', 'pereyra', '13989589', 144, 912),
(598, 'oscar e.', 'burgos', '12020472', 1, 919),
(599, 'jose raul', 'andrade', '18739080', 58, 920),
(600, 'andrea', 'nahuelquin', '18493567', 1, 921),
(601, 'aldo bruno', 'ca', '17954594', 58, 922),
(602, 'hugo s.', 'olivera', '92478521', 60, 923),
(603, 'jose humberto', 'rosas', '18759707', 60, 924),
(604, 'jose ricardo', 'vera', '18519531', 14, 925),
(606, 'sandra beatriz', 'jalil', '17061698', 87, 928),
(607, 'virginia h.', 'gonsebatt', '12077587', 80, 930),
(609, 'nelida', 'tezanos', '3580895', 1, 932),
(610, 'estrella noemi', 'garcia', '16392218', 1, 934),
(611, 'felix', 'ancalao', '8430194', 59, 935),
(612, 'abelardo', 'diaz', '17065668', 84, 936),
(613, 'gustavo', 'zobarzo', '8850527', 54, 938),
(614, 'patricia noemi', 'costanzo', '17099584', 9168, 940),
(615, 'osvaldo', 'sandoval', '7396736', 1, 941),
(617, 'irio', 'lema', '12225471', 69, 943),
(618, 'juan m.', 'quinteros', '17776762', 77, 944),
(620, 'ronald', 'rosas arriagada', '92250853', 69, 946),
(621, 'jorge oscar', 'huenchullan', '16392963', 18, 947),
(622, 'jose antonio', 'zapata', '8215713', 81, 949),
(623, 'angelino', 'parada', '7819685', 110, 950),
(624, 'luis oscar', 'aguirre', '11077923', 1, 952),
(625, 'juana haydee', 'nicolao', '5385128', 37, 953),
(626, 'rene', 'larena miranda', '18761764', 61, 955),
(627, 'jose luis', 'lazaro', '5077005', 165, 956),
(628, 'segundo', 'gallardo', '10403123', 144, 961),
(629, 'carlos alberto', 'osio', '10105896', 80, 963),
(630, 'pedro', 'velazquez', '17451146', 81, 965),
(631, 'susana noemi', 'tapia', '14162277', 81, 966),
(632, 'jose antonio', 'nostroza', '17336970', 93, 969),
(633, 'alfredo pascual', 'fuentes', '13714426', 69, 971),
(634, 'carlos heraldo', 'burgos', '16053942', 76, 972),
(635, 'juan roberto', 'curamil', '14245792', 150, 974),
(636, 'andrea fabiana', 'nu', '21063483', 9173, 975),
(637, 'luis alberto', 'meyer', '13144437', 9, 976),
(638, 'juan', 'duran', '8119266', 8, 977),
(641, 'juan carlos', 'soto', '11846233', 1, 980),
(642, 'rafael', 'bascu', '7399014', 94, 981),
(643, 'enrique', 'wodicka', '11345663', 101, 982),
(646, 'norma isabel', 'gelves', '31515271', 1, 985),
(647, 'guillermo m.', 'giordana', '14519362', 61, 986),
(650, 'graciela angela', 'bedini', '10679768', 34, 989),
(651, 'azucena v.', 'ferrada', '16053659', 80, 990),
(652, 'nora p.', 'skiendziel', '12599463', 93, 991),
(653, 'maria a.', 'dixon', '12342103', 1, 992),
(654, 'miguel angel', 'ojeda', '14759774', 140, 993),
(655, 'carlos r.', 'crespo', '8216402', 80, 994),
(656, 'bernabe', 'carrillo', '12377851', 61, 995),
(658, 'ricardo e.', 'mu', '11345878', 1, 997),
(659, 'indio argentino', 'gimenez', '7871035', 8, 998),
(660, 'jorge o.', 'moncada garcia', '92063471', 81, 999),
(661, 'mario', 'campi', '10261437', 61, 1003),
(663, 'julio vicente', 'lopez', '18092012', 29, 1010),
(664, 'eresmildo', 'riquelme', '16392561', 80, 1011),
(667, 'victoria del c.', 'cobos', '13144096', 1, 1022),
(669, 'angel', 'rojas', '7397323', 81, 1028),
(672, 'joselito', 'ramos', '18769173', 61, 1037),
(673, 'viviana edith', 'dziewa', '16040963', 143, 1039),
(674, 'rosa m.', 'niklitschek', '13989408', 143, 1040),
(675, 'federico juan', 'bechis', '10314737', 143, 1041),
(676, 'luis leonardo', 'tolosa', '22786983', 119, 1044),
(678, 'liliana', 'zermathen', '12444011', 143, 1047),
(680, 'jose miguel', 'peralta', '23966986', 9171, 1056),
(681, 'marcelo', 'nemirovsky', '13340790', 1, 1057),
(683, 'osvaldo horacio', 'fianaca', '4627118', 81, 1060),
(684, 'daniel', 'maldonado', '21063681', 32, 1062),
(685, 'jose luis', 'fonte', '21063521', 56, 1065),
(686, 'ignacio ismael', 'ullua', '8460951', 81, 1067),
(687, 'carlos matias', 'morales', '14770204', 143, 1071),
(688, 'silvia ana', 'correa', '16844620', 93, 1074),
(690, 'graciela', 'alfaro', '6515799', 9, 1079),
(691, 'jorge anibal', 'quilaleo', '17336793', 110, 1080),
(692, 'luis facundo', 'amado', '22527517', 9170, 1081),
(693, 'patricia', 'perez', '11292600', 1, 1084),
(694, 'jorge alberto', 'quesada', '16235307', 59, 1085),
(695, 'edith', 'garro', '14497846', 148, 1086),
(696, 'graciela leonor', 'galuppi', '14870669', 160, 1087),
(697, 'no usar', 'noo usar', '0', 1, 1090),
(698, 'adriana beatriz', 'conde', '14146974', 161, 1092),
(700, 'susana', 'leuful', '10487080', 14, 1096),
(702, 'eduardo hector', 'vargas', '13175454', 208, 1098),
(706, 'andrea', 'laskai', '18049723', 9160, 1116),
(708, 'sergio d', 'ortiz de elguea', '11991334', 207, 1129),
(709, 'mario', 'dini', '26996806', 1, 1131),
(710, 'cecilia', 'carballo', '21787624', 155, 1152),
(711, 'roberto', 'alvarez', '10185346', 84, 1155),
(712, 'susana mabel', 'faverio', '13026836', 153, 1156),
(715, 'marcelo', 'barra barra', '18762504', 70, 1162),
(716, 'miguel omar', 'guajardo', '22495182', 6, 1163),
(717, 'manuel alejandro', 'reyna', '24391084', 79, 1165),
(718, 'juan martin', 'torres', '10879133', 81, 1166),
(719, 'hugo ricardo', 'victoriano', '21780007', 144, 1167),
(720, 'juan carlos', 'barrientos', '12679960', 144, 1168),
(721, 'luis ernesto', 'garcia', '13850414', 69, 1169),
(722, 'juan', 'negro', '8262521', 81, 1170),
(723, 'juan carlos', 'lopez', '22495110', 144, 1171),
(724, 'norberto domingo', 'franze', '8217054', 93, 1172),
(725, 'juan oscar', 'aguilar', '18304930', 144, 1173),
(726, 'mario', 'fuentes', '17065500', 144, 1174),
(727, 'fernando raul', 'beltramo', '13059494', 9164, 1175),
(728, 'alberto', 'maldonado', '13391239', 144, 1176),
(729, 'ruben dario', 'hernandez', '18747579', 1, 1177),
(730, 'enrique roberto', 'pereyra', '0', 1, 1180),
(731, 'jorge edelio', 'diaz', '21389151', 84, 1181),
(732, 'juan', 'zolorza', '7575437', 81, 1182),
(733, 'julian martin', 'lopez', '18142913', 165, 1183),
(736, 'maria gabriela ', 'lopez, echavarri', '16053509', 29, 1194),
(737, 'juan esteban', 'ortiz', '16053819', 150, 1196),
(740, 'juan carlos jesus', 'cozzi', '7621690', 80, 1211),
(741, 'francisco', 'navarro', '21780122', 110, 1214),
(742, 'jose manuel', 'pincheira', '21780293', 129, 1217),
(743, 'juan carlos', 'garrido', '20934717', 110, 1220),
(744, 'jorge', 'valenzuela', '17336691', 208, 1233),
(746, 'eduardo jorge', 'rosas', '13989259', 205, 1241),
(747, 'daniel rene', 'pacheco', '16392044', 69, 1242),
(748, 'hugo cesar luis', 'lassalle', '4517347', 1, 1243),
(751, 'jose', 'ojeda', '17995124', 97, 1297),
(752, 'ricardo luis', 'valdebenito', '20370782', 8, 1298),
(753, 'mirta carlota', 'gutierrez', '5818741', 76, 1301),
(754, 'juan carlos', 'cornelio', '4644279', 14, 1307),
(759, 'monica r.', 'franco', '0', 1, 1316),
(762, 'silvina', 'garcia larraburu', '0', 1, 1319),
(766, 'alfredo', 'ortiz', '0', 81, 1333),
(777, 'jorge alcides', 'layana', '13582820', 90, 1355),
(793, 'manuel', 'soto', '17451358', 84, 1389),
(794, 'mario', 'linquiman', '14245696', 159, 1390),
(795, 'cecilia', 'courtaux', '0', 1, 1419),
(796, 'jose', 'riquelme', '7888822', 14, 1422),
(797, 'ricardo jorge', 'lernoud', '0', 1, 1424),
(799, 'sandro', 'rivas', '0', 1, 1462),
(800, 'pablo', 'riquelme', '10442273', 9162, 1464),
(801, 'segundo', 'segovia', '13714079', 9162, 1465),
(802, 'ra', 'huenchupan', '11846241', 145, 1466),
(808, 'alejandrina', 'nahuelpan', '0', 1, 1482),
(809, 'gabriela', 'borraro', '0', 1, 1485),
(811, 'federico', 'sgarbosa', '21536218', 1, 1490),
(815, 'hector hugo', 'muena', '0', 1, 1497),
(816, 'edith', 'mosches', '20007385', 1, 1504),
(817, 'hernan marcelo', 'azocar', '22295221', 79, 1505),
(818, 'alfredo diego', 'cabrera', '0', 1, 1507),
(822, 'luisa', 'ruiz diaz', '13552776', 143, 1514),
(824, 'carina fernanda', 'marzullo', '21150825', 143, 1519),
(827, 'jose nestor', 'silva', '18481701', 84, 1525),
(831, 'ana', 'vega', '17451462', 80, 1533),
(832, 'benedicto', 'cotaro', '8627383', 143, 1537),
(837, 'margarita', 'gonzalez', '11581390', 1, 1549),
(838, 'norma beatriz', 'gomez', '16427321', 1, 1553),
(841, 'luis miguel', 'torrejon', '13137005', 1, 1560),
(842, 'horacio ruben', 'navone', '16520664', 61, 1561),
(850, 'luis andres', 'fuentes', '21666674', 110, 1572),
(860, 'maria l', 'galarregui molano', '23069752', 8, 1594),
(861, 'adrian a.', 'arroyo', '23445395', 54, 20063),
(862, 'daniel', 'sanchez', '16181431', 1, 20065),
(866, 'maria', 'lo prete', '17077673', 143, 20112),
(870, 'sergio', 'rullo', '14426697', 1, 20116),
(872, 'stella maris', 'mendoza', '25710112', 70, 20119),
(874, 'marcela', 'giovannini', '22976080', 14, 20121),
(875, 'leonardo', 'carrizo', '30778190', 1, 20122),
(877, 'veronica', 'medina', '25402527', 1, 20125),
(880, 'juan carlos', 'paez', '12978865', 150, 20132),
(887, 'alfonso', 'zuñiga', '21806903', 90, 20156),
(890, 'gonzalo martin', 'alonso', '24957129', 14, 20159),
(891, 'carlos alberto', 'baez', '14870530', 145, 20160),
(908, 'adriana', 'calo', '26441996', 73, 20193),
(911, 'martin javier', 'ortiz', '21780121', 14, 20202),
(912, 'sandra leticia', 'di capua', '17232136', 107, 20204),
(922, 'cesar', 'mansilla', '21389214', 9162, 20216),
(923, 'marcela', 'sandoval', '27255491', 32, 20217),
(934, 'miguel', 'horisznyj', '7395426', 150, 20233),
(938, 'adriana', 'nole', '16977613', 143, 20238),
(939, 'guillermo', 'tolaba', '17080374', 143, 20239),
(940, 'victor', 'cruz', '20262493', 143, 20240),
(948, 'maria alejandra', 'nussbaun', '16976609', 206, 20250),
(958, 'debora julieta', 'ulecia', '0', 1, 20262),
(969, 'juan pablo', 'muena', '0', 1, 20274),
(978, 'josette luciene', 'pozo', '18223704', 1, 20299),
(980, 'federico', 'schl', '23090007', 38, 20301),
(982, 'mauro a.', 'cifuentes', '25655712', 148, 20388),
(983, 'maria beatriz', 'marin', '23831042', 38, 20389),
(986, 'veronica', 'olea', '24743463', 79, 20450),
(991, 'fabiana', 'gonzalez', '22295124', 94, 20506),
(992, 'jorge oscar', 'nahuelquin', '22118373', 14, 20519),
(994, 'maria jose', 'lopez', '17571101', 14, 20505),
(1005, 'richard', 'gavini', '92278675', 93, 801),
(1007, 'gladys azucena', 'quezada', '13714347', 14, 20504),
(1010, 'liliana', 'romero', '11597668', 93, 20545),
(1016, 'vicente felix', 'cabrera', '23445322', 79, 20417),
(1017, 'julio lisandro', 'fuentes', '8214691', 93, 20483),
(1018, 'marta', 'cardenas', '10185397', 79, 20536),
(1021, 'angel guido', 'aravena', '11679686', 56, 66810),
(1022, 'lorena  amanda', 'ampuero', '29926931', 143, 20307),
(1023, 'paola  lorena', 'arias', '25701171', 9165, 20472),
(1026, 'jorge', 'aguilera', '111111111', 142, 20460),
(1027, 'raul omar', 'barrientos', '17994968', 84, 20438),
(1028, 'roque olidio', 'cuevas', '11846389', 144, 20514),
(1029, 'ana lucia', 'carrique', '17980980', 90, 20291),
(1030, 'javier cesar', 'cruz', '20026641', 110, 20393),
(1032, 'eduardo hector', 'delgado', '16442611', 61, 20459),
(1033, 'fernando javier', 'del campo', '22276524', 129, 20503),
(1035, 'griselda', 'eraso', '25058887', 165, 20292),
(1036, 'oscar alfredo', 'esposito', '10275955', 110, 957),
(1037, 'marco roberto', 'fr', '92670869', 39, 20502),
(1041, 'monica beatriz', 'iturrieta', '17365225', 129, 20501),
(1042, 'eduardo felix', 'anfuso', '17061537', 150, 20520),
(1044, 'marina natalia', 'braeckman', '27846293', 1, 401),
(1050, 'vanina rosana', 'papamarenghi', '25006240', 1, 767),
(1051, 'marcelo', 'fuentes', '24828703', 93, 1726),
(1054, 'miguel angel', 'silva saez', '18783909', 148, 21591),
(1056, 'margot', 'ceballos', '21927889', 116, 970),
(1057, 'susana', 'fernandez', '6376651', 152, 20484),
(1069, 'angel    hugo', 'mastrolia', '11389752', 116, 11119),
(1070, 'maria cristina', 'mu', '17075517', 152, 11182),
(1079, 'claudia e.', 'pellejero', '23638804', 79, 11196),
(1080, 'ana', 'colin hernandez', '30479741', 9168, 11195),
(1081, 'idalinda', 'toro', '21388838', 129, 20419),
(1082, 'sergio braulio', 'pellejero', '22111808', 79, 21271),
(1083, 'miriam', 'mujanovic', '23216652', 93, 11118),
(1086, 'miguel angel', 'panero', '13196738', 9163, 11208),
(1091, 'gustavo', 'hernandez', '24260079', 149, 11236),
(1092, 'cristian eduardo', 'paredes', '26081770', 36, 11237),
(1093, 'elhia karina', 'alarcon', '25196809', 152, 11084),
(1094, 'andrea valeria', 'leiva', '28236774', 148, 11239),
(1095, 'gloria daniela', 'suez', '28236600', 32, 11235),
(1098, 'barbara mar', 'figueirido', '11666150', 1, 939),
(1100, 'susana patricia', 'adorno', '14210913', 9170, 824),
(1101, 'ana maria', 'winter', '10048000', 14, 11291),
(1102, 'soledad gabriela', 'baez', '23831086', 79, 11094),
(1103, 'martin alejandro', 'velazquez', '27255188', 79, 21586),
(1104, 'mariana emilia', 'salcedo', '28212849', 79, 11087),
(1106, 'maria virginia', 'go', '23997837', 101, 757),
(1108, 'lidia alejandra', 'sanders', '25256908', 59, 11221),
(1109, 'irma graciela', 'huenchupan', '22527692', 204, 241),
(1113, 'juan manuel', 'gonzalez', '26951838', 36, 1149),
(1114, 'adriana elizabeth', 'calfuleo', '25655638', 142, 1148),
(1119, 'lorena yanet', 'arias', '31858652', 14, 707),
(1120, 'carol', 'ayala mu', '18775476', 9160, 11301),
(1121, 'amelia', 'palma', '111', 14, 251),
(1123, 'carolina', 'ayala mu', '444', 1, 112301),
(1124, 'meri', 'susana', '10442340', 90, 11230),
(1125, 'claudia', 'quintriqueo', '28000158', 70, 11205),
(1127, 'noemi   debora', 'obando', '26387591', 116, 11204),
(1128, 'stefania', 'pacheco', '24828564', 9170, 11203),
(1129, 'maria de las nieves', 'soto', '11111', 14, 11299),
(1130, 'nora', 'redondo', '14937954', 29, 21097),
(1135, 'lilian  alicia', 'mendez', '222222222', 9160, 11341),
(1136, 'erica mariane', 'thumann', '22743972', 70, 20951),
(1137, 'norma   haydes', 'obando', '22743939', 36, 896),
(1138, 'isaias', 'qui', '23168976', 9181, 8443),
(1139, 'jose maria', 'qui', '20122464', 9181, 21754),
(1140, 'lidia rosa', 'figueroa', '16392702', 69, 888),
(1141, 'clarisa leonor', 'llancanir', '20124641', 69, 11390),
(1142, 'mario sergio', 'painefil', '28339603', 140, 11156),
(1146, 'maria isabel', 'painefil', '555555', 1, 11384),
(1147, 'clarita', 'villanueva', '23082813', 69, 2861),
(1148, 'elisa', 'orosco', '23082609', 157, 11220),
(1149, 'lucio', 'tejada', '31992208', 159, 1469),
(1153, 'pablo', 'navarro', '30134292', 32, 1138),
(1154, 'gustavo', 'diaz', '1745149', 51, 11100),
(1155, 'luis alfonso', 'navarro', '1733654', 152, 11079),
(1156, 'andrea  alejandra', 'troy', '2000618', 142, 21777),
(1157, 'pamela del carmen', 'ledesma', '29165561', 129, 687),
(1158, 'maximiliano  andres', 'calvo', '32056387', 9167, 11814),
(1160, 'viviana', 'calfin', '23164204', 70, 11349),
(1161, 'leopoldo', 'lagos', '222222222', 1, 11121),
(1162, 'graciela beatriz', 'mori', '27004272', 9, 11244),
(1163, 'nora alicia', 'rio', '13854771', 79, 11397),
(1167, 'carlos alberto', 'haro', '31939212', 205, 11398),
(1168, 'griselda beatriz', 'pereyra', '28000209', 144, 8414),
(1172, 'micaela rita', 'peruchin', '29347836', 152, 11442),
(1174, 'daniela', 'ortiz', '26046126', 116, 1125),
(1177, 'eduardo', 'tomatis', '25553289', 38, 11263),
(1179, 'hernan', 'de martini', '21452312', 41, 11995),
(1180, 'patricia', 'hernandez claveriz', '24091179', 80, 11477),
(1181, 'alba rosa', 'moran', '10150997', 9176, 653),
(1182, 'elisa mariela', 'guerra', '23997657', 24, 11514),
(1183, 'norma', 'aranda', '21384085', 82, 11038),
(1184, 'maria rosa', 'painefil', '99', 143, 11051),
(1185, 'no corresponde', 'no correspe', '99', 1, 10044),
(1186, 'juana e.', 'lagos', '99', 9160, 11046),
(1187, 'yolanda elsa', 'ca', '24557032', 34, 11090),
(1188, 'rosa', 'lincopan', '12', 69, 11047),
(1189, 'maria e.', 'santos', '18423575', 69, 11056),
(1190, 'elsa', 'rodriguez', '25599736', 58, 21877),
(1191, 'liliana', 'pallaleu', '27', 1, 11052),
(1192, 'mercedes', 'arpires', '22', 69, 11039),
(1193, 'mercedes florinda', 'antiman', '25', 69, 11037),
(1194, 'ines', 'lopez', '11', 145, 11048),
(1195, 'elena', 'sandoval', '15', 69, 11231),
(1196, 'aurora', 'gil', '17', 58, 11042),
(1197, 'adela', 'huircan', '17', 58, 11045),
(1198, 'carmen', 'huenchulao', '15', 69, 11044),
(1199, 'silvia victoria', 'merino', '22250206', 36, 21463),
(1206, 'gloria de las nieves', 'vera', '22743741', 9168, 21495),
(1207, 'mario ignacio', 'pomphile', '1111', 14, 11501),
(1208, 'brenda', 'morales diocares', '26171929', 18, 21564),
(1209, 'veronica elsa', 'miguel', '20370485', 69, 21773),
(1210, 'gloria ester', 'gutierrez', '555555555', 1, 8568),
(1211, 'rosa beatriz', 'mu', '555555555', 69, 21434),
(1215, 'gabriel', 'cuya', '18640058', 21, 20577),
(1216, 'teresa', 'huentenao', '17579520', 157, 21426),
(1218, 'jorge hernan', 'cafruni', '999', 1, 11547),
(1219, 'paula cecilia', 'peris', '2222', 152, 11816),
(1222, 'carolina', 'montiel navarro', '26754109', 165, 20134),
(1223, 'ricardo', 'zapke', '999', 8, 11568),
(1224, 'estela m.', 'gingins', '13989346', 9165, 11125),
(1227, 'pablo eduardo', 'donati', '999', 142, 11569),
(1228, 'teresa', 'antiman', '17', 61, 11210),
(1229, 'ceferina', 'antriichipay', '25', 61, 11190),
(1230, 'rosa', 'asenjo', '27', 61, 11211),
(1231, 'magarita', 'colliu', '12', 9162, 11993),
(1232, 'patricia', 'contreras', '17816287', 9175, 11292),
(1233, 'veronica', 'huentequeo', '18', 61, 11213),
(1234, 'marisa', 'monsalve', '21660925', 18, 11214),
(1235, 'patricia', 'ponzone', '22527626', 156, 645),
(1236, 'fermina', 'ramirez', '17', 61, 11215),
(1237, 'zulema', 'rojas', '14', 61, 11216),
(1238, 'ana', 'vega', '17', 61, 746),
(1239, 'olga', 'vergara', '19', 61, 747),
(1240, 'nora', 'victor', '11', 142, 11444),
(1241, 'silvia andrea', 'arriagada', '14', 208, 11469),
(1242, 'adrian', 'cordoba', '14', 61, 11212),
(1243, 'ingrid e.', 'arriagada cardenas', '28212798', 62, 11480),
(1244, 'silvana marisa', 'ranquehue', '26872838', 153, 11577),
(1245, 'stella maris', 'andrade', '22495216', 14, 11361),
(1246, 'silvana alejandra', 'cortes', '22', 152, 11578),
(1247, 'pablo', 'vargas', '29313209', 79, 490),
(1249, 'liliana mercedes', 'cartes', '18684132', 76, 689),
(1250, 'gabriel gonzalo', 'albarracin gaez', '222', 90, 21823),
(1251, 'maria alejandra', 'galvan', '14245756', 34, 11602),
(1252, 'alejandra a.', 'danna', '26', 8, 11601),
(1254, 'alejandro', 'nahuelquin', '16392477', 1, 11636),
(1255, 'luisa', 'hoffmann', '999', 1, 11652),
(1256, 'escudero', 'marcial rudecindo', '223', 69, 20580),
(1260, 'gustavo', 'martinez', '18234937', 129, 1150),
(1261, 'ariel eduardo', 'garcia rogel', '123', 93, 11714),
(1262, 'valeria isabel', 'fernandez soler', '25611548', 94, 11715),
(1263, 'silvia', 'brizzio', '14624696', 107, 1151),
(1264, 'patricia', 'de la puente', '115', 14, 11642),
(1265, 'sandra noemi', 'villanueva', '157', 9162, 1803),
(1266, 'martin', 'arguelles', '13999999', 89, 113527),
(1267, 'martin', 'fernandez', '12456578', 76, 113528),
(1268, 'osvaldo', 'aguila', '26387536', 69, 732),
(1269, 'alfredo', 'aguilar', '18864007', 59, 11362),
(1270, 'jorge ricardo', 'aguilar', '11345658', 69, 541),
(1271, 'robinson', 'aguirre', '29066651', 61, 11144),
(1272, 'ivan quintupuray ', 'alvarado', '92620335', 8, 21605),
(1273, 'cristian', 'ampuero', '24007480', 155, 11722),
(1274, 'juan carlos', 'amu', '8214936', 61, 20561),
(1275, 'rogelio', 'amu', '0', 54, 113529),
(1276, 'nestor', 'ancavil', '20370797', 69, 631),
(1277, 'carlos esteban', 'andrade', '11345927', 8, 20562),
(1278, 'alicia beatriz', 'angulo', '6645353', 9, 11225),
(1279, 'constantino', 'antenao', '10985873', 77, 729),
(1280, 'hernan gustavo', 'antipan', '27435176', 61, 20530),
(1281, 'nestor javier', 'antipan', '24828690', 8, 632),
(1282, 'nicomedes', 'antitru', '13477024', 61, 429),
(1283, 'alejandro', 'arabales', '20679228', 101, 11120),
(1284, 'laureano', 'arabales', '25115573', 8, 11487),
(1285, 'victor ', 'arabales', '24260031', 8, 11665),
(1286, 'ismael gustavo', 'arabales', '26019656', 60, 685),
(1287, 'jorge fabian', 'aro', '20679337', 61, 20569),
(1288, 'fernando', 'arroyo', '22118188', 59, 686),
(1289, 'mario ernesto', 'ascencio', '32574127', 144, 11441),
(1290, 'ruben angel', 'baez', '31515700', 8, 11671),
(1291, 'andres', 'bahamonde', '17336963', 8, 21231),
(1292, 'raul', 'bahamonde', '0', 57, 20658),
(1293, 'raul', 'bahamonde', '24260267', 208, 20568),
(1294, 'maria yolanda', 'ba', '93798507', 69, 11411),
(1295, 'luis cesar', 'barrera', '24828701', 8, 162),
(1296, 'eduardo rodrigo', 'becerra', '31552162', 55, 527),
(1297, 'reinaldo manuel', 'becerra', '29604400', 61, 11472),
(1298, 'reinaldo', 'becerra', '8430312', 8, 11076),
(1299, 'andrea', 'belender', '26999113', 43, 11703),
(1300, 'maria irma', 'benavidez', '21388174', 69, 11403),
(1301, 'alberto ricardo jose', 'bernabei', '22118015', 61, 11180),
(1302, 'genaro ', 'bravil', '14999301', 61, 20572),
(1303, 'dionisio', 'cabrera', '8214976', 61, 11127),
(1304, 'remigio', 'calfueque', '8213712', 8, 177),
(1305, 'indalecio', 'ca', '7392620', 8, 634),
(1306, 'omar alejandro', 'nahuelpan', '26872708', 69, 1114),
(1307, 'avelina', 'ca', '13459403', 69, 699),
(1308, 'custodio', 'carballo', '7394383', 8, 838),
(1309, 'jorge', 'carballo', '23082734', 61, 11503),
(1310, 'walter', 'cardenas', '28812191', 208, 11139),
(1311, 'edgardo', 'carranza', '13334534', 54, 11232),
(1312, 'noelia', 'carrasco', '14759945', 9160, 11357),
(1313, 'jorge', 'carrillo', '33280015', 9162, 11607),
(1314, 'damian', 'carrizo', '24147912', 69, 11172),
(1315, 'mario', 'carrizo', '21388995', 8, 11149),
(1316, 'reinaldo ', 'cateblanco', '20938827', 56, 20993),
(1317, 'daniel', 'catriman', '17451257', 59, 20575),
(1318, 'german', 'cayuman', '27884781', 56, 518),
(1319, 'cristian', 'cha', '26415513', 32, 11146),
(1320, 'paola', 'cid', '25825619', 206, 11184),
(1321, 'gisela', 'cincotta', '29165684', 18, 11598),
(1322, 'luis', 'colinamon', '25825520', 61, 11138),
(1323, 'daniel', 'comiquil', '30784169', 59, 11134),
(1324, 'fermin', 'collio', '7394065', 77, 581),
(1325, 'mauro', 'comiquil', '31943306', 8, 11669),
(1326, 'alfredo', 'cotaro', '7871059', 61, 435),
(1327, 'leandro daniel', 'cotaro', '27489043', 122, 11166),
(1328, 'maximiliano ', 'coutinho', '31858630', 54, 11606),
(1329, 'hugo', 'cuenca', '28236672', 8, 734),
(1330, 'elvira', 'cuevas', '27965549', 54, 11297),
(1331, 'german', 'cuya', '11637473', 8, 21326),
(1332, 'adolfo', 'dandliker', '30479961', 69, 11057),
(1333, 'magdalena', 'de mario', '29280049', 18, 11041),
(1334, 'jose omar', 'diaz', '12135651', 142, 20578),
(1335, 'orlando', 'epullan', '17301832', 82, 11077),
(1336, 'marcial', 'escudero', '6818007', 8, 20579),
(1337, 'jose', 'espinoza', '5665874', 61, 21601),
(1338, 'maria e.', 'espinoza', '25059232', 90, 21592),
(1339, 'ricardo', 'espinoza', '92354605', 61, 569),
(1340, 'liliana ', 'fernandez', '12936622', 144, 1547),
(1341, 'elena', 'figueroa', '28212752', 62, 11393),
(1342, 'gustavo', 'figueroa', '31515309', 56, 11609),
(1343, 'raul', 'flores', '27638816', 54, 11053),
(1344, 'leonardo ', 'fonte', '27965442', 8, 11169),
(1345, 'pablo', 'fonte', '29583750', 56, 11161),
(1346, 'ricardo', 'fontecilla', '23445119', 82, 11194),
(1347, 'pedro', 'franco', '10675684', 60, 11233),
(1348, 'alfredo', 'fredez', '11581264', 61, 11378),
(1349, 'nestor', 'fuentes', '27489087', 77, 11163),
(1350, 'ciro', 'galindo', '18671114', 101, 20582),
(1351, 'ismael', 'gallardo', '28236902', 56, 513),
(1352, 'luis', 'garces', '14519348', 77, 582),
(1353, 'antonia', 'garcia', '26530325', 119, 21509),
(1354, 'nelson', 'gelvez', '31943146', 59, 735),
(1355, 'cristian', 'gerez', '33918500', 54, 11610),
(1356, 'eliseo', 'gomez', '31939051', 54, 11476),
(1357, 'damian', 'gonzalez', '28236808', 56, 61),
(1358, 'froilan', 'gonzalez', '10045705', 8, 635),
(1359, 'patricio', 'gonzalez', '29604424', 8, 517),
(1360, 'pablo', 'gonzalez', '23831138', 125, 11126),
(1361, 'valeria fabiola', 'gonzalez nu', '27255306', 54, 11522),
(1362, 'miguel adrian', 'guajardo', '30784443', 9181, 11062),
(1363, 'luis', 'guerrero', '23082504', 61, 1135),
(1364, 'juan evangelista', 'hermosilla barrientos', '92452817', 51, 684),
(1365, 'eduardo', 'hernandez', '26349137', 54, 11140),
(1366, 'ricardo', 'hernandez', '16317393', 54, 21739),
(1367, 'alejandro', 'huala', '25599629', 61, 64),
(1368, 'domingo', 'huenchullan', '17336942', 20, 11142),
(1369, 'ezequiel', 'huenchullan', '34019754', 69, 11616),
(1370, 'omar', 'huenoman', '20679043', 59, 21629),
(1371, 'daniel', 'huenuqueo', '24260027', 61, 11193),
(1372, 'walter', 'ignacio', '25115630', 55, 20585),
(1373, 'lemui', 'imilpan', '93532224', 69, 21666),
(1374, 'daniela rocio', 'imilqueo carcamo', '31515280', 9179, 11197),
(1375, 'miguel', 'inostroza', '13812061', 59, 11486),
(1376, 'antonio', 'ispierto', '18603820', 60, 20586),
(1377, 'gregorio', 'jaime', '14277857', 8, 636),
(1378, 'patricia', 'kozakiewicz', '11774352', 9171, 11508),
(1379, 'carlos', 'laciar', '8215748', 59, 11275),
(1380, 'jose victor', 'lagos', '92510235', 56, 487),
(1381, 'rolando', 'lagos', '32056405', 56, 11344),
(1382, 'javier', 'lazaro', '26081631', 161, 11277),
(1383, 'ismenia', 'legue', '18830720', 44, 8571),
(1384, 'gloria', 'leiva', '17995225', 69, 11388),
(1385, 'pascual', 'licanqueo', '30391746', 84, 11143),
(1386, 'marcos', 'llancanao', '30134163', 8, 11517),
(1387, 'mariano', 'llanquitur', '16702868', 59, 20587),
(1388, 'rufino', 'lobos', '18658687', 77, 20588),
(1389, 'enrique', 'lopez', '26081699', 61, 11427),
(1390, 'pascual', 'lopez', '20679036', 61, 11137),
(1391, 'silvia', 'lopez', '10743749', 44, 20473),
(1392, 'jose', 'maldonado', '13989273', 59, 11160),
(1393, 'jose renan', 'mansilla', '21806995', 61, 11135),
(1394, 'lucas  ', 'manquillan', '33387156', 14, 11615),
(1395, 'luz adriana', 'mansilla mansilla', '18777666', 61, 11375),
(1396, 'jose senon', 'mansilla', '18720920', 54, 20589),
(1397, 'nelson', 'mansilla', '30479797', 8, 498),
(1398, 'sergio', 'mansilla', '32570350', 8, 11668),
(1399, 'diana anahi', 'marin robles', '31083663', 163, 1122),
(1400, 'sonia', 'marin', '27255154', 207, 219),
(1401, 'sebastian', 'marquez', '33280229', 8, 11614),
(1402, 'bernardo', 'martinez', '12775393', 54, 11505),
(1403, 'ricardo', 'mato', '31083796', 61, 11132),
(1404, 'julio oscar', 'mesa', '33918058', 156, 11672),
(1405, 'juan', 'millalef', '17995393', 81, 11656),
(1406, 'edgardo', 'millaman', '29941219', 101, 11155),
(1407, 'amado', 'miranda', '7871067', 8, 21749),
(1408, 'nelson ', 'monta', '25196895', 202, 20594),
(1409, 'olga', 'montauti', '11858638', 155, 11571),
(1410, 'daniel', 'montenegro', '27255265', 61, 11438),
(1411, 'gaspar', 'muena', '7754999', 55, 20595),
(1412, 'eliodoro', 'mu', '16053695', 59, 11260),
(1413, 'ricardo', 'mu', '17061795', 29, 11178),
(1414, 'javier', 'namor', '28385819', 56, 11122),
(1415, 'alejandro', 'navarro', '22527437', 61, 21328),
(1416, 'roberto', 'navarro', '25825800', 145, 21331),
(1417, 'segundo', 'nicolas', '8216410', 8, 21329);
INSERT INTO `empleados` (`id_empleado`, `nombre`, `apellido`, `documento`, `fk_area`, `legajo`) VALUES
(1418, 'laura', 'nicole', '28932911', 9168, 11478),
(1419, 'francisco', 'ñancufil', '24828682', 61, 11219),
(1420, 'mario', 'ñancufil', '27965482', 80, 11159),
(1421, 'ricardo', 'obando', '31552190', 8, 11658),
(1422, 'marcos', 'ojeda', '33659745', 69, 11657),
(1423, 'oscar', 'ojeda', '33660141', 54, 11662),
(1424, 'horacio', 'oporto', '23445034', 8, 11131),
(1425, 'claudio', 'orrego', '23831097', 8, 11473),
(1426, 'maria', 'otazo', '23784770', 143, 427),
(1427, 'diego armando', 'oyarzo', '28932800', 202, 486),
(1428, 'jose antonio', 'oyarzo', '7871263', 54, 822),
(1429, 'julian', 'paine', '10799482', 69, 740),
(1430, 'luis', 'painefil', '26645767', 77, 20598),
(1431, 'miguel', 'painefilu', '26081775', 8, 11150),
(1432, 'hector a.', 'palma', '28212799', 25, 493),
(1433, 'ariel', 'pardo', '27965546', 69, 11287),
(1434, 'jorge', 'pardo', '8210058', 55, 21307),
(1435, 'eugenia', 'paz', '29996748', 46, 11374),
(1436, 'dora', 'perez', '35077282', 150, 21876),
(1437, 'jose', 'pichun', '26645970', 90, 11170),
(1438, 'agustin', 'pilquiman', '18595737', 8, 1272),
(1439, 'francisco', 'pilquiman', '7398939', 54, 20599),
(1440, 'luis', 'pincheira', '26349061', 8, 21662),
(1441, 'julio', 'pi', '40100258', 51, 11611),
(1442, 'gabriela', 'pituello', '25267586', 161, 11422),
(1443, 'ana lia', 'porlatet', '16974765', 54, 456),
(1444, 'carmelo', 'prafil', '20195014', 54, 11174),
(1445, 'pedro', 'quijada', '21702983', 61, 1660),
(1446, 'fabian e', 'quilaleo', '23299405', 161, 20600),
(1447, 'javier', 'quilaleo', '21927806', 8, 21630),
(1448, 'juan', 'quintriqueo', '12225211', 82, 20621),
(1449, 'ruben', 'quintriqueo', '31515558', 142, 516),
(1450, 'andres', 'qui', '13989223', 54, 11312),
(1451, 'julio', 'ramos', '16208466', 8, 20602),
(1452, 'soledad', 'rea', '24557019', 18, 11202),
(1453, 'jose ivan', 'reyes', '30392041', 56, 11613),
(1454, 'alejandro', 'riquelme', '21063456', 9176, 8446),
(1455, 'gustavo', 'riquelme', '30391649', 54, 11660),
(1456, 'carlos', 'rivas', '33034102', 8, 11666),
(1457, 'cesar', 'rivas', '14519514', 144, 20604),
(1458, 'raul', 'rivera', '13714366', 8, 20606),
(1459, 'angel', 'rodriguez', '16081092', 24, 20477),
(1460, 'hector', 'sanchez', '26019654', 59, 514),
(1461, 'olga', 'sanchez', '24828573', 69, 11410),
(1462, 'teresa alejandra', 'sandoval', '25115747', 90, 20289),
(1463, 'luis', 'sandoval', '31244422', 59, 11152),
(1464, 'cristian', 'santiba', '30784193', 72, 11207),
(1465, 'avicente roberto', 'savasta', '14251572', 204, 11394),
(1466, 'guillermo', 'schwitzgabele', '28356596', 55, 21071),
(1467, 'luciano ', 'signore', '23631487', 54, 20137),
(1468, 'diego', 'silva', '32056231', 19, 11673),
(1469, 'fabian', 'silva', '24260130', 56, 20611),
(1470, 'bernardo', 'sobarzo', '28577421', 56, 494),
(1471, 'nicolas', 'sotelo', '25036155', 8, 11153),
(1472, 'americo', 'soto', '16392519', 8, 21700),
(1473, 'gerardo', 'soto', '16053928', 54, 11408),
(1474, 'juan carlos', 'soto', '25402461', 8, 21760),
(1475, 'eduardo', 'stojakovich', '17336671', 202, 20613),
(1476, 'hugo', 'stojakovich', '24469523', 61, 11409),
(1477, 'miguel', 'stojakovich', '22295149', 156, 20612),
(1478, 'victor', 'suarez', '8214666', 54, 21581),
(1479, 'cintia', 'tavella', '30391772', 9163, 1123),
(1480, 'carmelo', 'thorp', '10675837', 80, 119),
(1481, 'karina', 'toledo', '26645955', 25, 11365),
(1482, 'ruben', 'toledo', '8214991', 8, 744),
(1483, 'walter', 'toledo', '27436760', 54, 11670),
(1484, 'omar', 'tomasini', '26810030', 90, 21776),
(1485, 'percy', 'torres', '92743596', 60, 534),
(1486, 'german', 'treuque', '17954690', 61, 1269),
(1487, 'ricardo', 'treuque', '7396338', 54, 21763),
(1488, 'rodolfo', 'valdebenito', '22743950', 144, 20615),
(1489, 'blanca', 'vargas', '23172902', 45, 20391),
(1490, 'freddy', 'venegas manquenahuel', '18840211', 54, 835),
(1491, 'alberto', 'vera', '24260169', 61, 20616),
(1492, 'daniel', 'vera', '23299438', 77, 20617),
(1493, 'jorge gustavo', 'vera', '28236964', 8, 11164),
(1494, 'pedro', 'rogel', '30479526', 207, 11061),
(1495, 'eleonora', 'rojas', '29045976', 54, 20138),
(1496, 'juan pablo', 'romano', '29408936', 54, 11439),
(1497, 'marcela', 'romano', '12715284', 36, 11248),
(1498, 'victor ', 'rosales', '23445129', 8, 749),
(1499, 'alberto diego', 'rosas', '33205551', 61, 11637),
(1500, 'juan', 'barrientos ruiz', '27489258', 54, 20608),
(1501, 'victor hugo', 'ruiz', '11131791', 59, 408),
(1502, 'alberto', 'sambueza', '25599796', 59, 11171),
(1503, 'alfredo', 'san martin', '8211624', 8, 21663),
(1504, 'maria e.', 'villarroel', '23831192', 90, 11307),
(1505, 'federico', 'yung', '12679810', 60, 20619),
(1506, 'lorenzo', 'zapata', '30479647', 69, 508),
(1507, 'mariela', 'zimmermann', '16392529', 90, 11116),
(1508, 'sandra', 'zito', '20679150', 163, 11520),
(1509, 'saul julio', 'mayner', '20194320', 8, 11162),
(1510, 'oscar alberto', 'mesa', '10045520', 145, 21756),
(1511, 'juan samuel', 'rodriguez velazquez', '92456195', 97, 11521),
(1512, 'ricardo', 'martin', '10442008', 8, 21536),
(1513, 'elizabeth', 'mella paredes', '18893818', 125, 11103),
(1514, 'eduardo', 'santana', '29604302', 54, 11470),
(1515, 'juan alberto', 'martinez', '0', 61, 20531),
(1516, 'oscar', 'mendez', '25825766', 77, 20592),
(1517, 'claudia', 'dellutri', '16751174', 90, 21479),
(1518, 'maria angelica', 'epullan', '26019637', 18, 554),
(1520, 'basualdo', 'namor', '7399931', 54, 185),
(1521, 'estela', 'epulef', '17065336', 18, 879),
(1522, 'dionisio', 'gueichenao', '8119299', 69, 738),
(1523, 'karina', 'antifil', '25115753', 80, 11592),
(1524, 'etelvina', 'bobadilla', '13894287', 69, 11329),
(1525, 'julia', 'calvo', '29539618', 84, 11176),
(1526, 'alejandro', 'catrilef', '23831134', 76, 11596),
(1527, 'hermelinda', 'cayunao', '10148718', 69, 20400),
(1528, 'ruth ', 'ceballos', '14519485', 84, 11479),
(1529, 'marta', 'diaz', '14519405', 69, 20398),
(1530, 'estela', 'figueroa', '20370674', 69, 11335),
(1531, 'silvia', 'fuentes', '31551963', 90, 11699),
(1532, 'sandra', 'garro', '18591643', 157, 20129),
(1533, ' ambrosio', 'ghisla', '24469626', 29, 20583),
(1534, 'andres', 'gomez', '28236705', 144, 11698),
(1535, 'malvina', 'gonzalez', '28932593', 204, 11591),
(1536, 'gustavo', 'grande', '27436650', 161, 11587),
(1537, 'cristian', 'lopez', '33658157', 32, 11557),
(1538, 'alicia', 'mu', '11581085', 84, 11333),
(1539, 'diego', 'pichuman', '32699596', 80, 11590),
(1540, 'karina', 'pinilla', '31515665', 76, 11589),
(1541, 'amanda', 'rodriguez', '18783413', 84, 21658),
(1542, 'beatriz', 'rodriguez', '14759979', 69, 11337),
(1543, 'fernando', 'salse', '25054791', 61, 11697),
(1544, 'camila', 'saavedra banfi', '24057892', 84, 11574),
(1545, 'sandra', 'segovia', '20679313', 69, 20396),
(1546, 'juan omar', 'valle', '32056279', 84, 11506),
(1547, 'nelly', 'vidal fernandez', '93250970', 144, 11700),
(1548, 'gustavo', 'wach', '24675704', 144, 11396),
(1549, 'marisel', 'zalazar', '31483673', 76, 11588),
(1550, 'alicia', 'contreras', '27343150', 84, 11330),
(1551, 'celestina', 'curiqueo', '11846277', 9160, 21861),
(1552, 'jorge', 'obando', '23997625', 28, 1280),
(1553, 'antonio', 'oyarzo', '13714244', 80, 11692),
(1554, 'mirta ', 'hernandez', '38790517', 69, 20399),
(1555, 'celinda', 'antinao', '5458314', 81, 21633),
(1556, 'jorge', 'aguero', '23686643', 144, 842),
(1557, 'mirta', 'arteaga', '92654585', 144, 843),
(1558, 'sonia', 'avila', '26754292', 144, 846),
(1559, 'flordelina', 'barria', '18228022', 81, 848),
(1560, 'pilar', 'cabrera', '23082543', 84, 579),
(1561, 'eugenia', 'carballo', '23831272', 144, 11334),
(1562, 'juana', 'co', '18698594', 69, 11332),
(1563, 'carmen', 'curaqueo', '23831124', 81, 849),
(1564, 'yanina', 'fernandez', '28213092', 122, 11338),
(1565, 'marcela', 'fuentes', '28236678', 144, 850),
(1566, 'walter', 'gallardo', '30479740', 46, 11707),
(1567, 'alida', 'hernandez', '16392289', 144, 851),
(1568, 'karina', 'lozano', '27965578', 144, 853),
(1569, 'miguel', 'mamonde', '25599730', 159, 11108),
(1570, 'susana', 'marifil', '22478116', 81, 11405),
(1571, 'flavia', 'marin', '27509506', 36, 856),
(1572, 'daniel', 'martinez', '24469539', 144, 11706),
(1573, 'guillermo', 'mesa', '30479837', 144, 809),
(1574, 'maria andrea', 'montes', '29428798', 144, 11392),
(1575, 'blanca', 'monti', '23082680', 81, 857),
(1576, 'mirna', 'monti', '22122656', 81, 860),
(1577, 'viviana', 'nahuelpan', '27965579', 97, 11709),
(1578, 'nilda', 'quintero', '25616353', 84, 11704),
(1579, 'monica', 'retamales', '23831085', 81, 869),
(1580, 'dorita', 'reyes', '5606215', 69, 21757),
(1581, 'julia', 'reyes', '12679603', 84, 871),
(1582, 'alicia', 'rivas', '16392999', 81, 873),
(1583, 'cristina', 'rivas', '21389024', 144, 874),
(1584, 'zulma', 'santiba', '22743991', 81, 877),
(1585, 'arturo', 'vargas', '25825781', 159, 878),
(1586, 'emanuel', 'vera', '31351149', 18, 11705),
(1587, 'ismael', 'cabrera', '25748727', 156, 11286),
(1588, 'hernan', 'corona', '92823386', 156, 11548),
(1589, 'jose', 'garro', '12726810', 156, 1347),
(1590, 'azucena', 'marin', '25825682', 9164, 21526),
(1591, 'lidia', 'paredes', '20343747', 156, 21527),
(1592, 'david', 'qui', '32574631', 156, 11389),
(1593, 'hector', 'rivera', '13714012', 9176, 20605),
(1594, 'hector', 'torres', '13989323', 144, 1),
(1595, 'cristian', 'cotaro', '24828632', 159, 11123),
(1596, 'ivana', 'calo', '111111', 93, 11713),
(1597, 'alfredo', 'ortiz', '10828672', 81, 20439),
(1598, 'pablo', 'rodriguez', '26251267', 9170, 11711),
(1599, 'daniela carolina', 'baur', '2222', 14, 11747),
(1600, 'florencia', 'dura', '1111', 14, 11752),
(1601, 'nancy', 'gonzalez jara', '165', 87, 21405),
(1602, 'virginia lucia', 'hachmann', '1234', 14, 11748),
(1603, 'maria de las nieves', 'moncada', '12345', 14, 11749),
(1604, 'vanesa elizabhet', 'rojas', '26132337', 161, 11751),
(1605, 'felix maximiliano ', 'quintriqueo', '33660027', 82, 11612),
(1606, 'jose leopoldo', 'lagos', '13714100', 8, 72),
(1607, 'christian ernesto', 'almeida thorme', '17645536', 97, 11754),
(1608, 'fabiela andrea', 'orlandi', '16473009', 97, 11755),
(1609, 'gabriel martin', 'barria', '23032800', 97, 11757),
(1610, 'mariel beatriz', 'trigos', '17408521', 97, 11756),
(1611, 'aldo', 'bernardino', '21388219', 90, 11183),
(1612, 'patricio', 'martinez', '26469216', 56, 524),
(1613, 'federico', 'silin', '28577637', 97, 1117),
(1614, 'alejandra', 'diaz', '29941081', 207, 21650),
(1615, 'maria carolina ', 'marzullo', '25791176', 155, 11770),
(1616, 'jose alcides', 'mancilla', '92360847', 54, 11373),
(1617, 'ana maria', 'das neves', '92679424', 14, 11661),
(1618, 'julio', 'torres', '7398390', 90, 21653),
(1619, 'jorge dante', 'ojeda', '10428306', 62, 11683),
(1620, 'beatriz del carmen', 'vargas barrientos', '62147289', 29, 11663),
(1621, 'juana susana', 'oses', '25076662', 69, 11385),
(1622, 'anahi', 'coronel', '17451383', 77, 984),
(1623, 'fernando c.', 'sabbioni', '24714500', 89, 11732),
(1624, 'vanesa celina', 'icare', '31551981', 155, 11788),
(1625, 'susana noemi', 'torralba', '17451072', 45, 11863),
(1626, 'matias hipolito', 'ceballos', '29280167', 161, 11541),
(1627, 'jorge damian', 'montes', '33658589', 8, 11870),
(1628, 'luis alejandro', 'villanueva', '35817336', 9170, 11876),
(1629, 'fernando ', 'nu', '1234567', 93, 11862),
(1630, 'gabriel maximiliano', 'condori', '29428602', 97, 21765),
(1631, 'facundo ', 'fuentes', '1345689', 93, 11883),
(1632, 'daniela', 'vega', '27435001', 165, 1042),
(1633, 'flavio', 'ñancucheo', '26118204', 45, 21563),
(1634, 'pablo', 'carriqueo', '12345678', 152, 11443),
(1635, 'fernando marcelo ', 'agüera', '25659772', 142, 11768),
(1636, 'maria eugenia', 'aguila', '23445117', 122, 11372),
(1637, 'enzo david', 'aguilera kaiser', '28217146', 38, 20515),
(1638, 'lilia mariela', 'alcacer', '22743799', 79, 11401),
(1639, 'valeria ines', 'andrade', '35817651', 156, 20917),
(1640, 'pablo miguel', 'anfuso', '27785332', 70, 1049),
(1641, 'andrea deolinda', 'antenao', '27965448', 34, 800),
(1642, 'graciela ', 'arismedi', '17994924', 36, 659),
(1643, 'hector raul', 'baffigi', '5516999', 148, 21519),
(1644, 'marcia joana', 'barreto', '30784388', 70, 1120),
(1645, 'eduardo', 'bascur', '29940893', 32, 11141),
(1646, 'julio cesar', 'bobadilla', '14245628', 32, 11762),
(1647, 'zulema benita', 'cahuimpan', '21390143', 70, 1045),
(1648, 'ana beatriz', 'calfuquir', '21975825', 119, 11040),
(1649, 'cecilia elizabhet', 'cartes', '20794074', 32, 165),
(1650, 'guillermo carlos', 'caruso', '11299765', 156, 11765),
(1651, 'marcelo hugo', 'casas', '17061796', 70, 11766),
(1652, 'gladys de las nives', 'castillo', '21389147', 32, 11758),
(1653, 'javier isidro', 'castillo', '22495188', 69, 11998),
(1654, 'liliana', 'castro', '21389275', 25, 8570),
(1655, 'gabriela judhit', 'cifuentes', '28000178', 76, 21595),
(1656, 'walter', 'del puglia', '14502650', 129, 11604),
(1657, 'melina hebe', 'desutter', '26691892', 70, 1046),
(1658, 'fernando javier', 'franze', '26754171', 129, 11412),
(1659, 'mireya del carmen', 'galindo blasquiz', '23445200', 108, 11534),
(1660, 'roberto alfredo', 'gimenez', '4696703', 70, 1043),
(1661, 'mariana elizabhet', 'gonzalez', '30208565', 36, 11815),
(1662, 'rosana isabel', 'gonzalez', '24828558', 34, 646),
(1663, 'lorena viviana', 'hernandez', '28000269', 9170, 189),
(1664, 'roxana valeria', 'hernandez', '25599737', 129, 839),
(1665, 'guillermina del carmen', 'huenchul', '14275452', 69, 11043),
(1666, 'diego sebastian', 'inostroza', '29940645', 200, 11133),
(1667, 'alejandra ayelen', 'lavayen', '30784281', 32, 11782),
(1668, 'noelia mariana', 'lena', '30581623', 108, 11859),
(1669, 'virginia', 'maldonado', '12225916', 69, 892),
(1670, 'veronica laura', 'martin', '25143343', 14, 11767),
(1671, 'norma beatriz', 'mattos', '20370520', 157, 11708),
(1672, 'ines del carmen', 'menant', '28236765', 36, 11551),
(1673, 'cristina mabel', 'montenegro', '17061850', 70, 1535),
(1674, 'juan francisco', 'muhlenpfordt', '25786243', 149, 1124),
(1675, 'walter enrique', 'muhlenpfordt', '25402386', 32, 11763),
(1676, 'daniel osmar', 'navarro', '29627028', 79, 11440),
(1677, 'andrea carolina', 'nicole', '27436678', 70, 1048),
(1678, 'andres osvaldo', 'oses', '26019835', 32, 11570),
(1679, 'diego', 'pafundi', '29477015', 36, 11759),
(1680, 'miriam de las nieves', 'palma', '24469510', 79, 395),
(1681, 'gabriela fernanda', 'peralta', '26951973', 70, 8436),
(1682, 'nestor edgardo', 'pereyra', '25402239', 9160, 11999),
(1683, 'ruben alfredo', 'pichunleo', '26754161', 69, 1012),
(1684, 'gisela carla', 'puntorello', '24229219', 41, 11552),
(1685, 'juan carlos', 'ramos', '29428784', 38, 11327),
(1686, 'pamela beatriz', 'reo', '28213050', 207, 821),
(1687, 'lucas matias', 'richards', '31943080', 70, 1126),
(1688, 'karina beatriz', 'riquelme', '27965532', 46, 8544),
(1689, 'patricia de las nieves', 'rivas', '27489060', 90, 21493),
(1690, 'natalia', 'robles madrid', '24469584', 116, 1127),
(1691, 'monica candelaria', 'sanchez maldonado', '92790126', 41, 11360),
(1692, 'damian enrique', 'rogel', '31515301', 32, 11664),
(1693, 'cesar facundo', 'sandoval', '27965394', 32, 11694),
(1694, 'pablo david', 'sepulveda', '23082730', 122, 11769),
(1695, 'vanina de los angeles', 'stojacovich', '30874688', 34, 220),
(1696, 'thelma iris', 'tarife', '22866037', 70, 8627),
(1697, 'lili nieves', 'toro', '18304968', 70, 21494),
(1698, 'susana norma', 'urra', '13144370', 69, 900),
(1699, 'cintia paola', 'valenzuela borquez', '29941205', 76, 11382),
(1700, 'mirta graciela', 'zambrano', '27489183', 70, 479),
(1701, 'patricia', 'sanchez cornejo', '25118724', 38, 1121),
(1702, 'juan', 'ca', '11846307', 8, 11114),
(1703, 'irene', 'gonzalez', '17066362', 206, 11364),
(1704, 'alejandro', 'camacho', '16920846', 9163, 11891),
(1705, 'ana maria', 'angulo', '1234567', 9, 1800),
(1706, 'diego augusto', 'benitez', '21431424', 93, 11069),
(1707, 'daniel', 'bascu', '30874907', 70, 11561),
(1708, 'paula  a.', 'iba', '24073125', 93, 11910),
(1709, 'marcelo mario', 'muena', '34019850', 165, 11868),
(1710, 'hector sebastian', 'bahamonde', '31939407', 8, 11872),
(1711, 'isaias joel', 'uma', '33387193', 62, 11874),
(1712, 'diego nicolas', 'urrutia', '34714674', 56, 11873),
(1713, 'andrea fabiana', 'arch', '21022522', 97, 11881),
(1714, 'margot', 'azocar', '23082648', 159, 11918),
(1715, 'carolina', 'costa', '25910403', 9163, 11926),
(1716, 'monica', 'ancavil', '23445156', 90, 20984),
(1717, 'celia veronica', 'arratia', '14759503', 81, 8381),
(1718, 'blanca', 'alvarado', '17995054', 90, 1731),
(1719, 'cintia', 'aros', '25599767', 90, 21066),
(1720, 'adriana', 'asencio', '92343902', 90, 1543),
(1721, 'gloria', 'borquez', '92359473', 90, 21578),
(1722, 'norma', 'belmar', '17336715', 90, 21566),
(1723, 'nancy', 'bobadilla', '16297980', 11, 21103),
(1724, 'isabel', 'balmaceda', '23997644', 90, 21557),
(1725, 'viviana', 'ca', '16739290', 90, 8633),
(1726, 'noemi', 'colitripay', '28812179', 19, 21294),
(1727, 'benedicta del carmen', 'castro', '93109245', 90, 1546),
(1728, 'carolina', 'calfin', '12711404', 90, 1452),
(1729, 'alicia clara', 'contreras', '14759733', 66, 8180),
(1730, 'nery', 'carcamo', '92810084', 90, 8626),
(1731, 'adriana', 'cuevas', '27489030', 9164, 11358),
(1732, 'nerida yulex', 'castillo arauz', '92799331', 90, 21491),
(1733, 'teresa', 'coney', '92719421', 90, 20890),
(1734, 'aurora', 'cheuquepal', '10388095', 90, 1809),
(1735, 'fabiana andrea', 'castro', '30144799', 90, 21598),
(1736, 'silvia', 'calfunao', '26349117', 69, 8576),
(1737, 'susana', 'figueroa', '21063708', 90, 21555),
(1738, 'marcela eliana', 'fernandez', '23082759', 90, 21428),
(1739, 'noemi de las nieves', 'guajardo', '16392804', 90, 584),
(1740, 'paula', 'garcia aedo', '92523895', 90, 11198),
(1741, 'maria adelina', 'gonzalez cancino', '92466780', 90, 8274),
(1742, 'violeta', 'gallardo', '18514708', 90, 21399),
(1743, 'mariela del valle', 'gonzalez', '24659231', 90, 21858),
(1744, 'ada mabel', 'guajardo', '20996198', 143, 8492),
(1745, 'nelida', 'galindo', '10985810', 90, 21460),
(1746, 'monica', 'gonzalez', '92680580', 90, 10898),
(1747, 'alejandra marcela', 'garcia', '25402313', 90, 607),
(1748, 'leticia', 'gallardo', '20370770', 11, 21297),
(1749, 'veronica', 'gonzalez', '92514844', 90, 21584),
(1750, 'marta noemi', 'garces', '17954627', 90, 1545),
(1751, 'gloria', 'huentenao', '18304837', 90, 20873),
(1752, 'teresa julia', 'huaiquian', '93288777', 90, 10897),
(1753, 'nelida ', 'huentenao', '11345874', 90, 21617),
(1754, 'maria', 'inalaf', '10985803', 90, 8596),
(1755, 'adriana', 'arismendi', '11345611', 90, 8631),
(1756, 'estela', 'curapil', '6395684', 90, 21296),
(1757, 'karina', 'chavez', '23818661', 90, 21407),
(1758, 'margarita', 'gonzalez', '0', 90, 15490),
(1759, 'marta', 'garces', '0', 90, 15450),
(1760, 'gladyz', 'huichaqueo', '14717752', 90, 1532),
(1761, 'rosa', 'herrera', '16297729', 90, 8624),
(1762, 'silvia', 'iturra', '27435082', 90, 21427),
(1763, 'rosa', 'lopez', '29165510', 90, 21006),
(1764, 'elizabeth', 'linares', '28932862', 116, 21492),
(1765, 'monica', 'loncon', '27965537', 90, 1758),
(1766, 'ines', 'lavayen', '18634031', 90, 1564),
(1767, 'marta', 'lucero', '21063726', 157, 21622),
(1768, 'veronica', 'lopez', '25196967', 122, 21618),
(1769, 'luisa', 'mora cid', '92372448', 14, 10866),
(1770, 'silvia', 'morales', '21389721', 90, 21433),
(1771, 'marta', 'montenegro', '17451045', 34, 1538),
(1772, 'karina s.', 'mu', '23692762', 90, 21406),
(1773, 'maria', 'manquen', '24008979', 90, 21577),
(1774, 'maria angelica', 'mu', '12351253', 90, 1550),
(1775, 'marta', 'macedo', '14759607', 32, 21408),
(1776, 'yola', 'mansilla', '92791679', 18, 21011),
(1777, 'angelica a.', 'milla', '24175918', 90, 21769),
(1778, 'patricia', 'montenegro', '21063513', 90, 8556),
(1779, 'aurora', 'mora', '23831276', 207, 21102),
(1780, 'sandra', 'martinez', '23997689', 90, 21559),
(1781, 'andrea', 'miranda', '24147969', 69, 21298),
(1782, 'marianella', 'mansilla', '92545681', 90, 21402),
(1783, 'liliana', 'marifil', '14519399', 207, 11224),
(1784, 'gisela', 'nilian nilian', '92598897', 90, 8166),
(1785, 'maritza', 'ñanco', '92749969', 90, 20982),
(1786, 'manuela', 'neculman', '13477392', 90, 1808),
(1787, 'valeria ruth', 'ortega', '22540644', 14, 21647),
(1788, 'maria de las nieves', 'pereyra', '22743877', 18, 1531),
(1789, 'maria magdalena', 'prafil', '29992241', 90, 21562),
(1790, 'maria romina', 'paz', '27042753', 144, 832),
(1791, 'isabel', 'prafil', '17451109', 90, 8168),
(1792, 'mercedes', 'robles', '21780348', 143, 478),
(1793, 'maria', 'rosales', '20123973', 90, 21206),
(1794, 'yalena', 'rojas villegas', '92478475', 90, 21594),
(1795, 'erica', 'rial', '17954651', 90, 8222),
(1796, 'laura', 'rojas', '26978723', 116, 21558),
(1797, 'gloria beatriz', 'rodriguez', '16828677', 90, 8380),
(1798, 'liliana', 'silva', '25115647', 206, 21301),
(1799, 'miriam bristela', 'sandoval', '23801826', 90, 194),
(1800, 'etelvina', 'san martin', '12225382', 90, 20953),
(1801, 'jaquelina', 'soto', '92465990', 34, 21429),
(1802, 'veronica', 'talcado', '93251311', 90, 21302),
(1803, 'antonia', 'teuquil', '92352169', 9174, 8598),
(1804, 'sonia', 'torres rios', '92500612', 90, 1539),
(1805, 'juanita', 'vidal gonzalez', '92947176', 208, 21440),
(1806, 'edith beatriz', 'valle', '25786232', 90, 8193),
(1807, 'dolly beatriz', 'vidal', '24853536', 90, 21514),
(1808, 'isabel', 'villegas', '92452740', 90, 21441),
(1809, 'ines', 'vega', '16392211', 206, 8625),
(1810, 'marta', 'villarroel', '21388899', 90, 10896),
(1811, 'teresa', 'varas villegas', '18801503', 90, 11305),
(1812, 'maria', 'zuñiga gomez', '18764794', 208, 8382),
(1813, 'sonia', 'vazquez', '92462613', 90, 21593),
(1814, 'sandra ivone', 'vargas burgos', '92483762', 207, 8538),
(1815, 'pedro', 'aguilar', '12679462', 208, 21716),
(1816, 'domingo', 'ancavil', '17954608', 208, 11318),
(1817, 'domingo', 'angel', '8430254', 69, 21264),
(1818, 'carlos', 'arias', '8212243', 208, 21824),
(1819, 'luis', 'antivero', '16392718', 208, 11343),
(1820, 'jorge a', 'barnes', '16392048', 28, 11101),
(1821, 'arturo', 'bascurt', '24260034', 8, 1775),
(1822, 'francisco', 'baez', '22122664', 28, 11088),
(1823, 'pablo', 'cisterna', '16392722', 208, 21729),
(1824, 'francisco', 'cayupul', '0', 28, 1702),
(1825, 'carlos a', 'cotaro', '13714329', 69, 20576),
(1826, 'santiago', 'curilef', '27965469', 28, 21810),
(1827, 'juan c', 'epulef', '7399739', 208, 371),
(1828, 'carlos', 'estela', '8215392', 28, 11185),
(1829, 'carlos', 'garcia', '8211629', 28, 11316),
(1830, 'juan carlos', 'gelvez', '35593723', 208, 21480),
(1831, 'ruben', 'gonzalez carcamo', '18716420', 28, 21738),
(1832, 'daniel', 'huentenao', '29165662', 28, 354),
(1833, 'antonio', 'ledesma', '8570025', 208, 11340),
(1834, 'juan', 'lincopan', '21387798', 208, 21742),
(1835, 'carlos', 'luna', '16967682', 28, 11186),
(1836, 'eduardo', 'lopez', '24260206', 28, 11900),
(1837, 'francisco', 'lopez fuentealba', '92223984', 28, 369),
(1838, 'rodolfo', 'mendez', '7398927', 28, 21590),
(1839, 'hector', 'mesa uribe', '92366633', 208, 21748),
(1840, 'mesa', 'ruben', '24095839', 28, 8455),
(1841, 'sandro', 'molina', '2', 28, 20117),
(1842, 'orlando', 'mansilla tellez', '92979870', 69, 11314),
(1843, 'yanina', 'matuz', '27255316', 208, 11049),
(1844, 'alberto', 'mansilla', '23445130', 159, 11809),
(1845, 'eduardo', 'olavarria', '29280290', 9, 11544),
(1846, 'marcelo', 'paillalef', '8213635', 208, 11093),
(1847, 'nestor', 'perez', '92452982', 208, 641),
(1848, 'anibal miguel', 'riquelme', '31552339', 28, 11916),
(1849, 'angel osvaldo', 'riquelme', '28577799', 9181, 11917),
(1850, 'eliodoro', 'reyes', '92357845', 28, 21623),
(1851, 'hermenegildo', 'romero', '8211772', 28, 1395),
(1852, 'pablo', 'sarlangue', '25959033', 28, 11546),
(1853, 'ruben', 'silva', '27489205', 28, 115),
(1854, 'omar h.', 'stojakovich', '0', 28, 21419),
(1855, 'leonel', 'soto', '18561520', 28, 11311),
(1856, 'nicolas jaime', 'torres', '24175925', 84, 11901),
(1857, 'leonardo', 'torres', '23082691', 28, 21516),
(1858, 'carlos a.', 'tobio', '21470157', 29, 11899),
(1859, 'marcelo', 'velazquez', '27965491', 28, 11104),
(1860, 'veronica', 'alca', '24828798', 207, 21263),
(1861, 'maria', 'aguero', '26006062', 90, 1130),
(1862, 'agustin', 'crespo', '25790152', 90, 249),
(1863, 'betina ', 'biscayart', '25107827', 90, 330),
(1864, 'ariana', 'cuberlis', '27510176', 90, 11608),
(1865, 'juan manuel', 'cristiani', '24639497', 90, 11562),
(1866, 'arturo', 'castagnetto', '16250230', 90, 11720),
(1867, 'cesar', 'carra', '22509927', 9169, 11531),
(1868, 'guillermo', 'cabral', '22527643', 90, 21488),
(1869, 'juan', 'cattaneo', '25166971', 90, 1159),
(1870, 'marcos', 'chuichuy', '25233011', 90, 11564),
(1871, 'graciela', 'correa', '16392108', 90, 11105),
(1872, 'laura', 'caniupan', '25036032', 207, 10881),
(1873, 'federico', 'dujmovic', '24170273', 153, 11538),
(1874, 'lucia', 'figueroa', '28631358', 90, 11718),
(1875, 'lorena', 'fusi', '25215007', 90, 484),
(1876, 'maria', 'figueroa', '12790740', 143, 325),
(1877, 'luisina maria pia', 'flores', '27049104', 90, 11527),
(1878, 'alicia', 'fermin', '25796276', 18, 577),
(1879, 'maria victoria', 'gracia', '27027788', 90, 11605),
(1880, 'maria alejandra', 'gioiosa', '16766968', 90, 21416),
(1881, 'sergio', 'gomez', '22148837', 116, 11494),
(1882, 'lidia', 'gonzalez', '6524696', 90, 11655),
(1883, 'patricia', 'gonzalez', '16392631', 90, 10863),
(1884, 'andres ruben', 'luetto', '20030248', 90, 11864),
(1885, 'claudia alejandra', 'inalaf', '23299443', 9168, 411),
(1886, 'fabian', 'munch', '26413059', 206, 11532),
(1887, 'georgina laura', 'moraga', '23082590', 90, 21432),
(1888, 'maria', 'passarelli', '20892761', 90, 11573),
(1889, 'fabian', 'rodriguez', '26019887', 90, 11515),
(1890, 'gabriela', 'ruiz', '26645783', 90, 21501),
(1891, 'carolina', 'slupski', '25393002', 116, 1014),
(1892, 'lucia', 'suarez', '29635549', 90, 11560),
(1893, 'gonzalo', 'santos', '29566002', 90, 11719),
(1894, 'alejandra', 'vallone', '14769920', 90, 20512),
(1895, 'celedonio', 'aviles', '12098102', 101, 11310),
(1896, 'antimil', 'irineo', '8214922', 69, 367),
(1897, 'desiderio', 'barria', '17061567', 156, 11772),
(1898, 'floriano', 'calfuleo', '8214939', 101, 21726),
(1899, 'oscar', 'cotaro', '17451282', 101, 11175),
(1900, 'juan jose', 'diaz', '31019250', 9, 11632),
(1901, 'vicente', 'espinoza', '7871080', 84, 11328),
(1902, 'gustavo', 'guajardo', '32699968', 60, 11633),
(1903, 'miguel', 'heredia', '8327065', 101, 11317),
(1904, 'santiago', 'marin', '18494176', 208, 11997),
(1905, 'ricardo', 'muena', '14743466', 101, 11124),
(1906, 'jorge', 'pilquiman', '25115517', 101, 11313),
(1907, 'angel', 'riquelme', '32574281', 201, 11634),
(1908, 'alejandro', 'sandoval', '30134135', 101, 11764),
(1909, 'hector', 'suarez', '18304868', 69, 21762),
(1910, 'claudio', 'seguel', '24469716', 51, 20136),
(1911, 'cristian', 'vera', '30784412', 82, 11492),
(1912, 'jorge', 'zapata', '25825509', 101, 11635),
(1913, 'luis maximiliano', 'schvenzel', '33205738', 101, 11773),
(1914, 'santiago o', 'arriola', '28932588', 58, 11471),
(1915, 'omar', 'nozijkoswki', '30337324', 90, 11942),
(1916, 'raul', 'baez', '12679533', 58, 21724),
(1917, 'marcos', 'brites', '12364152', 58, 11177),
(1918, 'rene', 'bonnefoi', '16392401', 58, 20570),
(1919, 'jesus', 'marquez', '24828745', 144, 20590),
(1920, 'eduardo', 'navarro', '22122616', 159, 437),
(1921, 'ernesto', 'romero', '23997883', 58, 20607),
(1922, 'angelica', 'alvarado', '11581018', 9163, 11326),
(1923, 'victor', 'boock', '20370503', 97, 20571),
(1924, 'claudio', 'oyarzun salgado', '18759719', 97, 11540),
(1925, 'ruben', 'colinier', '21973249', 97, 11786),
(1926, 'mariela eugenia', 'taboada', '23816663', 97, 11710),
(1927, 'cristian', 'uma', '31939082', 8, 11871),
(1928, 'bernardo fabian', 'collio', '27406515', 8, 11869),
(1929, 'angela', 'palma', '22014391', 76, 8569),
(1930, 'raul', 'painefil', '23445389', 8, 11875),
(1931, 'pablo', 'gerez', '27255543', 81, 11559),
(1932, 'maria', 'alvarado', '29428663', 66, 21604),
(1933, 'cintya', 'lanada', '24557020', 90, 629),
(1934, 'dario nestor ', 'rosato', '18159128', 93, 11950),
(1935, 'nelly roxana', 'ñanco', '26233496', 69, 21602),
(1936, 'julio', 'aguilar', '8210650', 82, 20559),
(1937, 'miguel', 'pozzi', '20370780', 81, 820),
(1938, 'beatriz', 'aranda', '20122407', 90, 8284),
(1939, 'jose hugo', 'calderon', '33924509', 56, 11966),
(1940, 'horacio', 'riffo', '33660097', 56, 11968),
(1941, 'carlos miguel', 'soto', '29941113', 41, 11967),
(1942, 'santiago lucas daniel', 'fuentes', '34666666', 116, 11969),
(1943, 'ana maria', 'suarez', '16392866', 9172, 11629),
(1944, 'ana maria', 'moya', '17967080', 18, 21646),
(1945, 'gabriela', 'costa', '17451293', 9171, 983),
(1946, 'yanira del rosario', 'pe', '18816260', 9173, 20906),
(1947, 'juan', 'oyarzo', '33918389', 144, 11981),
(1948, 'facundo', 'quilaleo', '35594565', 56, 11909),
(1949, 'jose', 'valenzuela', '8215381', 82, 11481),
(1950, 'mauro ariel', 'cardenas arismendi', '34667555', 59, 11920),
(1951, 'ricardo ', 'franco', '14759614', 161, 11880),
(1952, 'lorena', 'zanuttini', '25560598', 90, 12019),
(1953, 'andrea roxana', 'mendoza', '22495074', 81, 11626),
(1954, 'hector', 'painehual', '32573973', 59, 11921),
(1955, 'jhonatan javier', 'tierno', '0', 201, 12020),
(1956, 'alejandra ', 'santana', '21111112', 69, 11300),
(1957, 'cristian joaquin', 'sanchez', '27509661', 69, 11383),
(1958, 'cecilia', 'cardenas v', '92509968', 161, 11542),
(1959, 'rafael', 'sanchez', '0', 82, 11276),
(1960, 'guillermina', 'petit de meurville', '0', 90, 11308),
(1961, 'rodolfo fernando', 'crispens', '0', 155, 11315),
(1962, 'carlos', 'lucero', '31244482', 202, 12023),
(1963, 'jorge ruben', 'cendoya', '8604054', 160, 12024),
(1964, 'roxana leticia', 'fernandez', '0', 161, 12022),
(1965, 'leandro mario', 'sepulveda', '35593232', 61, 12047),
(1966, 'karina javiera', 'lobos', '27255454', 60, 12053),
(1967, 'mirta del carmen', 'marin contreras', '92241554', 156, 12054),
(1968, 'nelda de las nieves', 'douglas', '0', 156, 12056),
(1969, 'carmen', 'fernandez', '92760583', 70, 12055),
(1970, 'a', 'fuentes', '11581152', 156, 112051),
(1971, 'sonia', 'reyes', '24860240', 156, 12050),
(1972, 'roxana', 'reyes', '25599648', 156, 12057),
(1973, 'claudio', 'frangella', '11891782', 70, 12049),
(1974, 'antonio alejandro', 'oses', '24469545', 156, 12052),
(1975, 'juan faustino', 'fuentes', '11571152', 156, 12051),
(1976, 'juan jose', 'figueroa', '22611653', 59, 11980),
(1977, 'natalia', 'san sebastian', '24762395', 19, 12115),
(1978, 'mirian beatriz', 'barrios', '31552047', 161, 12116),
(1979, 'graciela', 'guajardo', '21927813', 19, 12141),
(1980, 'veronica lorena', 'iches', '25786281', 93, 12143),
(1981, 'gabriel hector', 'amu', '31244459', 202, 12146),
(1982, 'jalil', 'juan carlos', '29280136', 90, 11865),
(1983, 'alberto elias', 'calil', '32544084', 8, 11923),
(1984, 'urgando', 'ñanco', '12225765', 69, 20620),
(1985, 'andrea fabiana', 'linconir', '23831047', 70, 1805),
(1986, 'maria matilde', 'filiberti', '25832331', 107, 12150),
(1987, 'cecilia leonor', 'piedrabuena', '28236845', 129, 11543),
(1988, 'juan alberto', 'martinez', '0', 69, 20591),
(1989, 'javier ezequel', 'gambeta', '27270075', 51, 11907),
(1990, 'lucio omar ', 'guerrero', '11000000', 28, 11407),
(1991, 'marcelo', 'parra', '12333355', 93, 21768),
(1992, 'liliana  noem', 'mermoud', '14245700', 94, 11376),
(1993, 'martinez oyarzo', 'maria elizabeth', '93046926', 69, 11380),
(1994, 'juan javier', 'cattaneo', '23478117', 9, 11554),
(1995, 'silvia noemi', 'gomez', '17336903', 19, 12193),
(1996, 'fabian maximiliano', 'millaqueo', '34292949', 61, 12195),
(1997, 'andres  victoriano', 'qui', '30134226', 84, 12194),
(1998, 'victor hugo-', 'silva', '29428637', 116, 11922),
(1999, 'maria aurora', 'manquel', '21913098', 90, 11359),
(2000, 'sivana', 'pietrantuono', '22743742', 90, 12036),
(2001, 'rene dario', 'vera', '32320758', 69, 12206),
(2002, 'diego miguel', 'minor', '32320768', 56, 12204),
(2003, 'diego', 'reucan', '32500191', 56, 12207),
(2004, 'william emanuel', 'chodilef', '35077350', 55, 12231),
(2005, 'juan jose', 'paredes', '13144217', 60, 12234),
(2006, 'jorge', 'calfunao', '32574016', 60, 12230),
(2007, 'marcelo d.', 'pacheco barria', '32574182', 60, 12233),
(2008, 'leandro', 'romano', '18212207', 54, 11867),
(2009, 'valentina', 'olivieri', '26081731', 129, 11350),
(2010, 'jorge candelario', 'soria', '14058532', 32, 12241),
(2011, 'silvana maria', 'moldes', '11956833', 9165, 12240),
(2012, 'hector omar', 'stojakovich', '23831081', 208, 21415),
(2013, 'santiago', 'curilef', '29428795', 9181, 21829),
(2014, 'nancy veronica', 'iturra', '25786382', 90, 12274),
(2015, 'froilan', 'castro', '7326712', 56, 20573),
(2016, 'aliz', 'anuar', '27832056', 45, 12258),
(2017, 'gustavo fabian', 'gasperini', '21019383', 142, 12261),
(2018, 'javier.', 'aroca', '26019620', 61, 11251),
(2019, 'ana matilde ', 'cendoya', '26760172', 9171, 11906),
(2020, 'rodrigo javier', 'merino', '27407145', 51, 12196),
(2021, 'jose daniel', 'benclowicz', '24204646', 140, 12253),
(2022, 'mariana beatriz', 'dondo buhler', '29262269', 90, 12252),
(2023, 'gustavo ruben', 'castro lamaison', '26645915', 38, 12275),
(2024, 'enrique ', 'navarro', '33660027', 8, 12264),
(2025, 'enrique', 'navarro', '30479669', 201, 12246),
(2026, 'leopoldo', 'cisneros', '29388491', 14, 12247),
(2027, 'roberto a.', 'maciel', '11358553', 60, 11893),
(2028, 'ana maria', 'pereda', '17083267', 143, 11721),
(2029, 'raul gaston ', 'vera', '30874978', 97, 12157),
(2030, 'miguel angel', 'aleman', '25599770', 144, 1258),
(2031, 'yanina ', 'villarroel', '26645847', 90, 12256),
(2032, 'claudia', 'inalaf', '10985803', 90, 113530),
(2033, 'jose alberto', 'gonzalez', '30134104', 8, 12159),
(2034, 'juan cruz', 'lucena', '35593228', 97, 12308),
(2035, 'marcos gabriel', 'oses', '24269656', 97, 12311),
(2036, 'abel aniceto', 'andrade', '31360124', 8, 12297),
(2037, 'pablo bernardo', 'gamarra', '23314470', 77, 12312),
(2038, 'roy angel', 'mesa ', '27509535', 77, 12315),
(2039, 'alberto mario', 'mu', '30226469', 153, 12307),
(2040, 'orlando hugo', 'diaz gomez', '35594422', 155, 12309),
(2041, 'carlos', 'deassis', '24452348', 9181, 12226),
(2042, 'maria ines', 'oleksikiw', '17645911', 93, 12314),
(2043, 'joaquin', 'alarcon', '35593175', 9, 12317),
(2044, 'elsa,mabel', 'lopez', '28213034', 97, 11485),
(2045, 'sandra', 'gelves', '28000012', 116, 21657),
(2046, 'sergio ramon', 'arias', '23997985', 59, 12323),
(2047, 'miguel angel', 'gallardo', '20370628', 8, 12341),
(2048, 'jose gabriel', 'gonzalez igor', '92782154', 61, 12343),
(2049, 'isaac abraham', 'inostroza', '24828748', 59, 12348),
(2050, 'jose alberto', 'miranda', '26469166', 56, 12342),
(2051, 'jose', 'baez', '92234881', 56, 10864),
(2052, 'jorge manuel', 'pardo', '25115724', 142, 12320),
(2053, 'mariana noemi', 'villalobo', '29165784', 200, 12305),
(2054, 'lucas. dario', 'perez', '31299538', 157, 12326),
(2055, 'liliana roxana', 'gomez', '31351048', 70, 12349),
(2056, 'liliana andrea', 'anton', '34347394', 116, 12350),
(2057, 'maria jose', 'lanfranchi', '20406677', 96, 12338),
(2058, 'gabriela', 'arabales', '24828563', 90, 21703),
(2059, 'marcela raquel', 'psonkevich', '26998731', 73, 12353),
(2060, 'mario miguel', 'ostapczuk', '23069873', 41, 12168),
(2061, 'norma judith ', 'gonzalez alvarado ', '92767286', 69, 12298),
(2062, 'sasha', 'zeiss', '33205553', 142, 12375),
(2063, 'romina', 'bereau', '32320850', 62, 12257),
(2064, 'jose', 'calfunao', '12225412', 28, 11804),
(2065, 'andres daniel', 'meliqueo', '21063477', 28, 21655),
(2066, 'ester viviana', 'vicente', '25655685', 90, 12339),
(2067, 'richard sergio david', 'torres', '34347476', 29, 12299),
(2068, 'javier', 'bravo', '3269967', 153, 11800),
(2069, 'raul', 'aguilar lincan', '92668788', 129, 12295),
(2070, 'osso ', 'maria eugenia', '12225672', 9, 12041),
(2071, 'hernando', 'arce mendoza', '32699710', 29, 12321),
(2072, 'segundo eduvino', 'aguilar leuquen', '92555472', 29, 20560),
(2073, 'victoriano', 'antihuala', '11631111', 69, 20565),
(2074, 'matias carlos', 'bucarey', '34714317', 201, 12325),
(2075, 'marcelo carlos', 'andrade', '35817650', 159, 20563),
(2076, 'vanesa', 'arroyo', '25655699', 143, 11919),
(2077, 'norberto', 'azocar', '22295109', 159, 11173),
(2078, 'luis', 'antunao', '25825501', 157, 21723),
(2079, 'raul alberto', 'uribarri', '7756393', 82, 21244),
(2080, 'leandro cesar', 'paredes balmaceda', '32231734', 59, 12296),
(2081, 'matias javier', 'coudouy', '36809006', 61, 12414),
(2082, 'jorge luis', 'ledesma', '32574635', 56, 12413),
(2083, 'jose antonio', 'catalan', '35594689', 56, 12416),
(2084, 'walter gabriel', 'ledesma', '26349293', 142, 12418),
(2085, 'walter osvaldo', 'nu', '3124443', 56, 12419),
(2086, 'lorena de carmen', 'ramirez', '26440242', 90, 12306),
(2087, 'silvia  alejandra', 'huenchullan', '24469563', 140, 11391),
(2088, 'gonzalo ', 'fuentes', '30392082', 9181, 12417),
(2089, 'gustavo', 'quijada', '26931941', 9181, 12420),
(2090, 'jorge', 'sandoval', '174512471', 9160, 12185),
(2091, 'sebastian de la cruz', 'millaqueo', '35818462', 9181, 12390),
(2092, 'ernesto angel', 'lagos', '8430282', 58, 11218),
(2093, 'noelia elizabeth', 'wlasiuk', '29016621', 90, 12156),
(2094, 'jonatan', 'reucan', '38548466', 101, 12319),
(2095, 'claudio', 'hernandez', '0', 14, 12352),
(2096, 'maria agostina', 'osorio', '29280496', 90, 12197),
(2097, 'gladys', 'huentenao', '28000247', 90, 11387),
(2098, 'raul emiliano', 'flores', '31083548', 90, 12407),
(2099, 'norberto', 'aguero', '0', 143, 20014),
(2100, ' rodrigo ezequiel ', 'antimil', '35594598', 59, 20007),
(2101, 'luciano', 'paredes', '35818002', 59, 20012),
(2102, 'yanina lucrecia', 'sepulveda', '31515219', 9160, 12404),
(2103, 'jacqueline ana', 'bran', '28236690', 90, 12345),
(2104, 'maria cristina', 'centurion', '11262460', 157, 11379),
(2105, ' ariel dario', 'miranda ', '25402628', 59, 12502),
(2106, 'walter mario', 'mu', '26951558', 159, 12500),
(2107, 'pablo matias', 'lefinir', '31515608', 61, 12503),
(2108, 'gustavo javier', 'miranda ', '22527613', 61, 12501),
(2109, 'juan pablo', 'duran', '35817112', 201, 1204),
(2110, 'juan pablo', 'duran', '35817112', 8, 12504),
(2111, 'gabriel andres', 'moraga', '30503375', 28, 12389),
(2112, 'nicolas david', 'morales', '36213096', 9, 12388),
(2113, 'jose custodio', 'gomez guerrero', '28000241', 8, 12249),
(2114, 'amanda anahi', 'torres', '31939280', 93, 12505),
(2115, 'patricia del carmen', 'contreras', '17816286', 80, 12292),
(2116, 'natalia jimena', 'criado', '29866917', 90, 12316),
(2117, 'raul zacarias', 'zapata', '16392753', 61, 12551),
(2118, 'carlos alberto', 'coronel', '29227950', 101, 12387),
(2119, 'cristian robinson', 'reucan', '38548465', 56, 12624),
(2120, 'leandro sebastian', 'antillanca', '34667519', 202, 12625),
(2121, 'leandro martin', 'cornelio', '35593481', 202, 12575),
(2122, 'jonathan alexander ', 'barra', '37099799', 202, 12573),
(2123, 'jesus  anacleto', 'prafil', '25520867', 80, 12631),
(2124, 'oscar sebastian ', 'jara carcamo', '30134455', 157, 12577),
(2125, 'osvaldo daniel', 'vera', '33659720', 8, 12576),
(2126, 'esteban abel', 'lopez', '35074755', 8, 12583),
(2127, 'roberto marcelo', 'miranda', '21780230', 9181, 12176),
(2128, 'miguel angel', 'rojas', '16392217', 29, 11006),
(2129, 'walter hugo', 'quidelaf', '31939154', 101, 12318),
(2130, 'marcos leodoro', 'tellez', '22118236', 51, 12167),
(2131, 'diego martin', 'montiel', '40100017', 51, 12161),
(2132, 'facundo nazareno', 'gonzalez', '26504077', 51, 11129),
(2133, 'sergio emanuel', 'gonzalez', '35077182', 110, 12594),
(2134, 'carlos ambrosio', 'gomez', '8215718', 29, 11117),
(2135, 'sandra felisa', 'qui', '24776639', 90, 228),
(2136, 'norma beatriz', 'guenuman', '23082564', 90, 647),
(2137, 'horacio miguel', 'luengo', '14759599', 51, 11504),
(2138, 'blanca nieves', 'sandoval', '14519684', 90, 704),
(2139, 'maria gimena', 'gonzalez', '30391729', 90, 12255),
(2140, 'cristian', 'silva cardenas', '32574133', 201, 12310),
(2141, 'maria', 'sanchez', '27489293', 90, 12542),
(2142, 'david eduardo', 'franzgrote', '26872856', 153, 21770),
(2143, 'maria del carmen', 'garcia seone', '17763709', 204, 20360),
(2144, 'nicanor', 'gonzalez', '24912049', 208, 12303),
(2145, 'jorge orlando', 'seguel', '33659749', 56, 12656),
(2146, 'juan pablo', 'jones', '33529333', 56, 12655),
(2147, 'santiago alberto', 'hernandez', '38790518', 56, 12340),
(2148, 'mario bernabe', 'carrillo', '35074687', 8, 12685),
(2149, 'hugo emilio', 'cuevas', '32213484', 61, 12693),
(2150, 'alberto agustin', 'pilquiman', '35818337', 61, 12694),
(2151, 'cristian daniel', 'roman', '31939397', 56, 12696),
(2152, 'maximiliano federico', 'catriman', '35818054', 201, 12684),
(2153, 'raul alberto', 'lopez', '27926119', 8, 12683),
(2154, 'diego hernan ', 'martinez', '31929397', 8, 12689),
(2158, 'nicolas emilio', 'soto', '28236815', 8, 12687),
(2159, 'dardo argentino', 'reyes', '29583929', 69, 12686),
(2160, 'hector sebastian', 'vega perez', '35594139', 8, 1229),
(2161, 'marcos alejandro', 'qui', '34347218', 84, 12690),
(2162, 'diego arturo', 'cardenas', '27435118', 61, 12552),
(2163, 'pablo matias', 'inostroza', '34019962', 61, 12540),
(2164, 'pablo fabian', 'del rio', '31943386', 61, 12382),
(2165, 'juan carlos', 'aguilar', '17451295', 90, 173),
(2166, 'pablo gaston', 'chavez', '26469035', 56, 12681),
(2167, 'lucia', 'fasani', '31519917', 90, 12785),
(2168, 'gustavo david', 'anticura', '24574720', 60, 12175),
(2169, 'jose luis', 'caceres', '12114350', 90, 11989),
(2170, 'jorge enzo anibal', 'millalonco', '32213453', 80, 12351),
(2171, 'cynthia', 'peralta', '27750810', 145, 11010),
(2172, 'luciana', 'villalba', '23908356', 145, 12727),
(2173, 'marcos sebastian', 'mu', '30225875', 29, 12572),
(2174, 'nelson', 'calfueque', '31139344', 110, 11854),
(2175, 'gimena eliana', 'vilar', '0', 101, 11853),
(2176, 'maria belen', 'oyarzo', '34292998', 69, 12692),
(2177, 'jorge', 'perez', '40321547', 56, 12347),
(2178, 'malva', 'chiguay', '33658422', 110, 12733),
(2179, 'cristina', 'fernandez', '13300701', 110, 12213),
(2180, 'viviana', 'aguirre', '25599797', 14, 12405),
(2181, 'kevin', 'denham', '3507727', 9, 12653),
(2182, 'ricardo', 'fernandez', '17451488', 160, 12190),
(2183, 'micaela soledad', 'mena', '33205602', 90, 12786),
(2184, 'andrea', 'montes', '30479624', 90, 11507),
(2185, 'fabiana', 'ortiz', '34019565', 14, 12378),
(2186, 'alejandrina judith', 'bacaro', '23095921', 126, 12406),
(2187, 'karen', 'aburto', '40321453', 69, 20005),
(2188, 'cristian omar', 'riquelme', '32213418', 77, 12533),
(2189, 'tatiana daniela', 'gutierrez', '33280420', 90, 12644),
(2190, 'florencia soledad', 'icare', '34721608', 9173, 12781),
(2191, 'daniela elizabeth', 'sardi', '33034056', 90, 12697),
(2192, 'maria eugenia', 'morales', '25842277', 90, 12695),
(2193, 'alejo gabriel', 'zurano', '33918177', 59, 20013),
(2194, 'jose artemio', 'sanchez pinto', '92580718', 69, 471),
(2195, 'jorgelina vanesa', 'ojeda', '32213590', 90, 12789),
(2196, 'carlos anibal', 'gauna', '11530117', 143, 12538),
(2197, 'juan carlos', 'inostroza', '13812078', 59, 12539),
(2198, 'antonio ', 'mato', '11370892', 9181, 11667),
(2199, 'angel sandro', 'ca', '21670803', 90, 12069),
(2200, 'lucero', 'pablo', '32574483', 9181, 12544),
(2201, 'mariela', 'mu', '23114553', 206, 12699),
(2202, 'miguel angel', 'garces', '13714109', 8, 357),
(2203, 'maria ', 'pizarro', '30608650', 90, 12788),
(2204, 'nelida orfilia', 'castillo', '22495103', 9171, 12784),
(2205, 'juan marcelo', 'dandliker', '27965506', 90, 21424),
(2206, 'gabriel', 'aravena', '26872696', 60, 12969),
(2207, 'hector h', 'epullan', '21388861', 60, 12970),
(2208, 'silvia laura', 'gonzalez fuster', '25786353', 66, 11533),
(2209, 'mariana silvia', 'martingano', '28768661', 9179, 12968),
(2210, 'maria virginia', 'sacchi,', '32591133', 90, 12967),
(2211, 'matias', 'vargas', '29428789', 90, 12556),
(2212, 'laura  andrea', 'parra', '22527685', 165, 11356),
(2213, 'mario francisco', 'rivas', '35074778', 202, 13085),
(2214, 'leandro yamil', 'cerda', '35818774', 56, 13080),
(2215, 'sebastian', 'loncon', '35817841', 56, 13083),
(2216, 'carlos jonathan', 'soto paredes', '35818000', 56, 13084),
(2217, 'jonathan david ', 'lemunao', '36809369', 202, 12869),
(2218, 'sergio osvaldo', 'bravo', '34019716', 18, 13081),
(2219, 'carlos nicolas', 'rio', '34348946', 56, 13082),
(2220, 'humberto matias', 'ojeda catalan', '35074688', 69, 13086),
(2221, 'carlos salvador', 'parra', '33984519', 56, 13076),
(2222, 'sandy lorena', 'sandoval', '23997712', 90, 12700),
(2223, 'maria victoria', 'olvar', '28932660', 90, 12790),
(2224, 'valeria de las nieves', 'iba', '30874938', 207, 12688),
(2225, 'nestor', 'mancilla', '36352681', 202, 13078),
(2226, 'pablo', 'mattioli', '27340367', 90, 13054),
(2227, 'gisella edith', 'roa', '33387233', 14, 12548),
(2228, 'victor manuel', 'asencio', '33205542', 14, 12570),
(2229, 'maria paula', 'sosa pozas', '34666503', 14, 12549),
(2230, 'debora roxana', 'uma', '32574475', 79, 12569),
(2231, 'rojelio andres', 'rojas', '23299344', 41, 1251),
(2232, 'fabio alejandro', 'royer', '22832949', 90, 13153),
(2233, 'eliecer antonio', 'jara', '17061867', 206, 13154),
(2234, 'fabiana', 'del castillo', '24095904', 62, 11530),
(2235, 'luis', 'santana', '13144430', 29, 20610),
(2236, 'jos', 'cardenas', '35818584', 56, 13077),
(2237, 'jonathan', 'orrego', '35818222', 29, 12304),
(2238, 'german', 'vega', '23343245', 90, 11978),
(2239, 'sara beatriz', 'cornejo', '17936153', 66, 1529),
(2240, 'susana elizabeth', 'marin', '25402574', 144, 372),
(2241, 'patricia e.', 'parra', '25786417', 11, 805),
(2242, 'alicia', 'hernandez', '13989626', 11, 1544),
(2243, 'pablo ezequiel g.', 'romero', '31014026', 81, 12802),
(2244, 'luis octavio', 'neculman', '37099766', 144, 12799),
(2245, 'roberto ariel', 'sandoval', '35077084', 81, 12805),
(2246, 'dalia anahi', 'hernandez', '26645918', 14, 616),
(2247, 'claudia esther', 'marin', '22122536', 66, 1551),
(2248, 'norma beatriz', 'rios', '21389054', 66, 11595),
(2249, 'andrea viviana', 'ranquehue', '21780302', 9160, 13073),
(2250, 'nadia soledad', 'carrazana dupre', '30855069', 145, 11833),
(2251, 'armando matias', 'montiveros', '27922968', 9181, 12173),
(2252, 'andrea valeria', 'lavagnino', '33387328', 69, 12698),
(2253, 'hector teodoro', 'cardenas', '10675611', 84, 20118),
(2254, 'ernesto orlando', 'bonnefoy', '25115666', 69, 11760),
(2255, 'silvia irene', 'napal', '33658493', 144, 12806),
(2256, 'roxana n.', 'amu', '27489223', 145, 11005),
(2257, 'mirta veronica', 'diaz', '33280103', 110, 12530),
(2258, 'marcos nicanor', 'aguirre', '35593875', 144, 12803),
(2259, 'alejandro maximiliano', 'alvarado', '28932684', 155, 12796),
(2260, 'malen celeste', 'castro', '31943411', 144, 12798),
(2261, 'yolanda beatriz', 'salinas', '22478122', 66, 11188),
(2262, 'hector l.', 'campos', '26916296', 9160, 21423),
(2263, 'oscar andres', 'rojas quintanilla', '26872710', 73, 12777),
(2264, 'jessica gabriela', 'cornelio', '33660127', 157, 12630),
(2265, 'roxana paola', 'arriagada', '26081533', 79, 12026),
(2266, 'jorge gabriel', 'valla', '22124447', 82, 11165),
(2267, ' andres', 'deassis ', '22466878', 9181, 12165),
(2268, 'juan ramon', 'torres canales', '27489096', 9181, 12676),
(2269, 'silvia patricia', 'barbero', '16220771', 207, 12191),
(2270, 'lorena noemi', 'pieroni', '23632756', 9160, 13072),
(2271, 'silvia d.', 'diaz', '12157282', 11, 545),
(2272, 'ana alicia', 'vidal', '11345962', 66, 1633),
(2273, 'daniela p.', 'carriqueo', '31351114', 144, 12801),
(2274, 'maria paula', 'salas', '25402674', 66, 1806),
(2275, 'norma e.', 'mitri', '17061648', 9180, 649),
(2276, 'elvecia c.', 'wodicka', '11846507', 66, 705),
(2277, 'roberto', 'bordon', '20855104', 1, 13144),
(2278, 'miriam daniela', 'huentenao', '27031913', 51, 11630),
(2279, 'maria del carmen', 'blanda', '14547999', 41, 1833),
(2280, 'maria del carmen', 'qui', '26702913', 66, 1839),
(2281, 'vanesa', 'nu', '29165721', 70, 21436),
(2282, 'alberto a.', 'westermeier f.', '32020751', 110, 11896),
(2283, 'maria sol', 'bonangelino', '26046691', 143, 11905),
(2284, 'dario ma.', 'valdebenito neira', '93532215', 145, 12775),
(2285, 'pablo', 'pacheco', '30479559', 110, 20249),
(2286, 'celeste ', 'perez', '26458219', 77, 13192),
(2287, 'anabel alejandra', 'cano', '27503579', 11, 11366),
(2288, 'silvia e.', 'cabrera', '33205703', 69, 785),
(2289, 'luis gerardo', 'dominguez', '28932652', 142, 12580),
(2290, 'luciana g.', 'arriagada v.', '30784047', 11, 12344),
(2291, 'maria elena', 'guajardo', '17451209', 110, 12564),
(2292, 'tomas a.', 'lefemel', '35593991', 9, 12678),
(2293, 'isabelina', 'castro', '17473243', 90, 8621),
(2294, 'maria fernanda', 'villa', '40322993', 93, 12847),
(2295, 'paola alejandra', 'marin', '28812255', 157, 12797),
(2296, 'miguel angel', 'vargas', '13989593', 69, 11381),
(2297, 'rosario', 'armas', '25965198', 93, 13102),
(2298, 'carlos f', 'nu', '13144094', 56, 12166),
(2299, 'hector m.', 'justiniano', '22039596', 110, 1569),
(2300, 'hugo h', 'galvan', '25964644', 110, 12105),
(2301, 'graciela paula', 'rosales', '21386401', 66, 21620),
(2302, 'maria del', 'huircain', '18304833', 9160, 187),
(2303, 'ethel maria', 'alegre', '23162410', 11, 11528),
(2304, 'norma l.', 'valdebenito', '11581125', 90, 11369),
(2305, 'alfredo toamas', 'godoy', '13563603', 90, 12366),
(2306, 'daniel horacio', 'calfunao', '31515609', 110, 11266),
(2307, 'blanca del carmen', 'lemunao', '20370476', 140, 11370),
(2308, 'maria rosa', 'centeno', '12715173', 25, 13179),
(2309, 'anne irene', 'karakachoff', '36868198', 14, 13175),
(2310, 'julian roberto', 'piaggio', '20186741', 110, 12782),
(2311, 'teresita', 'leonfanti', '28864452', 116, 12136),
(2312, 'yamila', 'van der ploeg', '32997359', 110, 12260),
(2313, 'olga margarita', 'aranda', '18493537', 69, 12691),
(2314, 'daniel alejandro', 'marin', '28212719', 29, 12547),
(2315, 'victor andres', 'cardenas', '33488795', 142, 13079),
(2316, 'maria fernanda', 'alonso', '23033249', 153, 12787),
(2317, 'geraldine', 'popovski', '25704430', 90, 12991),
(2318, 'maria ester', 'ojeda', '13989397', 66, 20478),
(2319, 'no corresponde ', 'no corresponde', '13144258', 144, 21377),
(2320, 'mercedes soledad', 'cifuentes', '35818626', 157, 13071),
(2321, 'erulinda ', 'leuful', '13803192', 110, 11404),
(2322, 'emiliano', 'candino eggui', '32699503', 110, 12118),
(2323, 'maria', 'huaiquil', '32213443', 110, 12383),
(2324, 'daniel oscar', 'ljungberg', '29280416', 110, 278),
(2325, 'fernando', 'morales', '24721579', 110, 12588),
(2326, 'claudio andres', 'zuñiga', '25402573', 110, 466),
(2327, 'guillermina', 'vega', '34347320', 144, 12810),
(2328, 'marta', 'ulecia ', '24828730', 9, 11535),
(2329, 'rosa emma', 'meli', '16693558', 69, 11377),
(2330, 'erica mabel', 'barria', '28932597', 116, 240),
(2331, 'nestor luis ', 'irrazabal', '33658369', 110, 13142),
(2332, 'leandro miguel', 'panes', '29280456', 110, 11268),
(2333, 'alejandra belen', 'crespo', '35818841', 110, 12654),
(2334, 'ruben norberto', 'pichunlef', '17336992', 143, 457),
(2335, 'lilian elizabeth', 'baroni', '24396271', 93, 13224),
(2336, 'tomas omar', 'quinteros', '17336658', 81, 20507),
(2337, 'jorge hugo ', 'chiguay', '13144258', 82, 21733),
(2338, 'mario alonso ', 'flandez mu', '92847279', 144, 11145),
(2339, 'noem', 'paillalef', '28213003', 90, 13016),
(2340, 'ramon', 'diaz', '29941272', 110, 11289),
(2341, 'alicia viviana', 'chavez', '27170928', 11, 611),
(2342, 'ana paula', 'oyarzo', '34666948', 110, 12229),
(2343, 'sonia anast.', 'senss freese', '22836831', 90, 20479),
(2344, 'raul horacio', 'stagnano', '11408012', 129, 21880),
(2345, 'maria soledad', 'huentequeo', '30883596', 110, 13226),
(2346, 'luis', 'da silva evora', '10985623', 87, 20321),
(2347, 'hector hernan', 'ferreyra', '25496305', 110, 13227),
(2348, 'maria magdalena', 'cotaro', '11846228', 11, 11367),
(2349, 'jose luis', 'gamin', '0', 9181, 12171);
INSERT INTO `empleados` (`id_empleado`, `nombre`, `apellido`, `documento`, `fk_area`, `legajo`) VALUES
(2350, 'matias mariano', 'grande', '31943012', 143, 11415),
(2351, 'luis adolfo', 'piedrabuena', '30391634', 38, 13244),
(2352, 'andrea fabiana', 'villalobos', '27520443', 144, 12800),
(2353, 'hector segundo', 'carrasco cardenas', '92766787', 9181, 12679),
(2354, 'celeste elizabeth', 'pardo', '34667762', 14, 13260),
(2355, 'federika', 'glynn', '36086105', 14, 12545),
(2356, 'maria del sol', 'grumt', '37099880', 14, 13258),
(2357, 'camila celeste', 'iarlori', '38091869', 14, 13259),
(2358, 'victor ivan', 'mancilla', '33387130', 58, 13256),
(2359, 'zulma adriana', 'qui', '28236915', 66, 13017),
(2360, 'maria eugenia', 'gelves', '30133992', 9177, 13245),
(2361, 'maria de las nieves', 'tranamil', '22495179', 51, 11627),
(2362, 'benito gregorio', 'millapi', '14519448', 9181, 12248),
(2363, 'laura', 'blasquiz', '28932897', 116, 13261),
(2364, 'maria celeste', 'vilar', '32152080', 145, 11456),
(2365, 'roque', 'casta', '11161037', 90, 11363),
(2366, 'marina elizabeth', 'diaz velazquez', '92863009', 90, 11368),
(2367, 'valeria fernanda', 'perez', '25824657', 93, 21881),
(2368, 'ramon oscar ', 'melgarejo', '4583139', 110, 21518),
(2369, 'samuel alejandro', 'lizana gonzalez', '92508520', 82, 11158),
(2370, 'carlos javier', 'maldonado', '24557071', 142, 13266),
(2371, 'maria', 'matoschowsky', '13989372', 94, 13185),
(2372, 'walter alejandro', 'ñancocheo', '25599732', 9181, 11496),
(2373, 'viviana', 'sueldo', '17009400', 129, 13190),
(2374, 'ruben humberto', 'caquis', '21388907', 110, 12209),
(2375, 'carlos enrique', 'martinez', '32574868', 129, 13177),
(2376, 'ramiro', 'peralta ramos', '23549261', 73, 13178),
(2377, 'ruben f.', 'quijada', '25599837', 9181, 12192),
(2378, 'debora e.', 'bietti', '20679289', 157, 11948),
(2379, 'mirian jessica', 'alca', '31244529', 90, 13246),
(2380, 'cintia yanina', 'alvarado', '30479885', 143, 11904),
(2381, 'edgardo adan', 'santiba', '27436574', 69, 12632),
(2382, 'claudio luis', 'bio', '21518503', 110, 11840),
(2383, 'jose antonio', 'arpires', '21927843', 56, 12174),
(2384, 'olga ester', 'bahamonde', '23997894', 90, 13247),
(2385, 'hernan edgardo', 'chavez ancalao', '23445021', 51, 12652),
(2386, 'fabian alejandro', 'arteaga molina', '33659863', 152, 11623),
(2387, 'alberto gabriel', 'gonzalez', '17242489', 51, 11621),
(2388, 'jacqueline de lourdes', 'ascencio obando', '92868595', 9166, 12084),
(2389, 'eduardo', 'qui', '28812130', 9181, 11624),
(2390, 'tatiana', 'perez ferreria', '32056362', 145, 11843),
(2391, 'maria soledad', 'anselmi', '22737105', 73, 13090),
(2392, 'raquel a. ', 'pereira pereira', '92696440', 69, 660),
(2393, 'diego e.', 'gonzalez', '21506587', 110, 473),
(2394, 'felipe', 'zachara', '27908190', 110, 12599),
(2395, 'viviana', 'gelain', '13989299', 129, 11790),
(2396, 'jorge', 'aranda', '13714019', 82, 20567),
(2397, ' juan pablo', 'frattini', '29280060', 93, 13282),
(2398, 'roberto david', 'quijada', '28212843', 9181, 12170),
(2399, 'carlos maria', 'sanchez y puente', '24710513', 129, 13182),
(2400, 'nancy noemi', 'sanchez', '24828508', 129, 13180),
(2401, 'roberto miguel', 'romero', '23997882', 9181, 21695),
(2402, 'pedro alberto', 'tripoli', '22495130', 129, 13176),
(2403, 'jose martin', 'seguel', '25383364', 51, 12780),
(2404, 'andres a.', 'colinamon', '23883809', 69, 21730),
(2405, 'victor alejandro ', 'aro', '30479587', 56, 12633),
(2406, 'claudio', 'luengo', '25599677', 9181, 12650),
(2407, 'nestor javier', 'hernandez', '27965314', 51, 12680),
(2408, 'francisco eduardo', 'toledo', '23286878', 51, 12163),
(2409, 'pablo martin', 'chodilef', '35593198', 9, 12677),
(2410, 'erwin cristian', 'aravena', '27255101', 51, 11625),
(2411, 'andrea aylen ', 'almonacid trossi', '37763465', 152, 13316),
(2412, 'martin augusto', 'grieco', '30269460', 110, 13117),
(2413, 'pablo christian', 'gabi', '22654063', 110, 11015),
(2414, 'manuel francisco', 'calfunao', '29583930', 9181, 13301),
(2415, 'brenda', 'rubbo', '35593515', 110, 12629),
(2416, 'karina rosana', 'barbagelata', '29941091', 90, 11278),
(2417, 'mar', 'vi', '30392042', 66, 13303),
(2418, 'jemina yanet', 'railaf', '33314995', 153, 12726),
(2419, 'gabino', 'mar', '28213173', 9181, 12635),
(2420, 'jose angel', 'mamonde', '11846514', 145, 11400),
(2421, 'rodolfo cesar', 'velasco', '16593003', 110, 11645),
(2422, 'gustavo', 'painefil', '23831101', 9181, 12651),
(2423, 'luis aureliano', 'nieto', '11221985', 56, 20322),
(2424, 'rafael', 'bargiela', '27255192', 69, 12558),
(2425, 'romina giselle', 'petroff', '30784448', 66, 13302),
(2426, 'eulogio celestino ', 'quijada', '21390232', 51, 12169),
(2427, 'julio cesar', 'carrasco', '8214949', 69, 13004),
(2428, 'jose ignacio', 'santos', '37254003', 77, 12722),
(2429, 'luis antonio', 'villarroel contreras', '27965571', 101, 135553),
(2430, 'gustavo adrian', 'diaz', '36252788', 208, 13289),
(2431, 'luis antonio', 'villarroel contreras', '27965571', 101, 13553),
(2432, 'diego', 'caro', '24469600', 129, 13181),
(2433, 'eduardo javier', 'bonnefoi', '26387593', 9181, 11622),
(2434, 'mercedes', 'rodriguez traba', '25937408', 143, 13294),
(2435, 'cristian fabian', 'catrilef', '34292661', 9181, 13305),
(2436, 'facundo', 'bargela', '33034258', 9181, 12581),
(2437, 'maria sol', 'sanchez tamer', '32699716', 90, 13324),
(2438, 'carlos hector', 'namor', '22118363', 56, 12675),
(2439, 'raquel noemi', 'qui', '27407134', 69, 12359),
(2440, 'juan  francisco', 'villa', '23172850', 208, 12903),
(2441, 'carolina', 'sanchez novelli', '30784411', 9159, 13291),
(2442, 'eduardo', 'seguel', '16392597', 9181, 13300),
(2443, 'javier', 'pavlovcic', '35593272', 14, 13310),
(2444, 'soledad natalia', 'carnevale', '25878415', 14, 13311),
(2445, 'luis', 'piedra buena', '30391634', 38, 13249),
(2446, 'matias daniel', 'pellegrini', '34666636', 9, 13189),
(2447, 'juan luis', 'oyarzo ojeda', '92232631', 69, 13306),
(2448, 'miguel', 'nitzche', '12164750', 143, 20130),
(2449, 'alicia fernanda', 'rodriguez', '33205534', 9159, 13317),
(2450, 'guadalupe', 'candia', '33618671', 11, 13287),
(2451, 'antonio javier', 'de gasperi', '28421020', 116, 13359),
(2452, ' maria laura', 'ferman', '27489044', 116, 13360),
(2453, 'antonio mario', 'lopez higuera', '30874712', 9181, 13299),
(2454, 'andrea ', 'epulef', '28236684', 129, 13293),
(2455, 'nadia belen', 'sanchez', '35818762', 90, 13563),
(2456, 'saavedra', 'maria emilia', '11091821', 110, 20126),
(2457, 'carlos ', 'carballo', '26349168', 51, 13292),
(2458, 'ricardo', 'dossetto', '22843583', 110, 13338),
(2459, 'maria eugenia', 'galeano liendo', '18537593', 155, 13615),
(2460, 'hugo americo', 'miguel', '26645822', 56, 12874),
(2461, 'fernando', 'punciolo', '27193456', 110, 11964),
(2462, 'maria teresa', 'vazquez gatica', '18853065', 90, 13617),
(2463, 'karina  fabiola', 'delgado  alarcon', '30134356', 90, 13579),
(2464, 'nadia victoria', 'vera', '37364677', 93, 13622),
(2465, 'maria cristina ', 'gauna', '13144448', 110, 553),
(2466, 'marcelo javier', 'ochova', '17446211', 110, 11013),
(2467, 'maria belen', 'boglione', '34123099', 110, 13568),
(2468, 'luis alberto', 'quesada', '29941183', 110, 13354),
(2469, 'christian', 'muttoni', '33295191', 14, 13309),
(2470, 'sabrina andrea', 'salva', '30391659', 204, 13366),
(2471, 'damian ignacio', 'vicentini', '22729703', 110, 12140),
(2472, 'silvia griselda', 'farre', '16622041', 110, 12783),
(2473, 'maria mercedes', 'cattenazzi', '28577445', 110, 13560),
(2474, 'ticiana alejandra ', 'coianis', '32655594', 110, 13278),
(2475, 'diego alejandro', 'vega', '24776361', 110, 11431),
(2476, 'exequiel', 'alvarado', '33205618', 110, 12232),
(2477, 'ignacio alfredo', 'fager', '34573356', 110, 12373),
(2478, 'flavia', 'bertolo', '32320945', 206, 13367),
(2479, 'mirta viviana', 'olivero', '17318880', 90, 13384),
(2480, 'alejandra', 'sfregola', '2040320', 90, 13372),
(2481, 'maria guillermina', 'gonzalez', '18560301', 90, 13668),
(2482, 'daiana malen', 'brusain pizzo', '34128545', 14, 13392),
(2483, 'jose maria ', 'zalazar', '33660082', 81, 13365),
(2484, 'alejandro victor', 'gutierrez', '16917158', 116, 13390),
(2485, 'cristian daniel', 'alarcon', '35594981', 157, 13371),
(2486, 'esteban ariel', 'picuntureo', '34666816', 29, 20002),
(2487, 'javier andres', 'pincheira', '31551987', 29, 13370),
(2488, 'matias julian', 'leiva', '24021670', 56, 13386),
(2489, 'oscar raul', 'rivera', '28236523', 56, 13385),
(2490, 'roberto enrique', 'chavez ancalao', '23997646', 56, 13388),
(2491, 'fernando miguel', 'sepulveda', '37365509', 56, 13387),
(2492, 'eduardo ariel', 'fernandez', '21702283', 206, 21684),
(2493, 'maria silvana', 'tellez', '32699763', 11, 13373),
(2494, 'agostina ayelen ', 'alvarado', '37949465', 90, 13374),
(2495, 'romina lorena', 'abarzua', '28577433', 116, 13395),
(2496, 'carla luciana', 'curtosi', '37986166', 14, 13394),
(2497, 'carolina', 'rios', '35246349', 116, 13393),
(2498, 'vesna', 'vukojevic', '18808167', 14, 13391),
(2499, 'alejandro agustin ', 'gachter', '26951577', 116, 13401),
(2500, 'barbara', 'marigo', '24828796', 116, 12129),
(2501, 'juan ignacio', 'beltran', '29235423', 110, 13355),
(2502, 'roberto javier', 'silva', '31244571', 90, 13286),
(2503, 'maria del rosario', 'neme', '33150470', 90, 13389),
(2504, 'veronica ayelen', 'ruiz', '35074811', 90, 13364),
(2505, 'veronica samanta', 'gui', '31729671', 90, 13637),
(2506, 'juan lucas', 'miguel', '32573991', 101, 13312),
(2507, 'sosa', 'eliana', '31943197', 145, 13564),
(2508, 'pablo miguel', 'risso', '18248066', 161, 13672),
(2509, 'monica cecilia', 'gonzalez', '28487688', 161, 13677),
(2510, ' jesus', 'cortez', '32473635', 145, 12113),
(2511, 'juan de dios', 'mesa', '32574501', 81, 13313),
(2512, ' virginia', 'cayun', '28000179', 73, 13103),
(2513, 'nestor hugo', 'colipi', '35594429', 56, 13685),
(2514, 'diego fernando', 'velasquez', '37763517', 56, 13686),
(2515, 'emanuel omar', 'raimil', '38091055', 56, 13684),
(2516, 'luis gabriel', 'grande', '27406522', 90, 11807),
(2517, 'nadia', 'marin', '30391755', 90, 13691),
(2518, 'graciela belen', 'natalio', '34666921', 90, 13693),
(2519, 'agustin', 'rodriguez', '32574376', 101, 13368),
(2520, 'marina de las nieves', 'cornelio', '29941271', 90, 13598),
(2521, 'alfa lihue ', 'vizcaino', '28160392', 143, 13636),
(2522, 'luis alberto', 'chavez chavez', '94124930', 143, 13687),
(2523, 'ricardo fabian', 'carabajal', '20001069', 143, 13688),
(2524, 'laura', 'venosi sgrablich', '31270008', 143, 13682),
(2525, 'mara', 'martinez villa', '32392053', 90, 13667),
(2526, 'daniela magal', 'zuckermann', '31303803', 90, 13695),
(2527, 'carolina', 'carbonaro golan', '30744044', 90, 13694),
(2528, 'gustavo', 'colipi', '37099567', 101, 13369),
(2529, 'ariel', 'sanfilippo', '21388814', 101, 13362),
(2530, 'damian', 'latorre', '29126053', 101, 13697),
(2531, 'cristian lujan', 'aravena', '29429772', 90, 12065),
(2532, 'pablo', 'pacheco', '30479559', 110, 11447),
(2533, 'gustavo ariel', 'schulmaister', '31083681', 61, 13713),
(2534, 'javier teofilo', 'vasquez', '22549232', 206, 11813),
(2535, 'sergio dante', 'troncoso', '30047014', 14, 13704),
(2536, 'ana valeria', 'villar', '16806042', 14, 13703),
(2537, 'salas lastra', 'maria paz', '93699285', 90, 13690),
(2538, 'leonardo fabio', 'roa', '35168784', 101, 12623),
(2539, 'esteban', 'qui', '37099785', 101, 13712),
(2540, 'federico ', 'palma', '37025721', 69, 13707),
(2541, 'juan manuel', 'castro', '37099534', 69, 13709),
(2542, 'adriana marilin', 'san martin', '35074860', 90, 13679),
(2543, 'noelia ayelen', 'inalaf', '34485402', 9170, 13717),
(2544, 'lucas emanuel', 'figueroa', '39354046', 202, 13784),
(2545, 'lucas josue', 'martinez', '38091216', 202, 13785),
(2546, 'pedro isaias', 'antunao', '37364294', 202, 13779),
(2547, 'joan isaac', 'parra', '26353167', 202, 13777),
(2548, 'andrea fernanda', 'juarez', '23138708', 143, 13689),
(2549, 'rodrigo matias', 'ruiz', '35818400', 61, 12667),
(2550, 'aldo geronimo', 'ñancufil', '29165730', 61, 13782),
(2551, 'matias ezequiel', 'sanchez', '35818753', 61, 13426),
(2552, 'brenda  veronica', 'balboa', '30234703', 9160, 13716),
(2553, 'ignacio ', 'sagardoy', '30439986', 9171, 12586),
(2554, ' mariano andres ', 'gibert', '28236844', 153, 13788),
(2555, 'raul daniel', 'alvarez covarrubias', '31943461', 38, 13792),
(2556, 'luis alberto', 'sanchez', '13144423', 206, 13113),
(2557, 'laura alejandra ', 'valeo', '22542998', 9163, 13805),
(2558, 'paula ', 'martin', '25115709', 157, 13152),
(2559, 'sandro alfredo', 'casta', '37365187', 77, 13711),
(2560, 'arturo nicolas', 'marabol', '27489003', 60, 13806),
(2561, 'villarroel', 'iris lorena', '26872724', 9160, 11794),
(2562, 'joaquin heraldo', 'bascurt borquez', '37364830', 77, 13715),
(2563, 'belisario daniel', 'orosco', '35818514', 77, 13714),
(2564, 'luis alberto', 'chodilef', '34666718', 145, 12858),
(2565, 'alejandra beatriz ', 'benitez', '18318151', 93, 13108),
(2566, ' juan ignacio ', 'ivanissevich', '31930789', 116, 13780),
(2567, 'ariel federico', 'sanders', '26046311', 162, 13812),
(2568, 'javier damian ', 'vera ', '30875030', 9162, 13733),
(2569, 'marisa', 'dezotti', '21805828', 14, 13722),
(2570, 'camila elena ', 'zalesky', '32578308', 119, 13828),
(2571, 'carina ', 'failoni', '18587379', 14, 13720),
(2572, 'julieta', 'lodi', '35593153', 14, 13719),
(2573, ' lorena cecilia mendez', 'mendez', '34666960', 119, 13825),
(2574, 'alejandro', 'magenschab', '29583815', 14, 13718),
(2575, 'nestor daniel', 'cuello', '18252048', 97, 13602),
(2576, 'medina', 'valeriaivana', '28812123', 9160, 13683),
(2577, 'emiliano', 'medina', '25674568', 161, 13829),
(2578, 'pereira ', 'marcela fabiana', '33205741', 9165, 13830),
(2579, ' juan ignacio', 'rodriguez eugui', '28129686', 156, 13824),
(2580, 'paula maria', 'barberis', '25772475', 9160, 13833),
(2581, 'zottelle ', 'allende alberto', '8266900', 153, 12035),
(2582, ' diego agustin ', 'catricheo', '35594793', 110, 13787),
(2583, 'nestor dario', 'chaves', '32213422', 110, 13783),
(2584, 'maria ines', 'sapei', '25196201', 9160, 13822),
(2585, 'maria ines', 'sapei', '25196201', 9160, 13832),
(2586, 'javier', 'velazquez hernandez ', '33660116', 9162, 13732),
(2587, 'jorge ariel ', 'quilaleo', '37364872', 9162, 13308),
(2588, ' braian hernan ', 'velasquez', '36352887', 110, 13706),
(2589, 'gustavo ramon', 'guajardo', '22743832', 208, 13861),
(2590, 'rodrigo david', 'alvarado', '36352383', 208, 13863),
(2591, 'daniel alejandro', 'rojas', '37949758', 208, 13864),
(2592, 'claudia solange', 'achon seifert', '21723739', 62, 90030),
(2593, 'ian vladimir', 'arias', '34721623', 9165, 90022),
(2594, 'julieta macarena', 'asencio', '37763793', 9160, 90025),
(2595, 'paula maria', 'barberis', '25772475', 9160, 90028),
(2596, 'marcos', 'pavon', '34019840', 9162, 13705),
(2597, 'vanina laura', 'wiman', '26801723', 89, 13838),
(2598, ' marina virginia ', 'martinelli', '24220116', 110, 13566),
(2599, ' jonatan ', 'marin', '34714417', 110, 13332),
(2600, 'tatiana soledad', 'barrera rivas', '35818143', 34, 90021),
(2601, 'nadia veronica', 'bruni', '33283242', 9160, 90039),
(2602, 'guadalupe', 'barria', '37949956', 9160, 90032),
(2603, 'maria roberta', 'capretti', '36172483', 9160, 90031),
(2604, 'debora ines', 'cordoba', '35818204', 9160, 90034),
(2605, 'mariana', 'garcia', '35593498', 119, 90008),
(2606, 'noemi cecilia', 'gonzalez cid', '34714540', 9173, 90050),
(2607, 'victoria', 'iglesias', '30719015', 9160, 90040),
(2608, 'carolina giselle', 'lagarrigue', '30979941', 70, 90042),
(2609, 'miriam elisabeth', 'llanquinao', '32574756', 119, 90023),
(2610, 'luna belen', 'mansilla', '35596550', 9165, 90018),
(2611, 'daniela', 'marquez', '35440717', 9165, 90051),
(2612, 'ariel ivan', 'miranda', '25620418', 9160, 90024),
(2613, 'natalia elisa', 'pereira', '32574014', 9160, 90036),
(2614, 'maria de las nieves', 'pu', '32320924', 108, 90005),
(2615, 'ana belen', 'ramirez', '35594144', 9160, 90027),
(2616, 'maria ayelen', 'santamarina', '37843908', 79, 90055),
(2617, 'sofia ariadna', 'sendyk', '36170369', 9160, 90033),
(2618, 'alejandro', 'spoturno ghermandi', '29280304', 9160, 90029),
(2619, 'nihuel agustin', 'straini', '36054686', 9160, 90035),
(2620, 'ricardo alfonso', 'vasquez ruiz', '33659936', 9160, 90026),
(2621, 'monica', 'vega', '18140828', 153, 11962),
(2622, 'raquel de los angeles', 'cobos casimiro', '36047805', 9173, 90056),
(2623, 'jonatan ', 'gallardo', '33918070', 153, 20009),
(2624, 'belen', 'rodriguez', '35074882', 153, 13860),
(2625, 'natalia laura', 'titerman espi', '34374208', 18, 90057),
(2626, 'carla judith', 'rivera', '35656124', 18, 90058),
(2627, 'patricia alejandra', 'quilodran', '29794210', 119, 90004),
(2628, 'sofia lujan', 'crosta', '36214994', 119, 90012),
(2629, 'gisella alejandra', 'antimilla', '35817464', 32, 90044),
(2630, 'ana luz', 'aravena', '32056316', 9170, 90054),
(2631, 'hernan pablo', 'barabaschi', '29595020', 9170, 90052),
(2632, 'celina ayelen', 'barria', '27489241', 119, 90006),
(2633, 'johana cristina', 'bernardino', '35594197', 32, 90041),
(2634, 'berenci', 'bustamante alvarado', '30578152', 119, 90011),
(2635, 'mauricio alexis', 'caupan', '30134287', 9168, 90017),
(2636, 'fernando', 'escobar martinez', '37378747', 79, 90043),
(2637, 'oriana rocio', 'irulegui', '37744170', 9170, 90053),
(2638, 'maria ines', 'leszczynski', '30784045', 9170, 90048),
(2639, 'cintia valeria soledad', 'lopez', '29863556', 9160, 90010),
(2640, 'matias alberto', 'maldonado', '33387108', 39, 90046),
(2641, 'mariano', 'paillalef', '33659906', 79, 90047),
(2642, 'mauro', 'ceballos', '26019834', 60, 13206),
(2643, 'cintia carolina', 'oliva', '32586345', 140, 13827),
(2644, 'dante tulio', 'barrientos', '12679754', 9162, 20529),
(2645, 'matias quimey', 'vella', '31943340', 9162, 13141),
(2646, 'eric ulises', 'herrero dorscht', '34292735', 93, 13869),
(2647, 'marina', 'gomez', '26811550', 9162, 12239),
(2648, 'lukas', 'morales', '37364589', 9162, 13139),
(2649, 'luis oscar', 'molina', '28550685', 56, 12827),
(2650, 'jhonatan ariel', 'marquez', '40321675', 56, 13866),
(2651, 'roberto', 'inostroza', '37949801', 56, 13868),
(2652, 'leandro gabriel', 'candia', '38091164', 56, 13867),
(2653, 'matias ', 'molina ', '34975683', 9162, 13810),
(2654, 'gustavo', 'contin', '13048966', 76, 13225),
(2655, 'romina soledad', 'spaciuk', '37949438', 36, 90059),
(2656, 'veronica julieta', 'ñancufil', '38091176', 9168, 90060),
(2657, 'vanesa lorena', 'noves', '31943201', 36, 90061),
(2658, 'miryam alejandra', 'riquelme', '24260151', 62, 13701),
(2659, 'fernando rafael', 'suarez', '27787787', 110, 11846),
(2660, 'andrea', 'mancilla  guzman', '35594430', 62, 13831),
(2661, 'victor oscar', 'cabral', '16052710', 145, 13807),
(2662, 'maria fernanda', 'alvarado', '28236858', 9160, 13862),
(2663, 'laura elena', 'rovina', '17337950', 9162, 13696),
(2664, 'maria fabiola', 'scandroglio', '20036532', 93, 12145),
(2665, 'maria fabiola ', 'scandroglio', '20036532', 93, 12415),
(2666, 'jorge luis', 'gusman', '18159866', 9160, 13210),
(2667, 'claudia', 'espinoza', '16779942', 9162, 13111),
(2668, 'eduardo juan', 'cayul', '39584686', 202, 13934),
(2669, ' maia', 'rodriguez severino', '37364229', 145, 13559),
(2670, 'gabriel', 'saez', '24078702', 9162, 13669),
(2671, 'lucia', 'omaechevarria', '35171847', 14, 13315),
(2672, 'juan pablo ferrari callegher ', 'juan pablo ferrari callegher ', '25154229', 9162, 13859),
(2673, 'lourdes', 'carballo', '22547646', 9162, 13809),
(2674, 'tania noelia', 'mu', '31737905', 9162, 13814),
(2675, 'claudia', 'claudia repossini', '13989351', 9162, 11206),
(2676, 'martin ', 'gonzalez', '36600080', 9162, 13813),
(2677, 'laura agustina', 'gutierrez', '30133209', 9162, 13336),
(2678, 'sergio emanuel', 'curipan', '36352935', 9171, 13628),
(2679, 'esteban', 'cabello', '23174457', 143, 13933),
(2680, 'lamuniere', 'daniel alejandro ', '25196849', 9162, 13890),
(2681, 'camila daniela', 'de domingo', '34666535', 9160, 13865),
(2682, 'sabrina ines', 'bossa ', '26691502', 145, 13569),
(2683, 'alejandro', 'rai', '29863671', 145, 11676),
(2684, 'agustin', 'gonzalez', '32907348', 145, 13879),
(2685, 'rindolfo', 'ruiz', '20234439', 9160, 13968),
(2686, 'raul ismael', 'alvarez', '40321391', 202, 13992),
(2687, 'guillermo jose', 'savarese', '0', 110, 12103),
(2688, 'antonio nicolas', 'miranda', '37099492', 202, 14033),
(2689, 'victoria', 'iglesias', '30719015', 9160, 14061),
(2690, 'enrique javier', 'inalaf', '34787318', 201, 14032),
(2691, 'fabrizio enrico ', 'liberati  ', '17117651', 110, 13321),
(2692, 'silvia margarita ', 'galaz', '38789929', 116, 14025),
(2693, 'luciana', 'cavallini', '32318330', 110, 12092),
(2694, 'roberto', 'estrada', '18128443', 110, 13776),
(2695, 'ailin ayelen', 'moreno bedini  ', '31796667', 116, 14024),
(2696, ' javier andres', 'curipan', '23299439', 116, 14026),
(2697, 'veronica andrea', 'huentenao  ', '37364741', 116, 90062),
(2698, ' juan ramon', 'mendez', '39075347', 108, 90066),
(2699, 'maria belen ', 'irazoqui', '32237666', 9160, 14035),
(2700, ' maria de los angeles', 'pizarro ', '25725526', 116, 90063),
(2701, ' ramiro gabriel ', 'batalla lopez', '30495897', 110, 12559),
(2702, ' florencia ', 'fioramanti bertazzo', '37862106', 116, 90064),
(2703, 'ariel', 'gonzalez', '33280280', 160, 13618),
(2704, 'andrea claudia', 'guerra', '16684517', 144, 90069),
(2705, 'hugo manuel', 'carrera', '32699864', 9162, 13326),
(2706, 'silvia monica', 'kleber', '12892562', 14, 13912),
(2707, ' jesica isabel ', 'sarmiento', '34019501', 116, 90065),
(2708, 'gonzalo', 'mancilla zenteno', '26349204', 61, 14065),
(2709, ' javier ignacio ', 'cardenas', '35817496', 202, 14081),
(2710, 'gustavo sebastian ', 'etchepare', '37365414', 202, 14080),
(2711, 'leonardo fabio ', 'anaya', '35818401', 58, 14083),
(2712, 'santiago', 'marrodan', '32859138', 9162, 13730),
(2713, 'maria regina', 'stacco', '20422738', 9160, 13914),
(2714, 'maximiliano', 'iturra', '35817127', 101, 14105),
(2715, ' luciano gabriel ', 'alcaraz', '36809494', 208, 14107),
(2716, 'berlamino eduardo ', 'san martin', '16392666', 61, 14114),
(2717, 'dario manuel', 'zambrano', '37763807', 61, 14082),
(2718, 'jose farid', 'aviles', '35818148', 56, 14113),
(2719, ' jonathan eduardo', 'painefil', '37365067', 110, 14021),
(2720, ' celeste veronica', 'navarro', '30217222', 116, 14121),
(2721, 'valeria ana ', 'bran', '29940875', 206, 14122),
(2722, 'araceli elizabeth ', 'rodriguez', '35168588', 116, 14120),
(2723, 'victor antonio', 'pichi', '32213511', 59, 14111),
(2724, 'guadalupe de las nieves', 'chamarro mol', '32320878', 9160, 14108),
(2725, 'maria eugenia', 'cuyul', '36352650', 62, 14110),
(2726, ' julieta beatriz ', 'cabrera', '28577583', 14, 13721),
(2727, 'juan alberto', 'nu', '38906460', 77, 14112),
(2728, 'lucia andrea', 'arana', '33658242', 93, 14154),
(2729, ' jesus alejandro', 'vargas', '33387169', 142, 14125),
(2730, 'agustin ignacio ', 'merino', '37763635', 18, 90071),
(2731, 'leonardo miguel', 'barreyra', '26836973', 29, 14106),
(2732, ' romina ayelen ', 'reyes uribe', '34714631', 157, 90077),
(2733, 'andrea emilia', 'gallardo', '33280327', 9160, 14109),
(2734, 'matias', 'milleron', '28577614', 51, 14119),
(2735, 'tomas eduardo', 'garza', '37365595', 129, 14157),
(2736, 'elizabeth del carmen', 'zuñiga', '32919003', 9160, 14159),
(2737, ' sonia elibeth ', 'rivas', '14872976', 14, 14067),
(2738, 'hernan guillermo', 'pereyra', '29280198', 110, 13991),
(2739, 'maximiliano andres', 'becerra', '38548413', 208, 14084),
(2740, 'pablo alberto', 'suarez', '34347275', 208, 14124),
(2741, 'pablo martin', 'rios', '34337489', 208, 14123),
(2742, 'walter  gabriel', 'gomez ledesma', '37949747', 208, 14158),
(2743, 'luis alfonso', 'inostroza', '39403966', 202, 14171),
(2744, 'karen eliana', 'lopez', '38789847', 119, 90090),
(2745, ' tania karina ', 'losert', '38532871', 18, 90072),
(2746, ' stella maris ', 'testore', '32030611', 81, 90067),
(2747, ' ivana elizabeth ', 'lopez', '37364786', 90, 90086),
(2748, ' nicolas osvaldo ', 'salazar', '35077145', 81, 90070),
(2749, ' julian leroy ', 'mendoza', '0', 110, 13335),
(2750, 'erica', 'hlenezuk', '22653536', 62, 14076),
(2751, 'nicolas adrian ', 'trepiana', '23877561', 110, 13128),
(2752, 'alfonso silvano', 'riveras riveras', '93040779', 142, 14160),
(2753, ' juan jos', 'quilodran', '39074824', 90, 90080),
(2754, ' juan ignacio ', 'cifuentes', '34721810', 116, 14131),
(2755, 'raul alejandro', 'mansilla gerk', '23445256', 110, 13935),
(2756, ' vanesa elizabeth ', 'mestica', '37763823', 18, 90073),
(2757, 'cynthia itati ', 'cariqueo', '32185075', 119, 90087),
(2758, ' mirian gisella ', 'matus', '35818031', 90, 90082),
(2759, 'carolina gabriela ', 'sena', '36785428', 9160, 90085),
(2760, 'yamila gabriela ', 'leiva', '32320800', 119, 90088),
(2761, ' hugo marcelo', 'molina', '26593753', 110, 12262),
(2762, 'juan jose', 'cutelle', '32669799', 58, 14210),
(2763, 'jorge santiago', 'antrichipay', '18841188', 29, 14215),
(2764, 'laura gimena', 'rojel', '32574540', 110, 11844),
(2765, 'kevin maximiliano', 'huenchupan', '36353261', 110, 13127),
(2766, ' luis alberto ', 'lagos', '29463821', 110, 13148),
(2767, ' marisa', 'mugica', '17109609', 110, 13329),
(2768, ' tatiana magali del carmen', 'ose', '35818372', 149, 90101),
(2769, 'araceli belen', 'alvarez', '39075353', 9160, 90079),
(2770, 'circe romina ', 'gauna', '37866359', 144, 90095),
(2771, 'marcela liliana ', 'mayorga bilchi', '34149305', 144, 90096),
(2772, 'lucia amancay', 'garza', '23445399', 9160, 13846),
(2773, 'mariano  fernando', 'painefil', '35817306', 56, 14233),
(2774, ' ignacio ', 'paz', '24754229', 19, 14214),
(2775, 'daniel alejandro', 'mu', '35594602', 202, 14259),
(2776, 'alejandro damian', 'rosas', '37099459', 202, 14256),
(2777, 'gonzalo nicolas', 'salcedo', '36353050', 202, 14261),
(2778, 'luciano osvaldo ', 'olvar', '35593270', 152, 14066),
(2779, 'lucia sol', 'alvarez mieville', '36849867', 152, 14249),
(2780, 'paola astrid', 'mansilla gonazales', '942900583', 9160, 14116),
(2781, 'julieta macarena', 'asencio', '37763793', 9160, 14260),
(2782, 'victor hugo', 'franze', '29940548', 93, 14266),
(2783, ' gisela beatriz ', 'negro', '23445298', 93, 13104),
(2784, ' daiana mailen ', 'schamberger', '32769691', 110, 14196),
(2785, 'cristian ', 'abrigo', '36352841', 80, 14263),
(2786, 'guadalupe', 'barria', '37949956', 9160, 14247),
(2787, 'hector damian', 'espinoza', '36352563', 202, 14264),
(2788, 'debora  ines', 'cordoba', '35818204', 62, 14257),
(2789, ' maria gabriela ', 'nieto', '33342252', 144, 90092),
(2790, 'nahir jasmin ', 'icare', '38091622', 81, 90103),
(2791, 'cesia magdalena', 'rodriguez saldivia', '32574078', 62, 13438),
(2792, 'karina alejandra ', 'sendon canales  ', '32829553', 201, 90091),
(2793, 'roxana karina', 'reyes', '31244540', 9160, 90081),
(2794, 'nelson isaac ', 'villarroel alvarado', '92675257', 69, 14301),
(2795, ' flavia ', 'egle quidel', '34501940', 81, 90097),
(2796, ' maria jose', 'plaza', '35817946', 157, 90076),
(2797, 'exequiel eduardo', 'painefil', '35818060', 59, 14275),
(2798, 'sanda edith', 'arcos', '36580438', 9180, 13899),
(2799, 'norma', 'rojas', '26738682', 11, 13512),
(2800, 'alejandra  de las nieves', 'lopez', '27885776', 62, 13437),
(2801, 'linares', 'julieta', '28842089', 62, 14216),
(2802, 'juan cruz ', 'esteban', '34019594', 110, 14100),
(2803, 'jos', 'cifuentes moscoso', '92465587', 60, 14302),
(2804, ' natalia noel ', 'martinez baron', '35154512', 144, 90094),
(2805, ' ariel', 'dal farra', '38532961', 108, 90102),
(2806, 'leonardo favio', 'ancavil', '20679497', 201, 14300),
(2807, 'elena  albertina', 'sonda', '13714323', 62, 14265),
(2808, 'magali noemi ', 'del rio soto', '35593097', 9170, 90105),
(2809, ' matias hernan ', 'ossorio', '35168572', 110, 11902),
(2810, ' martina leticia ', 'gelardi', '34666922', 81, 90093),
(2811, 'adriana del carmen', 'parsons', '32574341', 9160, 13466),
(2812, 'andres humberto', 'quilodran', '34714629', 202, 14305),
(2813, 'catherine paz', 'betancourt rosas', '94854166', 129, 90075),
(2814, 'leonardo sebastian', 'aguilar', '34667776', 201, 14307),
(2815, 'julieta', 'barbato', '28471096', 62, 11421),
(2816, 'barbara', 'arenas martinez', '33658483', 9177, 11793),
(2817, 'jorge gustavo', 'jalil', '26951578', 110, 13726),
(2818, 'cristian ariel', 'catriman', '30753456', 56, 13626),
(2819, 'maria', 'paz argel', '35817387', 165, 90108),
(2820, 'ruben carlos', 'compay', '17954579', 69, 14218),
(2821, 'ricardo marcelo', 'ruiz', '18546522', 58, 13943),
(2822, 'lucas alejandro ', 'mendoza', '31943130', 140, 90084),
(2823, 'dante joaquin ', 'pino suarez', '38532533', 34, 90104),
(2824, 'natali evelin', 'quinteros villaroel', '33918066', 116, 90083),
(2825, 'sivia ana', 'devalle', '16688554', 9160, 14322),
(2826, 'monica susana', 'arrigoni', '25784615', 152, 14272),
(2827, 'matias', 'padilla', '33659738', 9162, 12596),
(2828, 'sofia belen', 'puebla', '33967682', 9162, 13815),
(2829, 'vanesa andrea', 'carrasco gonzalez', '38789847', 155, 90098),
(2830, 'berenci del carmen ', 'bustamante alvarado', '30578152', 32, 14310),
(2831, 'yenifer stefanny', 'olivares aguilar', '93253474', 110, 13894),
(2832, 'arce', 'alumine graciela', '30752131', 9160, 14251),
(2833, ' celina ', 'gutierrez', '35237538', 165, 14327),
(2834, ' sebastian ', 'de paz', '28414308', 160, 14328),
(2835, 'montiel salvo', 'sylvana marlene', '92644279', 142, 13436),
(2836, 'pablo gaston', 'aguilar', '39403288', 144, 14333),
(2837, 'debora aneley', 'llamas', '35077257', 157, 14330),
(2838, 'eliana laura', 'navarro', '24568342', 9, 14273),
(2839, 'jaqueline', 'alvarez ', '37099432', 9160, 90099),
(2840, 'jessica romina', 'parra', '30784407', 9, 14151),
(2841, 'paola astrid', 'mansilla', '94290583', 57, 14161),
(2842, 'romina', 'ceballos', '37365075', 144, 14331),
(2843, 'mariano', 'costa', '27436715', 43, 14239),
(2844, 'maria lucila', 'govoni', '29499503', 94, 14382),
(2845, 'lucila maria', 'govoni', '29499503', 94, 14007),
(2846, 'agostina ', 'biagini', '36294131', 70, 90107),
(2847, ' daniela', 'hefner', '37347228', 110, 90106),
(2848, 'marcela vanina', 'maldonado', '31662910', 11, 14329),
(2849, 'elsa dominga', 'rosales', '16162937', 9160, 13578),
(2850, 'lorena beatriz', 'prado', '30391867', 9160, 14237),
(2851, 'estefania', 'klein', '32768591', 38, 999997),
(2852, 'bruno', 'ovando', '38091463', 38, 999999),
(2853, 'claudia', 'claudia', '12345987', 38, 988888);

-- --------------------------------------------------------

--
-- Estructura de tabla para la tabla `encargado_servicios`
--

CREATE TABLE `encargado_servicios` (
  `usuario` int(11) NOT NULL,
  `asunto` int(11) NOT NULL
) ENGINE=InnoDB DEFAULT CHARSET=utf8 COLLATE=utf8_spanish2_ci;

--
-- Volcado de datos para la tabla `encargado_servicios`
--

INSERT INTO `encargado_servicios` (`usuario`, `asunto`) VALUES
(3, 27),
(3, 28),
(3, 29),
(3, 30),
(3, 49),
(3, 50),
(3, 51),
(3, 52),
(3, 53),
(3, 54),
(3, 55),
(3, 56),
(3, 57),
(3, 58),
(3, 66),
(3, 67),
(3, 68),
(3, 69),
(3, 70),
(3, 71),
(3, 74),
(3, 75),
(3, 76),
(3, 77),
(3, 78),
(3, 79),
(3, 80),
(3, 81),
(3, 82),
(3, 83),
(3, 84),
(3, 85),
(3, 86),
(3, 87),
(3, 88),
(3, 89),
(3, 102),
(3, 104),
(3, 105),
(3, 106),
(3, 107),
(3, 108),
(3, 109),
(3, 110),
(3, 111),
(3, 113),
(3, 114),
(3, 115),
(3, 120),
(3, 130),
(15, 27),
(15, 28),
(15, 29),
(15, 48),
(15, 51),
(15, 102),
(15, 130),
(16, 59),
(16, 60),
(16, 62),
(16, 90),
(16, 91),
(16, 92),
(16, 93),
(16, 94),
(16, 95),
(16, 96),
(17, 29),
(17, 30),
(17, 49),
(17, 50),
(17, 51),
(17, 66),
(17, 67),
(17, 68),
(17, 69),
(17, 70),
(17, 71),
(17, 74),
(17, 75),
(17, 76),
(17, 77),
(17, 78),
(17, 79),
(17, 80),
(17, 81),
(17, 82),
(17, 83),
(17, 84),
(17, 85),
(17, 86),
(17, 87),
(17, 88),
(17, 102),
(17, 130),
(18, 102),
(18, 109),
(18, 110),
(18, 115),
(18, 116),
(18, 117),
(18, 118),
(18, 119),
(18, 120),
(18, 121),
(18, 122),
(18, 123),
(18, 124),
(18, 125),
(18, 126),
(18, 127),
(18, 128),
(19, 59),
(19, 62),
(19, 90),
(19, 91),
(19, 92),
(19, 93),
(19, 94),
(19, 95),
(19, 96),
(21, 48),
(23, 97),
(23, 98),
(23, 99),
(23, 100),
(23, 101),
(24, 27),
(24, 28),
(24, 29),
(24, 30),
(24, 45),
(24, 46),
(24, 47),
(24, 48),
(24, 51),
(24, 52),
(24, 53),
(24, 54),
(24, 55),
(24, 56),
(24, 57),
(24, 58),
(24, 59),
(24, 60),
(24, 62),
(24, 89),
(24, 90),
(24, 91),
(24, 92),
(24, 93),
(24, 94),
(24, 95),
(24, 96),
(24, 97),
(24, 98),
(24, 99),
(24, 100),
(24, 101),
(24, 102),
(24, 103),
(25, 62),
(25, 90),
(25, 91),
(25, 92),
(25, 93),
(25, 94),
(25, 95),
(27, 102),
(27, 112),
(27, 129),
(27, 130),
(29, 59),
(29, 60),
(29, 96),
(29, 102),
(29, 104),
(29, 105),
(29, 106),
(29, 107),
(29, 108),
(29, 109),
(29, 110);

-- --------------------------------------------------------

--
-- Estructura de tabla para la tabla `estados`
--

CREATE TABLE `estados` (
  `id_estado` int(11) NOT NULL,
  `nombre` varchar(30) COLLATE utf8_spanish2_ci NOT NULL
) ENGINE=InnoDB DEFAULT CHARSET=utf8 COLLATE=utf8_spanish2_ci;

--
-- Volcado de datos para la tabla `estados`
--

INSERT INTO `estados` (`id_estado`, `nombre`) VALUES
(1, 'Enviado'),
(2, 'Recibido'),
(3, 'En espera'),
(4, 'Respondido'),
(5, 'Resuelto'),
(6, 'Trabajando'),
(7, 'Eliminado');

-- --------------------------------------------------------

--
-- Estructura de tabla para la tabla `estados_pgm`
--

CREATE TABLE `estados_pgm` (
  `id_estado` int(11) NOT NULL,
  `estado` varchar(15) COLLATE utf8_spanish2_ci NOT NULL
) ENGINE=InnoDB DEFAULT CHARSET=utf8 COLLATE=utf8_spanish2_ci;

--
-- Volcado de datos para la tabla `estados_pgm`
--

INSERT INTO `estados_pgm` (`id_estado`, `estado`) VALUES
(1, 'Excelente'),
(2, 'Bien'),
(3, 'Lento'),
(4, 'Bloqueado'),
(5, 'Reiniciando');

-- --------------------------------------------------------

--
-- Estructura de tabla para la tabla `estado_actual_pgm`
--

CREATE TABLE `estado_actual_pgm` (
  `id` int(11) NOT NULL,
  `fk_estado_pgm` int(11) NOT NULL,
  `fecha` timestamp NOT NULL
) ENGINE=InnoDB DEFAULT CHARSET=utf8 COLLATE=utf8_spanish2_ci;

--
-- Volcado de datos para la tabla `estado_actual_pgm`
--

INSERT INTO `estado_actual_pgm` (`id`, `fk_estado_pgm`, `fecha`) VALUES
(1, 1, '2016-11-18 14:01:04');

-- --------------------------------------------------------

--
-- Estructura de tabla para la tabla `historial_tickets`
--

CREATE TABLE `historial_tickets` (
  `id_historial` int(11) NOT NULL,
  `fk_ticket` int(11) NOT NULL,
  `fk_usuario` int(11) DEFAULT NULL COMMENT AS `Usuario actual`,
  `fecha` date NOT NULL,
  `fk_estado` int(11) DEFAULT NULL,
  `resolucion` varchar(3000) DEFAULT NULL COMMENT AS `Mensajes,respuestas y como se resolvio`,
  `fk_razon` int(11) DEFAULT NULL
) ENGINE=InnoDB DEFAULT CHARSET=utf8;

--
-- Volcado de datos para la tabla `historial_tickets`
--

INSERT INTO `historial_tickets` (`id_historial`, `fk_ticket`, `fk_usuario`, `fecha`, `fk_estado`, `resolucion`, `fk_razon`) VALUES
(28, 16, 24, '2016-11-16', 1, NULL, NULL),
(29, 17, 24, '2016-11-16', 1, NULL, NULL),
(32, 20, 24, '2016-11-16', 1, NULL, NULL),
(33, 21, 24, '2016-11-16', 1, NULL, NULL),
(34, 22, 24, '2016-11-16', 1, NULL, NULL),
(35, 16, 24, '2016-11-16', 5, 'RESUELTO', NULL),
(36, 23, 24, '2016-11-16', 1, NULL, NULL),
(37, 24, 24, '2016-11-16', 1, NULL, NULL),
(38, 25, 24, '2016-11-16', 1, NULL, NULL),
(39, 26, 24, '2016-11-16', 1, NULL, NULL),
(40, 27, 24, '2016-11-16', 1, NULL, NULL),
(41, 28, 24, '2016-11-16', 1, NULL, NULL),
(42, 29, 24, '2016-11-16', 1, NULL, NULL),
(43, 30, 24, '2016-11-16', 1, NULL, NULL),
(44, 31, 24, '2016-11-16', 1, NULL, NULL),
(45, 32, 24, '2016-11-16', 1, NULL, NULL),
(46, 33, 24, '2016-11-16', 1, NULL, NULL),
(47, 34, 24, '2016-11-16', 1, NULL, NULL),
(48, 35, 24, '2016-11-16', 1, NULL, NULL),
(49, 36, 24, '2016-11-16', 1, NULL, NULL),
(50, 37, 24, '2016-11-16', 1, NULL, NULL),
(51, 38, 24, '2016-11-16', 1, NULL, NULL),
(52, 34, 24, '2016-11-16', 5, NULL, NULL),
(53, 39, 24, '2016-11-16', 1, NULL, NULL),
(54, 31, 24, '2016-11-16', 5, 'atendido por castro solucionado', NULL),
(55, 20, 24, '2016-11-16', 5, NULL, NULL),
(56, 40, 24, '2016-11-16', 1, NULL, NULL),
(57, 40, 24, '2016-11-16', 5, NULL, NULL),
(58, 17, 24, '2016-11-16', 5, 'Tenia acceso directo del cajero viejo', NULL),
(60, 22, 24, '2016-11-16', 5, 'Fue a tesoreria\n', NULL),
(61, 24, 24, '2016-11-16', 5, 'Cambio la clave y se olvido.', NULL),
(62, 41, 24, '2016-11-18', 1, NULL, NULL),
(63, 39, 24, '2016-11-18', 5, 'resuelto', NULL),
(64, 42, 24, '2016-11-18', 1, NULL, NULL),
(65, 25, 24, '2016-11-18', 5, 'resuelto', NULL),
(66, 26, 24, '2016-11-18', 5, 'resuelto', NULL),
(67, 42, 24, '2016-11-18', 5, 'resuelto', NULL),
(68, 41, 24, '2016-11-18', 5, 'resuelto', NULL),
(69, 43, 24, '2016-11-18', 1, NULL, NULL),
(70, 38, 24, '2016-11-18', 5, 'resuelto', NULL),
(71, 43, 24, '2016-11-18', 5, 'resuelto', NULL),
(72, 44, 24, '2016-11-18', 1, NULL, NULL),
(73, 37, 24, '2016-11-18', 5, NULL, NULL),
(79, 39, 24, '2016-11-29', 1, NULL, NULL),
(80, 41, 24, '2016-11-29', 1, NULL, NULL),
(82, 39, 24, '2016-11-29', 5, 'resuelto', NULL),
(83, 27, 24, '2016-11-29', 5, 'Problema del servidor cuando se desconecta remotamente alguien bloquea las conexiones.', NULL),
(84, 33, 24, '2016-11-29', 5, 'Contraseña reinicializada.', NULL),
(85, 44, 24, '2016-11-29', 5, 'Permisos otorgados\n', NULL),
(118, 23, 3, '2017-02-15', 2, NULL, NULL),
(119, 41, 3, '2017-02-15', 2, NULL, NULL),
(120, 23, 3, '2017-02-15', 5, 'null - - - Resolucion: se hizo', NULL),
(121, 41, 3, '2017-02-15', 5, 'Resolucion: se hizo', NULL),
(147, 76, 30, '2017-04-18', 1, NULL, NULL),
(149, 76, 27, '2017-04-18', 2, NULL, NULL),
(150, 28, 15, '2017-04-19', 2, NULL, NULL),
(151, 29, 15, '2017-04-19', 2, NULL, NULL),
(152, 30, 15, '2017-04-19', 2, NULL, NULL),
(153, 35, 15, '2017-04-19', 2, NULL, NULL),
(154, 36, 15, '2017-04-19', 2, NULL, NULL),
(161, 76, 3, '2017-04-19', 7, NULL, NULL),
(172, 77, 3, '2017-04-19', 1, NULL, NULL),
(173, 77, 3, '2017-04-19', 2, NULL, NULL),
(174, 77, 3, '2017-04-19', 5, 'Resolucion: Se agregaron los accesos a consulta generarl de fichadas', NULL),
(175, 78, 3, '2017-04-19', 1, NULL, NULL),
(176, 78, 3, '2017-04-19', 2, NULL, NULL),
(177, 78, 3, '2017-04-19', 5, 'Resolucion: Se agregaron permisos solicitados\n', NULL),
(178, 79, 3, '2017-04-19', 1, NULL, NULL),
(179, 79, 3, '2017-04-19', 2, NULL, NULL),
(180, 80, 3, '2017-04-19', 1, NULL, NULL),
(181, 81, 3, '2017-04-19', 1, NULL, NULL),
(182, 80, 3, '2017-04-19', 2, NULL, NULL),
(183, 81, 3, '2017-04-19', 2, NULL, NULL),
(184, 82, 3, '2017-04-19', 1, NULL, NULL),
(185, 82, 3, '2017-04-19', 2, NULL, NULL),
(186, 80, 3, '2017-04-19', 5, 'Resolucion: ', NULL),
(187, 81, 3, '2017-04-19', 5, 'Resolucion: ', NULL),
(188, 82, 3, '2017-04-19', 5, 'Resolucion: Se crea usuario en PGM nuevo con permisos de Mercado Comunitario S1', NULL),
(189, 83, 3, '2017-04-19', 1, NULL, NULL),
(190, 83, 3, '2017-04-19', 2, NULL, NULL),
(195, 79, 18, '2017-04-20', 2, NULL, NULL),
(202, 79, 18, '2017-04-20', 4, 'nullMensaje de avarano: hola', NULL),
(203, 79, 3, '2017-04-20', 4, 'Mensaje de mbenditti: Hola', NULL),
(213, 90, 18, '2017-04-21', 1, NULL, NULL),
(217, 94, 18, '2017-04-21', 1, NULL, NULL),
(218, 94, 18, '2017-04-21', 4, ' Mensaje de avarano: Se modifico estado a Adeudado.\nPosteriormente se verifico que la anulacion correspondia a una dj rectificativa posterior.\n\nSe creo reporte para consultar boletas adeudadas/prescriptas.', NULL),
(219, 94, 18, '2017-04-21', 5, ' Mensaje de avarano: Se modifico estado a Adeudado.\nPosteriormente se verifico que la anulacion correspondia a una dj rectificativa posterior.\n\nSe creo reporte para consultar boletas adeudadas/prescriptas.\n - - - - - Resolucion por avarano : Se modifico estado a Adeudado.\nPosteriormente se verifico que la anulacion correspondia a una dj rectificativa posterior.\n\nSe creo reporte para consultar boletas adeudadas/prescriptas.', NULL),
(223, 90, 18, '2017-04-21', 7, NULL, NULL),
(225, 95, 18, '2017-04-21', 1, NULL, NULL),
(226, 95, 18, '2017-04-21', 5, 'Resolucion por avarano : Verificamos el caso y el item estaba transferido exactamente igual a los datos existentes en la base de datos original de la transferencia. Posiblemente esa boleta haya sido modificada posterior a la transferencia. Verificamos además todos los talonarios y no existen cuotas de los mismos sin ítems.\n\n', NULL),
(230, 98, 18, '2017-04-21', 1, NULL, NULL),
(231, 98, 18, '2017-04-21', 3, NULL, NULL),
(234, 98, 18, '2017-04-21', 4, ' Mensaje de avarano: Respondieron que no encontraron nada mal.\n\nLos procesas eran 8000958357 y 8031989232. Hector encontro que se ambos tienen igual id_proceso\nl', NULL),
(241, 104, 18, '2017-04-21', 1, NULL, NULL),
(242, 105, 18, '2017-04-21', 1, NULL, NULL),
(244, 106, 18, '2017-04-21', 1, NULL, NULL),
(245, 107, 18, '2017-04-21', 1, NULL, NULL),
(246, 108, 18, '2017-04-21', 1, NULL, NULL),
(247, 109, 18, '2017-04-21', 1, NULL, NULL),
(248, 109, 18, '2017-04-21', 3, NULL, NULL),
(249, 109, 18, '2017-04-21', 4, NULL, NULL),
(250, 110, 18, '2017-04-21', 1, NULL, NULL),
(251, 111, NULL, '2017-04-21', 1, NULL, NULL),
(252, 111, 18, '2017-04-21', 4, NULL, NULL),
(253, 112, NULL, '2017-04-21', 1, NULL, NULL),
(254, 79, 18, '2017-04-21', 4, NULL, NULL),
(255, 79, 18, '2017-04-21', 5, 'Resolucion por avarano : ', NULL),
(256, 113, 18, '2017-04-21', 1, NULL, NULL),
(257, 113, 18, '2017-04-21', 4, NULL, NULL),
(258, 113, 18, '2017-04-21', 5, 'Resolucion por avarano : lo anulo ccartes.', NULL),
(259, 114, 18, '2017-04-21', 1, NULL, NULL),
(260, 83, 3, '2017-04-21', 5, 'Resolucion por mbenditti : Se envio excel con los datos solicitados', NULL),
(261, 115, NULL, '2017-04-21', 1, NULL, NULL),
(262, 116, NULL, '2017-04-21', 1, NULL, NULL),
(263, 117, 3, '2017-04-21', 1, NULL, NULL),
(264, 118, NULL, '2017-04-24', 1, NULL, NULL),
(265, 119, 3, '2017-04-24', 1, NULL, NULL),
(266, 120, NULL, '2017-04-24', 1, NULL, NULL),
(267, 121, NULL, '2017-04-24', 1, NULL, NULL),
(268, 122, 21, '2017-04-24', 1, NULL, NULL),
(269, 122, 21, '2017-04-24', 5, 'Resolucion por eklein : 3 minutos', NULL),
(270, 119, 3, '2017-04-24', 5, 'Resolucion por mbenditti : Porque tenia un plan de pago anulado y 3 cuotas pagas, se generaron las notas de credito\n', NULL),
(271, 120, 3, '2017-04-24', 5, 'Resolucion por mbenditti : Resetio clave bruno', NULL),
(272, 117, 3, '2017-04-24', 5, 'Resolucion por mbenditti : (Y)', NULL),
(273, 123, NULL, '2017-04-24', 1, NULL, NULL),
(274, 116, 27, '2017-04-24', 5, 'Resolucion por bovando : servidor listo para sitio comunicar, tiempo: 2 hs', NULL),
(275, 115, 27, '2017-04-24', 5, 'Resolucion por bovando : ', NULL),
(276, 124, NULL, '2017-04-24', 1, NULL, NULL),
(277, 125, NULL, '2017-04-24', 1, NULL, NULL),
(278, 123, 3, '2017-04-25', 5, 'Resolucion por mbenditti : Se les dio permiso para el fichas de proveedores en listados especiales.', NULL),
(279, 118, 18, '2017-04-25', 4, NULL, NULL);

-- --------------------------------------------------------

--
-- Estructura de tabla para la tabla `permisos`
--

CREATE TABLE `permisos` (
  `id_permiso` int(11) NOT NULL,
  `nombre_permiso` varchar(30) COLLATE utf8_spanish2_ci NOT NULL
) ENGINE=InnoDB DEFAULT CHARSET=utf8 COLLATE=utf8_spanish2_ci;

--
-- Volcado de datos para la tabla `permisos`
--

INSERT INTO `permisos` (`id_permiso`, `nombre_permiso`) VALUES
(4, 'misTickets'),
(5, 'nuevoTicket'),
(6, 'baseConocimiento'),
(7, 'MenuAdministracion'),
(8, 'administrarTicketV'),
(9, 'verHistorialTicketB'),
(10, 'eliminarTicketB'),
(11, 'cambiarEstadoB'),
(12, 'MenuEstadoPGM'),
(13, 'MenuConfiguracion'),
(14, 'areasV'),
(15, 'eliminarAreaB'),
(16, 'modificarAreaB'),
(17, 'nuevAreaB'),
(18, 'asuntosV'),
(19, 'eliminarAsuntoB'),
(20, 'nuevoAsuntoB'),
(21, 'serviciosV'),
(22, 'eliminarServiciosB'),
(23, 'nuevoServicioB'),
(24, 'RazonesTransferenciaV'),
(25, 'eliminarRazonB'),
(26, 'nuevaRazonB'),
(27, 'usuariosV'),
(28, 'eliminarUsuarioB'),
(29, 'dehsabilitarUsuarioB'),
(30, 'habilitarUsuarioB'),
(31, 'resetearClaveB'),
(32, 'nuevoUsuarioB'),
(33, 'cambiarRolUsuarioB'),
(34, 'AsignarAsuntosV'),
(35, 'RolesV'),
(36, 'eliminarRolB'),
(37, 'nuevoRolB'),
(38, 'agregarPermisoB'),
(39, 'quitarPermisoB'),
(40, 'EmpleadosV'),
(41, 'eliminarEmpleadoB'),
(42, 'nuevoEmpleadoB'),
(43, 'modificarEmpeladoB'),
(44, 'versiones');

-- --------------------------------------------------------

--
-- Estructura de tabla para la tabla `razones_transferencias`
--

CREATE TABLE `razones_transferencias` (
  `id_razon` int(11) NOT NULL,
  `nombre_razon` varchar(50) NOT NULL
) ENGINE=InnoDB DEFAULT CHARSET=utf8;

--
-- Volcado de datos para la tabla `razones_transferencias`
--

INSERT INTO `razones_transferencias` (`id_razon`, `nombre_razon`) VALUES
(1, 'Asunto erroneo'),
(2, 'Ya realice mi parte');

-- --------------------------------------------------------

--
-- Estructura de tabla para la tabla `respuestas`
--

CREATE TABLE `respuestas` (
  `id_ticket` int(11) NOT NULL,
  `respuesta` varchar(255) COLLATE utf8_spanish2_ci DEFAULT NULL,
  `id_usuario` int(11) DEFAULT NULL
) ENGINE=MyISAM DEFAULT CHARSET=utf8 COLLATE=utf8_spanish2_ci;

-- --------------------------------------------------------

--
-- Estructura de tabla para la tabla `roles`
--

CREATE TABLE `roles` (
  `id_rol` int(11) NOT NULL,
  `nombre_rol` varchar(30) COLLATE utf8_spanish2_ci NOT NULL
) ENGINE=InnoDB DEFAULT CHARSET=utf8 COLLATE=utf8_spanish2_ci;

--
-- Volcado de datos para la tabla `roles`
--

INSERT INTO `roles` (`id_rol`, `nombre_rol`) VALUES
(1, 'administrador'),
(2, 'user'),
(3, 'sistemas'),
(4, 'jefe de area');

-- --------------------------------------------------------

--
-- Estructura de tabla para la tabla `roles_permisos`
--

CREATE TABLE `roles_permisos` (
  `fk_rol` int(11) NOT NULL,
  `fk_permiso` int(11) NOT NULL
) ENGINE=InnoDB DEFAULT CHARSET=utf8 COLLATE=utf8_spanish_ci;

--
-- Volcado de datos para la tabla `roles_permisos`
--

INSERT INTO `roles_permisos` (`fk_rol`, `fk_permiso`) VALUES
(1, 4),
(2, 4),
(3, 4),
(4, 4),
(1, 5),
(2, 5),
(3, 5),
(4, 5),
(1, 6),
(2, 6),
(3, 6),
(4, 6),
(1, 7),
(3, 7),
(4, 7),
(1, 8),
(1, 9),
(4, 9),
(1, 10),
(1, 11),
(4, 11),
(1, 12),
(3, 12),
(4, 12),
(1, 13),
(3, 13),
(4, 13),
(1, 14),
(4, 14),
(1, 15),
(1, 16),
(1, 17),
(4, 17),
(1, 18),
(4, 18),
(1, 19),
(1, 20),
(4, 20),
(1, 21),
(4, 21),
(1, 22),
(1, 23),
(4, 23),
(1, 24),
(4, 24),
(1, 25),
(1, 26),
(4, 26),
(1, 27),
(3, 27),
(1, 28),
(1, 29),
(3, 29),
(1, 30),
(3, 30),
(1, 31),
(3, 31),
(1, 32),
(3, 32),
(1, 33),
(1, 34),
(4, 34),
(1, 35),
(1, 36),
(1, 37),
(1, 38),
(1, 39),
(1, 40),
(4, 40),
(1, 41),
(1, 42),
(4, 42),
(1, 43),
(4, 43),
(1, 44);

-- --------------------------------------------------------

--
-- Estructura de tabla para la tabla `servicios`
--

CREATE TABLE `servicios` (
  `id_asuntoS` int(11) NOT NULL,
  `nombre_asuntoS` varchar(70) COLLATE utf8_spanish2_ci NOT NULL,
  `pertenece` int(11) NOT NULL
) ENGINE=InnoDB DEFAULT CHARSET=utf8 COLLATE=utf8_spanish2_ci;

--
-- Volcado de datos para la tabla `servicios`
--

INSERT INTO `servicios` (`id_asuntoS`, `nombre_asuntoS`, `pertenece`) VALUES
(27, 'Alta usuario (Legajo y Documento)', 11),
(28, 'Baja usuario (Legajo y Documento)', 11),
(29, 'Modificar permisos (Legajo y Documento)', 11),
(30, 'Pedido auditoria', 11),
(45, 'Estadisticas', 11),
(46, 'Unificacion de personas', 11),
(47, 'No funciona el crystal', 11),
(48, 'Otros problemas', 11),
(49, 'Diferencias en sueldos', 12),
(50, 'Actualizaciones de sueldos', 12),
(51, 'Alta usuario (Legajo y Documento)', 13),
(52, 'Baja usuario (Legajo y Documento)', 13),
(53, 'Configuracion de usuario (Permisos e instancias)', 13),
(54, 'Pedido de estadisticas (Arribos y salidas)', 14),
(55, 'Error de vinculacion (Aclarar cedulon/es)', 15),
(56, 'No se puede cobrar cedulon (Error de vinculo)', 15),
(57, 'Alta usuario cajero', 15),
(58, 'Baja usuario cajero', 15),
(59, 'Pedido de nuevo correo electronico', 16),
(60, 'Baja de correo electronico', 16),
(62, 'Problemas con el turnero', 17),
(66, 'Generacion de informes de sueldos', 12),
(67, 'Programacion de liquidacion', 12),
(68, 'Alta novedades', 12),
(69, 'Vinculacion de novedades', 12),
(70, 'Modificacion de novedades', 12),
(71, 'Baja novedades', 12),
(74, 'Actualizacion acumuladores de ganancia', 12),
(75, 'Borrado de recibos de horas extras en cero', 12),
(76, 'Elaboracion de informes de ganancias', 12),
(77, 'Generacion de recibos de manos a la obra', 12),
(78, 'Alta y modificacion de un cargo', 12),
(79, 'Alta y modificacion de funcion', 12),
(80, 'Alta y modificacion de area administrativa', 12),
(81, 'Alta y modificacion de organigrama', 12),
(82, 'Alta y modificacion de categoria', 12),
(83, 'Alta y modificacion de tipo de empleado', 12),
(84, 'Alta y modificacion de ubicacion de empelado', 12),
(85, 'Modificacion de sueldo basico en las categorias', 12),
(86, 'Modificacion de sueldo basico en las subrrogancias', 12),
(87, 'Actualizacion de salario minimo vital y movil', 12),
(88, 'Actualizacion de limites para asignaciones familiares', 12),
(89, 'Agregar nuevo servicio (Cual,por y para que)', 19),
(90, 'Mal funcionamiento del CPU', 17),
(91, 'Problemas con el mouse o teclado', 17),
(92, 'Mal funcionamiento de la impresora', 17),
(93, 'No funciona internet', 17),
(94, 'No funcionan los mail', 17),
(95, 'Cambio-Movimiento de impresoras', 17),
(96, 'No puedo enviar correos', 16),
(97, 'Saber si esta entregado', 20),
(98, 'Saber en que secretaria se encuentra', 20),
(99, 'Como realizar un pedido de abastecimiento', 20),
(100, 'Da error al cargar el pedido', 20),
(101, 'A que cuenta lo tengo que imputar', 20),
(102, 'No funciona', 21),
(103, 'No puede ingresar', 15),
(104, 'Alta usuario(Legajo y Documento)', 21),
(105, 'Baja usuario(Legajo y Documento)', 21),
(106, 'Modificar usuario(Legajo y Documento)', 21),
(107, 'Alta de calles', 21),
(108, 'Alta de barrios', 21),
(109, 'Creacion de reportes', 21),
(110, 'Otro problemas', 21),
(111, 'Error de migracion', 21),
(112, 'Instalacion servidor web', 22),
(113, 'Nuevo usuario', 23),
(114, 'Permisos para consulta general', 23),
(115, 'talonarios', 24),
(116, 'tsm', 24),
(117, 'tish', 24),
(118, 'pagos electronicos', 24),
(119, 'obras contribuciones', 24),
(120, 'listados', 24),
(121, 'sueldos', 24),
(122, 'compras', 24),
(123, 'obras privadas', 24),
(124, 'trib.faltas', 24),
(125, 'contaduria', 24),
(126, 'tesoreria', 24),
(127, 'otros', 24),
(128, 'Auditoria', 21),
(129, 'Agregar Entidad de cobro de multas', 13),
(130, 'Resetear Clave', 13);

-- --------------------------------------------------------

--
-- Estructura de tabla para la tabla `tickets`
--

CREATE TABLE `tickets` (
  `id_ticket` int(11) NOT NULL,
  `fecha` date NOT NULL,
  `hora` timestamp NOT NULL DEFAULT CURRENT_TIMESTAMP ON UPDATE CURRENT_TIMESTAMP,
  `creador` int(11) NOT NULL,
  `servicio` int(11) NOT NULL,
  `observacion` varchar(1500) COLLATE utf8_spanish2_ci DEFAULT NULL,
  `patrimonio` varchar(15) COLLATE utf8_spanish2_ci DEFAULT NULL,
  `tiempoResolucion` datetime DEFAULT NULL
) ENGINE=InnoDB DEFAULT CHARSET=utf8 COLLATE=utf8_spanish2_ci;

--
-- Volcado de datos para la tabla `tickets`
--

INSERT INTO `tickets` (`id_ticket`, `fecha`, `hora`, `creador`, `servicio`, `observacion`, `patrimonio`, `tiempoResolucion`) VALUES
(16, '2016-11-16', '2016-11-16 15:12:29', 24, 54, '16/11/2016 terminal de omnubus o puede ingresar al cajero daniel solucionado', NULL, NULL),
(17, '2016-11-16', '2016-11-16 18:11:05', 24, 54, 'diaz jorge no puede ingresar a cajero', NULL, NULL),
(20, '2016-11-16', '2016-11-16 17:34:55', 24, 103, 'USUARIO JORGE DIAZ', NULL, NULL),
(21, '2016-11-16', '2016-11-16 15:39:38', 24, 103, 'RAQUELINA TRIBUBAL DE FALTAS 2', NULL, NULL),
(22, '2016-11-16', '2016-11-16 18:12:04', 24, 55, 'TRANSITO PLAYON 16/11/16', NULL, NULL),
(23, '2016-11-16', '2016-11-18 16:10:57', 24, 102, 'LEGALES SANDRA NO PUEDE IMPRIMIR DEUDA', NULL, NULL),
(24, '2016-11-16', '2016-11-16 18:13:00', 24, 102, 'ana sangoy problemas con contraseña', NULL, NULL),
(25, '2016-11-16', '2016-11-18 12:20:29', 24, 27, 'norma trib.faltas 2 problema con archivar textos', NULL, NULL),
(26, '2016-11-16', '2016-11-18 12:21:46', 24, 102, 'maria de politicas tributarias usuario caducado 14/10/16', NULL, NULL),
(27, '2016-11-16', '2016-11-29 15:05:19', 24, 102, 'hacienda error de servidor 500', NULL, NULL),
(28, '2016-11-16', '2016-11-16 16:00:00', 24, 48, 'bety de catastro dice que no fue informada como se va implementar el nuevo PGM', NULL, NULL),
(29, '2016-11-16', '2016-11-16 16:02:30', 24, 48, 'marta de fiszcalicacion no puede cargar la calle al nuevo proseso', NULL, NULL),
(30, '2016-11-16', '2016-11-16 16:07:31', 24, 48, 'susana  urrutia de mesa entradas de morerno y moreno dice que se mudan otra vez solicita tecnico para configurar impresoras\n', NULL, NULL),
(31, '2016-11-16', '2016-11-16 17:32:29', 24, 48, 'transito y tte. tiene problemas con tiket de taxis y remises', NULL, NULL),
(32, '2016-11-16', '2016-11-16 16:14:31', 24, 103, 'chofa mesa entrada civico', NULL, NULL),
(33, '2016-11-16', '2016-11-29 15:06:11', 24, 102, 'graciela de cultura no puede ingresar con contraseña', NULL, NULL),
(34, '2016-11-16', '2016-11-16 16:47:04', 24, 48, 'lago moreno nora no puede hacer recibo de libre deudas', NULL, NULL),
(35, '2016-11-16', '2016-11-16 16:24:01', 24, 48, 'idalinda de transito y tte. pregunta sobre montos de la tarifaria ', NULL, NULL),
(36, '2016-11-16', '2016-11-16 16:28:01', 24, 48, 'delegacion moreno beatriz el cajero no reconoce libre de dudas', NULL, NULL),
(37, '2016-11-16', '2016-11-18 12:38:31', 24, 48, 'susana davies transito problemas con modificacion personal', NULL, NULL),
(38, '2016-11-16', '2016-11-18 12:26:05', 24, 48, 'playon dudas con recibo digital', NULL, NULL),
(39, '2016-11-16', '2016-11-29 14:56:12', 24, 107, 'erika conribuciones pide cargar la calle GUTERO EN PGM N UEVO', NULL, NULL),
(40, '2016-11-16', '2016-11-16 17:44:42', 24, 48, 'mabel de inspeccion gral pregunta si hoy a la tarde pueden trabajar en webdoc la repuesta es si\n', NULL, NULL),
(41, '2016-11-18', '2016-11-29 14:55:49', 24, 107, 'Erika cargar la calle Guttero', NULL, NULL),
(42, '2016-11-18', '2016-11-18 12:22:31', 24, 51, 'Mabel de Inspeccion pregunta y a la tarde pueden trabajar con Webdoc', NULL, NULL),
(43, '2016-11-18', '2016-11-18 12:27:13', 24, 56, 'delegacion otto gabriela no puede imprimir cedulon', NULL, NULL),
(44, '2016-11-18', '2016-11-29 15:06:55', 24, 102, 'gaby delegacion otto menu de fito/impresora/cambio de domicilio/cierre temporario/', NULL, NULL),
(76, '2017-04-18', '2017-04-18 14:38:03', 30, 112, 'Solicita: Juan ramos\n Area Emisora: direccion de sistemas\n Observacion: Crear servidor web para la instalacion del comunicar luego de estar instalado se encarga Castro.', '', NULL),
(77, '2017-04-19', '2017-04-19 14:30:02', 3, 114, 'Solicita: Susana Urrutia\n Area Emisora: secretaria de turismo\n Observacion: Buen dia:\n\nSolicito se agregue al Permiso PGM, consulta general de fichada, a los agentes que a continuaciòn se detallan, que forman parte del personal de la Direccòn de Trabajo:\n\n- Gabriela Anteanao - Legajo 12912\n\n- Gabriela Torres - Legajo 14836\n\n- Gonzalo Jaquis - Legajo 14833\n\n\nUsuarios: rabarzua - surrutia\n\n\nMuchas gracias.\n\n\nSusana', '', NULL),
(78, '2017-04-19', '2017-04-19 14:39:43', 3, 114, 'Solicita: Lucas Perez\n Area Emisora: terminal omnibus\n Observacion: buenos días les solicito por este medio tengan a bien poder agregar dentro de mi permiso para ver fichadas a la agente Contreras María Alicia LEG N º 11330  y DÍAZ JORGE EDELIO LEG N º 1181  ya q no puedo visualizar sus ingresos y Salidas\n\ndesde ya muchas gracias los saludo\nATENTAMENTE\n \nLUCAS PEREZ', '', NULL),
(79, '2017-04-19', '2017-04-21 15:09:49', 3, 110, 'Solicita: Politicas tributarias\n Area Emisora: secretaria de hacienda\n Observacion: Hola ali me podrías decir por favor quien genero estas notas de débito, gracias!!!!!!!!!!!!!! María.\n \n0939313870 \n0939313846 \n0940292465 \n Mensaje de avarano: Las notas de débito las hizo Martín de Tesoreria. Las 1eras dos el 10/01/17 y la 3era el 13/2.\nY si mirás en la ficha de cada factura en la descripción te dice la causa.\nTodas las notas de débito/crédito que hacen referencia a diferencia de importes , por lo general, se hacen en Tesorería , por los pagos electrónicos.\n', '', NULL),
(80, '2017-04-19', '2017-04-19 14:43:57', 3, 104, 'Solicita: Mercado Comunitario\n Area Emisora: secretaria de hacienda\n Observacion: Buen día,\nsolicitamos tengan a bien dar permisos para entrar al PGM nuevo al usuario\nlanton leg.12350 para poder ver deudas, ordenes de pago, tasa personal y\ncon el PGM viejo poder hacer pedidos de abastecimiento, proyectos de\nresolución y ver resoluciones.\nGracias!\n\n', '', NULL),
(81, '2017-04-19', '2017-04-19 14:44:30', 3, 27, 'Solicita: Mercado Comunitario\n Area Emisora: secretaria de hacienda\n Observacion: Buen día,\nsolicitamos tengan a bien dar permisos para entrar al PGM nuevo al usuario\nlanton leg.12350 para poder ver deudas, ordenes de pago, tasa personal y\ncon el PGM viejo poder hacer pedidos de abastecimiento, proyectos de\nresolución y ver resoluciones.\nGracias!\n\n', '', NULL),
(82, '2017-04-19', '2017-04-19 14:46:03', 3, 106, 'Solicita: Ivana Calo\n Area Emisora: secretaria\n Observacion: Hola buen día solicito poder terner acceso al PGM nuevo mi nombre es Ivana Caló Legajo 11713\nactualmente tengo acceso a aprobacion de pedidos de abastecimiento de la Secretaría de Desarrollo Social Cultural y Deportivo que incluye todos los pedids generados en Sociales, Cultura y Deportes\naceesoa  padrón de personas, acceso a realizacion de proyectos de todos los tipos, pase por sistema de todos los proyectos generados en sociales, deportes y cultura. realizacion de pedidos de abastecimiento. y solicito acceso para poder ver las ordenes de pago.\n \natte Ivana. ', '', NULL),
(83, '2017-04-19', '2017-04-19 16:36:24', 3, 54, 'Solicita: Lucas Perez\n Area Emisora: terminal omnibus\n Observacion: por otra parte vuelvo a solicitarles  enviarme en carácter de URGENTE los movimientos de micros en terminal desde enero de 2016 a la fecha para elevar informe a la SUBSECRETARIA DE TTO. Y TTE. \ndesde ya muchas gracias los saludo\nATENTAMENTE\n \nLUCAS PEREZ', '', NULL),
(90, '2017-04-21', '2017-04-21 12:11:37', 18, 110, 'Solicita: yo\n Area Emisora: dpto. tributario\n Observacion: esta es la observacion', '', NULL),
(94, '2017-04-21', '2017-04-21 12:26:54', 18, 110, 'Solicita: Cecilia Cartes\n Area Emisora: dpto. tributario\n Observacion: Solicita modificar estado boleta 0940481666 de Anulado a Adeudado ya que se debe abonar. \nTambien quiere saber quien lo anulo.', '', NULL),
(95, '2017-04-21', '2017-04-21 12:45:11', 18, 115, 'Solicita: Alicia\n Area Emisora: direccion de sistemas\n Observacion: El talonario 38604 es al que no se le había migrado el item "Serv.Urbano y\nVialidad Rural"  en su cuota nro 4 por $ 709.08 .\nPara solucionarlo en el momento se agregó el item por el "administrador de\ndeuda".\n\nPara estar seguros de que no existan otras diferencias como\nesta,necesitamos que realicen un control de la migración.', '', NULL),
(98, '2017-04-21', '2017-04-21 12:54:41', 18, 127, 'Solicita: alicia\n Area Emisora: direccion de sistemas\n Observacion:  al realizar un procesa deuda a un bien de tasa por serv.a la\npropiedad , apareció relacionado otro procesa deuda que no tiene nada que\nver, inclusive esta pagado hace años.\n\nAdjunto captura de pantalla de lo sucedido.\n\nSi bien esto no ocasionó mayores problemas, ya que se cobró lo que\ncorrespondía, será conveniente ver que es lo que pasó.', '', NULL),
(104, '2017-04-21', '2017-04-21 13:31:13', 18, 115, 'Solicita: Erica\n Area Emisora: depto de contribuciones\n Observacion: desde el área de contribuciones solicitan el siguiente\nrequerimiento sobre las notificaciones por planes de pago.\nActualmente la notificación tiene los datos del titular del bien y no del\nencargado del plan de pago. Es necesario que la notificacion este a nombre\nde quien sea firmante del plan de pago. Este requerimiento obedece a la\nnecesidad de notificar correctamente a quien tramito el plan de pago.\n', '', NULL),
(105, '2017-04-21', '2017-04-21 13:34:49', 18, 127, 'Solicita: Lilian Baroni\n Area Emisora: direccion de sistemas\n Observacion: Tenemos reiteradas solicitudes de que se pueda volver a estado "Adeudado" \ncuotas que estén en cualquier estado excepto "Cobrado" y "Financiado".', '', NULL),
(106, '2017-04-21', '2017-04-21 13:43:34', 18, 127, 'Solicita: alicia\n Area Emisora: direccion de sistemas\n Observacion: En el padrón de residuos urbanos, que se liquidan las cuotas considerando\nlos adicionales facturados, aunque la cuota esté pagada, el adicional se\npuede pasar a adicional pendiente y después borrarlo.\nDe esta forma, se pierde el dato de los m3 recolectados.\nSerá posible que, cuando la boleta relacionada al adicional esté pagada,\nel sistema no deja pasar el adicional facturado a pendiente?', '', NULL),
(107, '2017-04-21', '2017-04-21 13:48:10', 18, 115, 'Solicita: alicia\n Area Emisora: direccion de sistemas\n Observacion: Al hacer un tipo de talonario con tasa de interés 0, y financiar una deuda\nde 31800$ dan 12 cuotas de 2649.99 en lugar de 2650.\nHaciendo lo mismo con el usuario prueba da bien.\nHay alguna configuración que tenga que cambiar?', '', NULL),
(108, '2017-04-21', '2017-04-21 13:52:26', 18, 120, 'Solicita: Erica\n Area Emisora: depto de contribuciones\n Observacion: Necesitamos que la ayuda de "Listado de tipos de conexiones por obra"\ndisponible para la realización de reportes muestre el concepto y no solo\nel tipo de conexión, para poder identificar la obra buscada.\nSe utiliza esta ayuda en el reporte "Contr-Listado datos por Obra".', '', NULL),
(109, '2017-04-21', '2017-04-21 13:57:46', 18, 127, 'Solicita: alicia\n Area Emisora: direccion de sistemas\n Observacion: Una consulta sobre la unificación de personas. En el sistema anterior\ncuando se unificaba, la persona original se borraba de la tabla de\npersonas. Ahora no es asi?\nPorque encontramos unos 450 que suponiamos se debían haber borrado, pero\nsiguen estando.\nAdjunto reporte con los registros encontrados, que saque con el siguiente\nselect:\n\nselect a.tipo_documento,a.documento,\nb.tipo_documento_original,b.documento_original,\nb.tipo_documento_nuevo,b.documento_nuevo,estado,fecha_proceso\nfrom personas a join cambio_clave b on a.tipo_documento =\nb.tipo_documento_original and a.documento = b.documento_original\nwhere  b.documento_original <> b.documento_nuevo\nand estado <> \'P\'\n\n Mensaje de avarano: Ejecutamos el proceso de unificacion a las 15:00 hs, verifique varios \ncasos de las personas cargadas para unificar y no se registraron \nproblemas. No obstante, sigan ejecutando el proceso fuera del horario de \natención al público y sin otro proceso masivo ejecutándose en paralelo, \ntal como me informaron que lo vienen haciendo.\n\n\n', '', NULL),
(110, '2017-04-21', '2017-04-21 14:00:41', 18, 126, 'Solicita: alicia\n Area Emisora: direccion de tesoreria\n Observacion: En el día de ayer el cajero "garanda" recaudo en una operación una boleta\nde talonario y una cuota de convenio de pago y no se imprimió el duplicado\ndel ticket correspondiente  al convenio. Tampoco salió cuando se hizo la\nreimpresión.\nFaltará alguna configuración?', '', NULL),
(111, '2017-04-21', '2017-04-21 14:03:51', 18, 115, 'Solicita: alicia\n Area Emisora: depto de contribuciones\n Observacion: Se puede hacer una carátula de talonario, distinta de la estandar, que no\ndetalle los períodos incluído en el plan  y tampoco muestre los importes\noriginal, total financiado anticipo y descuento?\nEsto es porque para cumplir (o casi) con una forma de financiación\nestablecida por resolucion, para obra de cloaca , se hicieron condiciones\nparticulares de financiacion , que incluyen descuentos en el monto a\nfinanciar. De esta manera se llega a montos  similares a los que pagarían\ncon las 12 primeras cuotas sin interés y luego 12, 24 o mas cuotas.(ver\ncorreo del 15/2 asunto nueva obra donde se adjunta resolución).\n Mensaje de avarano: dice Fernando que no se puede, pero hay que resolverlo.', '', NULL),
(112, '2017-04-21', '2017-04-21 14:37:30', 18, 127, 'Solicita: Lilian\n Area Emisora: hacienda\n Observacion: Se puede hacer un seguimiento de las notificaciones enviadas por el\n"Listado/Notificación de deuda"? Es para saber quienes pagaron la boleta\nde deuda generada en la notificación.', '', NULL),
(113, '2017-04-21', '2017-04-21 16:15:18', 18, 128, 'Solicita: Martin Velazquez\n Area Emisora: direccion de tesoreria\n Observacion: Verificar si corresponde nota debito 0940390001 de padron TSM 22945 , con item Seg.e Higiene.\n Mensaje de avarano: Se hizo por error, correspondia al padron de comercio 22945 del Banco Patagonia.\nEl usuario que lo hizo fue lbaroni, el 15/03/17.\n', '', NULL),
(114, '2017-04-21', '2017-04-21 17:32:22', 18, 117, 'Solicita: todos\n Area Emisora: sistemasEn el padrón de comercio, cuando se busca una cuenta hay que completar con los ceros. Podrá ser que se autocompleten , como en el padrón de tasa por servicios municipales?\n Observacion: En el padrón de comercio, cuando se busca una cuenta hay que completar con los ceros.\nPodrá ser que se autocompleten , como en el padrón de tasa por servicios municipales?', '', NULL),
(115, '2017-04-21', '2017-04-21 17:46:45', 27, 129, 'Solicita: Raquelina\n Area Emisora: tribunal faltas 2\n Observacion: Agregar comisaria 42 como entidad de cobro de multas en el webdoc.', '', NULL),
(116, '2017-04-21', '2017-04-21 17:50:13', 27, 112, 'Solicita: Juan Carlos\n Area Emisora: direccion de sistemas\n Observacion: Configurar maquina virtual con servidor web para el sistema de COMUNICAR', '', NULL),
(117, '2017-04-21', '2017-04-21 17:55:29', 21, 89, 'Solicita: Estefania Klein\n Area Emisora: direccion de sistemas\n Observacion: Mostrar ultima interfaz de ticketneitor', '', NULL),
(118, '2017-04-24', '2017-04-25 14:47:29', 18, 109, 'Solicita: Lilian- Marta\n Area Emisora: Politicas tributarias\n Observacion: Listado por obra cloaca san francisco contado y por plan , cantidad ,pagado ,consolidado.\ncuenta,nomenclatura,talonario,deuda original,cuotas cobradas, cuotas adeudadas.\n Mensaje de avarano: Genere listado en pgm  Contr-Padron Financiacion Cloacas San Francisco. ', '', NULL),
(119, '2017-04-24', '2017-04-24 12:56:09', 3, 110, 'Solicita: Marta Montenegro\n Area Emisora: dpto. fiscalizacion\n Observacion: La cuenta de tasa inmueble 19542 tiene una nota de credito por año. ¿Porque?', '', NULL),
(120, '2017-04-24', '2017-04-24 13:28:57', 21, 130, 'Solicita: JCURIQUEO\n Area Emisora: direccion obras particulares\n Observacion: Pidieron que le reseteemos la clave porque ya hace varios dias que le falla.', '', NULL),
(121, '2017-04-24', '2017-04-24 13:32:16', 18, 109, 'Solicita: Alejandra Galvan\n Area Emisora: Politicas Tributarias\n Observacion: Notas de credito/debito entre fechas con padron,descripcion y monto', '', NULL),
(122, '2017-04-24', '2017-04-24 13:57:13', 21, 48, 'Solicita: Viviana Soto\n Area Emisora: mesa entrada corralon\n Observacion: Le desapareció el permiso para dar de alta personas a MESACORRALON-S1', '', NULL),
(123, '2017-04-24', '2017-04-24 15:05:30', 3, 106, 'Solicita: Marcos Pavonº\n Area Emisora: deportes\n Observacion: Buen dia Matias, por favor necesito que puedas habilitar en el pegm para ver el registro de proveedores no solo la op. Buscar los pagos por proveedor para ver los pendientes y lo pagado. Hoy solo puedo visualizar por op.\n \nTe pido también que habilites de igual forma a los usuarios: Soledadr, fperez, cgonzalez, jcorrillo\n \nMuchas gracias.\n \n \nMarcos Pavon \n', '', NULL),
(124, '2017-04-24', '2017-04-24 17:47:18', 29, 48, 'Solicita: Seguimiento cuenta\n Area Emisora: Tesoreria\n Observacion: Se necesita que el listado de Seguimiento de Cuenta, tenga los importes individuales de cada dia, ademas de los acumulados.', '', NULL),
(125, '2017-04-24', '2017-04-24 17:53:59', 3, 92, 'Solicita: Daniela\n Area Emisora: recursos humanos\n Observacion: Por medio del presente, solicito servicio técnico en el área de Medicina Laboral para verificar conexión de impresora en el área administrativa (HP1212), e impresora HP Deskjet F380 (oficina del Dr.) por fallas en el funcionamiento.\n \nMuchas gracias!!!!\n \nDaniela', '', NULL);

-- --------------------------------------------------------

--
-- Estructura de tabla para la tabla `usuarios`
--

CREATE TABLE `usuarios` (
  `id_usuario` int(11) NOT NULL,
  `nombre_usuario` varchar(15) COLLATE utf8_spanish2_ci NOT NULL,
  `contrasenia` varchar(36) COLLATE utf8_spanish2_ci DEFAULT NULL,
  `fk_empleado` int(11) NOT NULL,
  `activo` tinyint(1) NOT NULL,
  `fk_rol` int(11) NOT NULL,
  `id_extreme` varchar(180) COLLATE utf8_spanish2_ci DEFAULT NULL
) ENGINE=InnoDB DEFAULT CHARSET=utf8 COLLATE=utf8_spanish2_ci;

--
-- Volcado de datos para la tabla `usuarios`
--

INSERT INTO `usuarios` (`id_usuario`, `nombre_usuario`, `contrasenia`, `fk_empleado`, `activo`, `fk_rol`, `id_extreme`) VALUES
(3, 'mbenditti', '090c36e3bb39377468363197afb3e91b', 1, 1, 1, NULL),
(15, 'ekayser', '6b5b0dd03c9c85725032ce5f3a0918ae', 1637, 1, 2, NULL),
(16, 'gdinardo', '4c96f8324e3ba54a99e78249b95daa30', 146, 1, 2, NULL),
(17, 'gcastro', '4c96f8324e3ba54a99e78249b95daa30', 2023, 1, 3, NULL),
(18, 'avarano', 'e94ef563867e9c9df3fcc999bdb045f5', 113, 1, 1, NULL),
(19, 'etomatis', '6d6354ece40846bf7fca65dfabd5d9d4', 1177, 1, 2, NULL),
(21, 'eklein', '57610aba222b92a23e65f51a88492579', 2851, 1, 1, NULL),
(22, 'hacuña', '3ab9071536d62f29aa8b3fd39141f6ad', 199, 1, 4, NULL),
(23, 'bmarin', 'e4f7614a887a8cc07a2eea93a1e31122', 983, 1, 2, NULL),
(24, 'gibanez', '05fe03b494c0f1a7d6cb49f0bf3fd70d', 395, 1, 2, NULL),
(25, 'dalvarez', 'aa47f8215c6f30a0dcdb2a36a9f4168e', 2555, 1, 2, NULL),
(27, 'bovando', 'e3928a3bc4be46516aa33a79bbdfdb08', 2852, 1, 1, NULL),
(28, 'administrador', '6f8725703f6dcc6bf2a329d2fe77fb39', 1, 1, 1, NULL),
(29, 'clorusso', '2b9ff3efc4a999ecfacd18c4bbc57a2e', 2853, 1, 1, NULL),
(30, 'jcramos', 'a94652aa97c7211ba8954dd15a3cf838', 1685, 1, 1, NULL);

--
-- Índices para tablas volcadas
--

--
-- Indices de la tabla `areas`
--
ALTER TABLE `areas`
  ADD PRIMARY KEY (`id_area`);

--
-- Indices de la tabla `area_sistemas`
--
ALTER TABLE `area_sistemas`
  ADD PRIMARY KEY (`id_area_sistemas`);

--
-- Indices de la tabla `asuntos`
--
ALTER TABLE `asuntos`
  ADD PRIMARY KEY (`id_asuntoP`),
  ADD KEY `fk_area` (`fk_area`);

--
-- Indices de la tabla `base_conocimiento`
--
ALTER TABLE `base_conocimiento`
  ADD PRIMARY KEY (`id_resolucion`);

--
-- Indices de la tabla `empleados`
--
ALTER TABLE `empleados`
  ADD PRIMARY KEY (`id_empleado`),
  ADD KEY `fk_area` (`fk_area`);

--
-- Indices de la tabla `encargado_servicios`
--
ALTER TABLE `encargado_servicios`
  ADD PRIMARY KEY (`usuario`,`asunto`),
  ADD KEY `usuario` (`usuario`),
  ADD KEY `asunto` (`asunto`);

--
-- Indices de la tabla `estados`
--
ALTER TABLE `estados`
  ADD PRIMARY KEY (`id_estado`);

--
-- Indices de la tabla `estados_pgm`
--
ALTER TABLE `estados_pgm`
  ADD PRIMARY KEY (`id_estado`);

--
-- Indices de la tabla `estado_actual_pgm`
--
ALTER TABLE `estado_actual_pgm`
  ADD PRIMARY KEY (`id`),
  ADD KEY `fk_estado_pgm` (`fk_estado_pgm`);

--
-- Indices de la tabla `historial_tickets`
--
ALTER TABLE `historial_tickets`
  ADD PRIMARY KEY (`id_historial`),
  ADD KEY `fk_ticket` (`fk_ticket`,`fk_usuario`),
  ADD KEY `fk_usuario_emisor` (`fk_usuario`),
  ADD KEY `fecha` (`fecha`),
  ADD KEY `fk_estado` (`fk_estado`),
  ADD KEY `fk_razon` (`fk_razon`);

--
-- Indices de la tabla `permisos`
--
ALTER TABLE `permisos`
  ADD PRIMARY KEY (`id_permiso`);

--
-- Indices de la tabla `razones_transferencias`
--
ALTER TABLE `razones_transferencias`
  ADD PRIMARY KEY (`id_razon`);

--
-- Indices de la tabla `respuestas`
--
ALTER TABLE `respuestas`
  ADD PRIMARY KEY (`id_ticket`);

--
-- Indices de la tabla `roles`
--
ALTER TABLE `roles`
  ADD PRIMARY KEY (`id_rol`);

--
-- Indices de la tabla `roles_permisos`
--
ALTER TABLE `roles_permisos`
  ADD PRIMARY KEY (`fk_rol`,`fk_permiso`) USING BTREE,
  ADD KEY `fk_permiso` (`fk_permiso`);

--
-- Indices de la tabla `servicios`
--
ALTER TABLE `servicios`
  ADD PRIMARY KEY (`id_asuntoS`),
  ADD KEY `pertenece` (`pertenece`);

--
-- Indices de la tabla `tickets`
--
ALTER TABLE `tickets`
  ADD PRIMARY KEY (`id_ticket`),
  ADD KEY `fk_area_emisor` (`creador`),
  ADD KEY `fk_usuario_emisor` (`creador`),
  ADD KEY `asunto` (`servicio`);

--
-- Indices de la tabla `usuarios`
--
ALTER TABLE `usuarios`
  ADD PRIMARY KEY (`id_usuario`),
  ADD KEY `fk_empleado` (`fk_empleado`),
  ADD KEY `fk_permiso` (`fk_rol`);

--
-- AUTO_INCREMENT de las tablas volcadas
--

--
-- AUTO_INCREMENT de la tabla `areas`
--
ALTER TABLE `areas`
  MODIFY `id_area` int(11) NOT NULL AUTO_INCREMENT, AUTO_INCREMENT=9185;
--
-- AUTO_INCREMENT de la tabla `area_sistemas`
--
ALTER TABLE `area_sistemas`
  MODIFY `id_area_sistemas` int(11) NOT NULL AUTO_INCREMENT;
--
-- AUTO_INCREMENT de la tabla `asuntos`
--
ALTER TABLE `asuntos`
  MODIFY `id_asuntoP` int(11) NOT NULL AUTO_INCREMENT, AUTO_INCREMENT=25;
--
-- AUTO_INCREMENT de la tabla `base_conocimiento`
--
ALTER TABLE `base_conocimiento`
  MODIFY `id_resolucion` int(11) NOT NULL AUTO_INCREMENT;
--
-- AUTO_INCREMENT de la tabla `empleados`
--
ALTER TABLE `empleados`
  MODIFY `id_empleado` int(11) NOT NULL AUTO_INCREMENT, AUTO_INCREMENT=2854;
--
-- AUTO_INCREMENT de la tabla `estados`
--
ALTER TABLE `estados`
  MODIFY `id_estado` int(11) NOT NULL AUTO_INCREMENT, AUTO_INCREMENT=8;
--
-- AUTO_INCREMENT de la tabla `estados_pgm`
--
ALTER TABLE `estados_pgm`
  MODIFY `id_estado` int(11) NOT NULL AUTO_INCREMENT, AUTO_INCREMENT=6;
--
-- AUTO_INCREMENT de la tabla `historial_tickets`
--
ALTER TABLE `historial_tickets`
  MODIFY `id_historial` int(11) NOT NULL AUTO_INCREMENT, AUTO_INCREMENT=281;
--
-- AUTO_INCREMENT de la tabla `permisos`
--
ALTER TABLE `permisos`
  MODIFY `id_permiso` int(11) NOT NULL AUTO_INCREMENT, AUTO_INCREMENT=45;
--
-- AUTO_INCREMENT de la tabla `razones_transferencias`
--
ALTER TABLE `razones_transferencias`
  MODIFY `id_razon` int(11) NOT NULL AUTO_INCREMENT, AUTO_INCREMENT=3;
--
-- AUTO_INCREMENT de la tabla `roles`
--
ALTER TABLE `roles`
  MODIFY `id_rol` int(11) NOT NULL AUTO_INCREMENT, AUTO_INCREMENT=5;
--
-- AUTO_INCREMENT de la tabla `servicios`
--
ALTER TABLE `servicios`
  MODIFY `id_asuntoS` int(11) NOT NULL AUTO_INCREMENT, AUTO_INCREMENT=131;
--
-- AUTO_INCREMENT de la tabla `tickets`
--
ALTER TABLE `tickets`
  MODIFY `id_ticket` int(11) NOT NULL AUTO_INCREMENT, AUTO_INCREMENT=127;
--
-- AUTO_INCREMENT de la tabla `usuarios`
--
ALTER TABLE `usuarios`
  MODIFY `id_usuario` int(11) NOT NULL AUTO_INCREMENT, AUTO_INCREMENT=31;
--
-- Restricciones para tablas volcadas
--

--
-- Filtros para la tabla `asuntos`
--
ALTER TABLE `asuntos`
  ADD CONSTRAINT `asuntos_ibfk_1` FOREIGN KEY (`fk_area`) REFERENCES `areas` (`id_area`) ON UPDATE CASCADE;

--
-- Filtros para la tabla `empleados`
--
ALTER TABLE `empleados`
  ADD CONSTRAINT `empleados_ibfk_1` FOREIGN KEY (`fk_area`) REFERENCES `areas` (`id_area`);

--
-- Filtros para la tabla `encargado_servicios`
--
ALTER TABLE `encargado_servicios`
  ADD CONSTRAINT `encargado_servicios_ibfk_1` FOREIGN KEY (`usuario`) REFERENCES `usuarios` (`id_usuario`),
  ADD CONSTRAINT `encargado_servicios_ibfk_2` FOREIGN KEY (`asunto`) REFERENCES `servicios` (`id_asuntoS`);

--
-- Filtros para la tabla `estado_actual_pgm`
--
ALTER TABLE `estado_actual_pgm`
  ADD CONSTRAINT `estado_actual_pgm_ibfk_1` FOREIGN KEY (`fk_estado_pgm`) REFERENCES `estados_pgm` (`id_estado`);

--
-- Filtros para la tabla `historial_tickets`
--
ALTER TABLE `historial_tickets`
  ADD CONSTRAINT `historial_tickets_ibfk_1` FOREIGN KEY (`fk_ticket`) REFERENCES `tickets` (`id_ticket`),
  ADD CONSTRAINT `historial_tickets_ibfk_2` FOREIGN KEY (`fk_usuario`) REFERENCES `usuarios` (`id_usuario`),
  ADD CONSTRAINT `historial_tickets_ibfk_4` FOREIGN KEY (`fk_estado`) REFERENCES `estados` (`id_estado`),
  ADD CONSTRAINT `historial_tickets_ibfk_5` FOREIGN KEY (`fk_razon`) REFERENCES `razones_transferencias` (`id_razon`);

--
-- Filtros para la tabla `roles_permisos`
--
ALTER TABLE `roles_permisos`
  ADD CONSTRAINT `roles_permisos_ibfk_1` FOREIGN KEY (`fk_rol`) REFERENCES `roles` (`id_rol`),
  ADD CONSTRAINT `roles_permisos_ibfk_2` FOREIGN KEY (`fk_permiso`) REFERENCES `permisos` (`id_permiso`);

--
-- Filtros para la tabla `servicios`
--
ALTER TABLE `servicios`
  ADD CONSTRAINT `servicios_ibfk_1` FOREIGN KEY (`pertenece`) REFERENCES `asuntos` (`id_asuntoP`);

--
-- Filtros para la tabla `tickets`
--
ALTER TABLE `tickets`
  ADD CONSTRAINT `tickets_ibfk_2` FOREIGN KEY (`creador`) REFERENCES `usuarios` (`id_usuario`),
  ADD CONSTRAINT `tickets_ibfk_8` FOREIGN KEY (`servicio`) REFERENCES `servicios` (`id_asuntoS`) ON DELETE NO ACTION ON UPDATE CASCADE;

--
-- Filtros para la tabla `usuarios`
--
ALTER TABLE `usuarios`
  ADD CONSTRAINT `usuarios_ibfk_1` FOREIGN KEY (`fk_empleado`) REFERENCES `empleados` (`id_empleado`),
  ADD CONSTRAINT `usuarios_ibfk_2` FOREIGN KEY (`fk_rol`) REFERENCES `roles` (`id_rol`);

/*!40101 SET CHARACTER_SET_CLIENT=@OLD_CHARACTER_SET_CLIENT */;
/*!40101 SET CHARACTER_SET_RESULTS=@OLD_CHARACTER_SET_RESULTS */;
/*!40101 SET COLLATION_CONNECTION=@OLD_COLLATION_CONNECTION */;
