-- phpMyAdmin SQL Dump
-- version 4.5.5.1
-- http://www.phpmyadmin.net
--
-- Servidor: 127.0.0.1
-- Tiempo de generación: 21-07-2017 a las 15:22:40
-- Versión del servidor: 5.7.11
-- Versión de PHP: 7.0.4

SET SQL_MODE = "NO_AUTO_VALUE_ON_ZERO";
SET time_zone = "+00:00";


/*!40101 SET @OLD_CHARACTER_SET_CLIENT=@@CHARACTER_SET_CLIENT */;
/*!40101 SET @OLD_CHARACTER_SET_RESULTS=@@CHARACTER_SET_RESULTS */;
/*!40101 SET @OLD_COLLATION_CONNECTION=@@COLLATION_CONNECTION */;
/*!40101 SET NAMES utf8mb4 */;

--
-- Base de datos: `ticket`
--

-- --------------------------------------------------------

--
-- Estructura de tabla para la tabla `areas`
--

CREATE TABLE `areas` (
  `id_area` int(11) NOT NULL,
  `nombre_area` varchar(60) COLLATE utf8_spanish2_ci NOT NULL,
  `direccion` varchar(30) COLLATE utf8_spanish2_ci DEFAULT NULL,
  `correo` varchar(45) COLLATE utf8_spanish2_ci DEFAULT NULL
) ENGINE=InnoDB DEFAULT CHARSET=utf8 COLLATE=utf8_spanish2_ci;

--
-- Volcado de datos para la tabla `areas`
--

INSERT INTO `areas` (`id_area`, `nombre_area`, `direccion`, `correo`) VALUES
(38, 'Direccion de Sistemas', 'Mitre 531', 'secsistemas@bariloche.gov.ar'),
(9185, 'Direccion de Mantenimiento e Infraestructura', 'Rivadavia 520', 'dirmantenimientomscb@bariloche.gov.ar'),
(9186, 'Direccion de Contaduria', 'Mitre 531', 'contaduriacontablemscb@bariloche.gov.ar'),
(9187, 'Departamento de Contribuciones', 'Mitre 531', 'contribucionesmscb@bariloche.gov.ar'),
(9188, 'Secretaria de Hacienda', 'Mitre 531', 'haciendamscb@bariloche.gov.ar'),
(9189, 'Secretaria de Gobierno', 'Centro civico', 'secgobiernomscb@bariloche.gov.ar'),
(9190, 'Politicas tributarias', 'Mitre 531', 'politicastributarias1mscb@bariloche.gov.ar'),
(9191, 'Departamento de Sueldos', 'Moreno y Moreno', 'sueldosmscb@bariloche.gov.ar'),
(9192, 'Direccion de Tesoreria', 'Mitre 531', 'tesoreriamscb@bariloche.gov.ar'),
(9193, 'Tribunal de faltas II ', 'Terminal Omnibus', 'tribunalfaltas2mscb@bariloche.gov.ar'),
(9194, 'Dpto Terminal de Omnibus', 'Terminal', 'terminalmscb@bariloche.gov.ar'),
(9195, 'Secretaría de Obras y Servicios Públicos', 'Corralon', 'obraspublicasmscb@bariloche.gov.ar'),
(9196, 'Secretaría de Turismo y Produccion ', 'Centro civico', 'dirturismomscb@bariloche.gov.ar'),
(9197, 'Jefatura de Gabinete', 'Centro civico', 'jefaturagabinetemscb@bariloche.gov.ar'),
(9198, 'Sub Secretaria de Desarrollo Local', 'Ruiz Moreno', 'adempleomscb@gmail.com'),
(9199, 'Delegacion Catedral', 'Cerro Catedral', 'delegacioncatedralmscb@bariloche.gov.ar'),
(9200, 'Sub Secretaria de Medio Ambiente', 'Corralon', 'medioambientemscb@bariloche.gov.ar'),
(9201, 'Departamento de Fiscalizacion', 'Mitre 531', 'fiscalizacionmscb@bariloche.gov.ar');

-- --------------------------------------------------------

--
-- Estructura de tabla para la tabla `asuntos`
--

CREATE TABLE `asuntos` (
  `id_asuntoP` int(11) NOT NULL,
  `nombre` varchar(50) COLLATE utf8_spanish2_ci NOT NULL,
  `fk_area` int(11) NOT NULL,
  `visible` tinyint(1) NOT NULL
) ENGINE=InnoDB DEFAULT CHARSET=utf8 COLLATE=utf8_spanish2_ci;

--
-- Volcado de datos para la tabla `asuntos`
--

INSERT INTO `asuntos` (`id_asuntoP`, `nombre`, `fk_area`, `visible`) VALUES
(11, 'PGM viejo', 38, 1),
(12, 'Sueldos', 38, 1),
(13, 'WebDoc', 38, 1),
(14, 'Terminal', 38, 1),
(15, 'Cajero', 38, 1),
(16, 'Correo', 38, 1),
(17, 'Servicio tecnico', 38, 0),
(19, 'Tickets', 38, 1),
(20, 'Informe de pedidos', 38, 1),
(21, 'PGM nuevo', 38, 1),
(22, 'Servidores', 38, 0),
(23, 'Fichadas', 38, 1),
(24, 'Pedidos a Córdoba', 38, 0),
(25, 'Veterinaria', 38, 1),
(28, 'Carpinteria de obra', 9185, 0),
(29, 'Carpinteria de banco', 9185, 0),
(30, 'Pintura', 9185, 0),
(31, 'Herreria', 9185, 0),
(32, 'Plomeria y gas', 9185, 0),
(33, 'Electricidad', 9185, 0),
(34, 'Albañileria', 9185, 0);

-- --------------------------------------------------------

--
-- Estructura de tabla para la tabla `configuracion`
--

CREATE TABLE `configuracion` (
  `id_configuracion` int(11) NOT NULL,
  `nombre` varchar(15) COLLATE utf8_spanish2_ci NOT NULL,
  `descripcion` varchar(25) COLLATE utf8_spanish2_ci DEFAULT NULL,
  `obligatorio` tinyint(1) DEFAULT NULL
) ENGINE=MyISAM DEFAULT CHARSET=utf8 COLLATE=utf8_spanish2_ci;

--
-- Volcado de datos para la tabla `configuracion`
--

INSERT INTO `configuracion` (`id_configuracion`, `nombre`, `descripcion`, `obligatorio`) VALUES
(1, 'version', '6.0.3', 0);

-- --------------------------------------------------------

--
-- Estructura de tabla para la tabla `edificios`
--

CREATE TABLE `edificios` (
  `id_edificio` int(11) NOT NULL,
  `nombre` varchar(60) COLLATE utf8_spanish2_ci NOT NULL,
  `direccion` varchar(70) COLLATE utf8_spanish2_ci NOT NULL
) ENGINE=InnoDB DEFAULT CHARSET=utf8 COLLATE=utf8_spanish2_ci;

--
-- Volcado de datos para la tabla `edificios`
--

INSERT INTO `edificios` (`id_edificio`, `nombre`, `direccion`) VALUES
(1, 'PUESTO SANITARIO Y INF. TURÍSTICO', 'Caminera R.N.  237'),
(2, 'TERMINAL DE OMNIBUS – P.B.', 'R.N.. 237 altura terminal de FFCC'),
(3, 'TERMINAL DE OMNIBUS – P.A.', ''),
(4, 'TERMINAL DE OMNIBUS – EXTERIOR', ''),
(5, 'SIMBOV – SAN FRANC. IV', ''),
(6, 'CDI "PICHI CHE RUCA"     ', ' Bº san francisco 3º'),
(7, 'EDIF TRANSITO Y TRANSPORTE', 'San Jose 161'),
(8, 'EDIF VETERINARIA Y LABORAT ENSAYOS', 'San jose'),
(9, 'CANILES ', 'San jose'),
(10, 'INSP TRANSITO Y PREDIO ', 'San jose'),
(11, 'DELEGACIÓN EL CONDOR ', 'Esandi '),
(12, 'OFIC. TRANSITO PLAYON', ''),
(13, 'DELEG. EL CONDOR CAAT 1', ''),
(14, 'DELEG. EL CONDOR BAÑO QUIMICO', ''),
(15, 'DELEG EL CONDOR ARG TRABAJA', ''),
(16, 'GIMNASIO Nº 3', 'Chile y esandi'),
(17, 'CASA ABUELOS Bº 270 CASA 130', 'Bº 270 CASA 130'),
(18, 'SUM Bº 270 ', 'Bº 270 ESPACIO COMÚN'),
(19, 'PLAYA CENTENARIO QUIOSCO', 'Detras Esc. Nacional'),
(20, 'VELODROMO – PISTA', 'Elflein y Sarmiento'),
(21, 'VELODROMO – RIEGO', 'Elflein y Ruiz Moreno'),
(22, 'VELODROMO – USOS', 'Elflein y Ruiz Moreno'),
(23, 'GIMNASIO Nº1 – INFRAEST.', 'Elflein y Ruiz Moreno'),
(24, 'GIMNASIO Nº1 – USOS', ''),
(25, 'GIMNASIO Nº1 –VEREDA Y EXTERIOR', ''),
(26, 'CORRALÓN MUNIC – Sociales', 'Gallardo, Rivadavía, Tiscornia'),
(27, 'CORRALÓN MUNIC – Juntas Vecinales', ''),
(28, 'CORRALÓN MUNIC – Servicios', ''),
(29, 'CORRALÓN MUNIC – O. Part. M.E.', ''),
(30, 'CORRALÓN MUNIC – O.Púb. Archivo', ''),
(31, 'CORRALÓN MUNIC – Cuadrillas', ''),
(32, 'CORRALÓN MUNIC – pañol mant.', ''),
(33, 'CORRALÓN MUNIC – Cuadrillas, Lubricentro', ''),
(34, 'CORRALÓN MUNIC – taller mecánico', ''),
(35, 'CORRALÓN MUNIC –Lavadero', ''),
(36, 'CORRALÓN MUNIC – bacheo/pluviles', ''),
(37, 'CORRALÓN MUNIC – estacionamiento', ''),
(38, 'ESTADIO MUNICIPAL', 'Gallardo, 9 de julio, Tiscornia'),
(39, 'MORENO Y RUIZ MORENO', 'Moreno y Ruiz Moreno'),
(40, 'MERCADO COMUNITARIO', 'Chubut y ruiz moreno'),
(41, 'HOGAR "EMAÚS"                ', 'Otto goedecke  1170        '),
(42, 'CAAT 2-3', 'C. adm. prov. onelli 1450 1º'),
(43, 'SIMBOV – CENTRO', ''),
(44, 'CDI “Dulces sueños” ', 'Bº Araucaria - mascardi y rivadavia     '),
(45, 'RECREATIVO PERITO MORENO Q48', 'Bº Perito Moreno – Mascardi y 9 de julio'),
(46, 'CAAT 4', 'Centro comunitario bº 169 viv. onelli entre calle 3 y osses'),
(47, 'CC MUTISIAS', '1º de mayo y Barda'),
(48, 'CC Bº VIVERO', 'Bº Vivero'),
(49, 'CENTRO JUVENTUD Bº VIVERO', 'Ex Centro Salud PIC'),
(50, 'CDI Bº VIVERO ????', 'Ex Guardería PIC'),
(51, 'VIVERO MUNICIPAL', 'Rivadavia (al fondo)'),
(52, 'VIVERO MUNIC – ARG TRABAJA ', ''),
(53, 'VIVERO MUNIC – ASERRADERO', ''),
(54, 'VIVERO MUNIC – INVERNADERO', ''),
(55, 'CDI "PUDU PUDU"', 'Vilcapugio y Elordi            '),
(56, 'CENTRO KUMEN RUKA', 'Sobral y Ruiz Moreno '),
(57, 'CDI DR IGLESIAS', 'Mascardi  y  Onelli        '),
(58, 'LA LLAVE – Gral ', 'Onelli y Sobral'),
(59, 'LA LLAVE – Casa de la música', ''),
(60, 'LA LLAVE – Sala de Baile', ''),
(61, 'LA LLAVE – Bibloteca', ''),
(62, 'LA LLAVE – exterior', ''),
(63, 'CLUB COMUNITARIO ', 'Onelli y Mange'),
(64, 'CPA                                    ', 'Sobral y John O´Connor casa 4    Bº Boris Furman'),
(65, 'CEMENTERIO- ADMINIST.', 'Hermite e/ Beschedt y Onelli'),
(66, 'CEMENTERIO- PERSONAL', ''),
(67, 'CEMENTERIO – NICHOS Y URNARIOS', ''),
(68, 'CEMENTERIO – SEGURIDAD', ''),
(69, 'CºCª EVA PERON ', 'Taique y Michay'),
(70, 'CDI "ELUNEY"                    ', 'Bº Eva Perón - Beschted y Los notros'),
(71, 'EDIF. MITRE 535- TRIBUNAL FALTAS 1', 'Mitre 535'),
(72, 'EDIF. MITRE 545 – HACIENDA', 'Mitre 545'),
(73, 'EDIF. MITRE 545 SUMINISTROS', ''),
(74, 'EDIF. MITRE 545- DEPOSITOS', ''),
(75, 'DEFENSORÏA DEL PUEBLO', 'Quaglia 750'),
(76, 'CENTRO CÏVICO – INTENDENCIA', 'CENTRO CIVICO'),
(77, 'CENTRO CIVICO – EX CORREO', ''),
(78, 'CENTRO CIVICO – CULTURA', ''),
(79, 'CENTRO CIVICO – TRIB. CONTRALOR', ''),
(80, 'CENTRO CIVICO – PLAZA EXPEDICIONARIOS  DEL DESIERTO', ''),
(81, 'CENTRO CIVICO – PLAZA TRASERA', ''),
(82, 'CENTRO CIVICO – PLAZA DELANTERA', ''),
(83, 'CENTRO CIVICO – VEREDA JMR', ''),
(84, 'PUERTO – EDIFICIO concesionado', 'J.M. De Rosas 1'),
(85, 'PUERTO – EDIFICIO propio', ''),
(86, 'PUERTO – CABAÑA', ''),
(87, 'PUERTO – PLAYÓN', ''),
(88, 'PUERTO – EXTERIOR', ''),
(89, 'PUERTO – VEREDA JMR', ''),
(90, 'PUERTO – PLAYA', ''),
(91, 'PUERTO – ESCOLLERA', ''),
(92, 'CASA DEL DEPORTE-EDIF.', 'Costanera 100'),
(93, 'CASA DEL DEPORTE-PILETA', ''),
(94, 'CASA DEL DEPORTE-BAÑOS Hº', ''),
(95, 'CASA DEL DEPORTE-BAÑOS Mº', ''),
(96, 'CASA DEL DEPORTE-ALBERGUE', ''),
(97, 'Espacio radio y locales comerc.', ''),
(98, 'SCUM – Sala', 'Moreno y Villegas'),
(99, 'SCUM – paseo artesanos', ''),
(100, 'SCUM – exterior', ''),
(101, 'SCUM – anfiteatro', ''),
(102, 'SCUM  - Quiosco Turismo', ''),
(103, 'SCUM  - mapuches', ''),
(104, 'SCUM  - Quiosco artesanas', ''),
(105, 'VILLA HISTÓRICA', 'Morales y Elflein '),
(106, 'CºCº 10 DE DICIEMBRE', 'J. oconors y Anasagasti'),
(107, 'CASAS TUTELADAS Bº 10 DE DICIEMBRE', 'Fagnano, J´Oconnor, Frey'),
(108, 'CASA AMULEN', 'por seguridad no se pone direccion'),
(109, 'CDI "ABEDULES"', 'Rolando y hermite       '),
(110, 'EX CASA DEL CHANGA', 'Rolando y J. Herman'),
(111, 'DINARA - CAAT 5', ' J. Herman e/Rolando y Quaglia'),
(112, 'DINARA – Cº ABUELOS AMANECER', ''),
(113, 'DINARA – DELEG PAMPA HUENULEO', ''),
(114, 'DINARA -SALA DE ENSAYOS', ''),
(115, 'DINARA – DESPENSA COMUNITARIA', ''),
(116, 'DINARA – ARG. TRABAJA', ''),
(117, 'DINARA – VIALES', ''),
(118, 'DINARA -SOCIALES', ''),
(119, 'DINARA -SERVICIOS', ''),
(120, 'GIMNASIO Nº2 ', 'Rolando y la Paz'),
(121, 'GIMNASIO Nº2 – exterior', ''),
(122, 'CAAT 7 – CºCº Bº 28 DE ABRIL', 'Calle 5, casa 22'),
(123, 'CAAT 6', 'Pje gutierrez y brown (parroquia del carmen)'),
(124, 'CDI "ARCO IRIS MÁGICO"   ', ' Bº la cumbre - los andes y osorno  '),
(125, 'CDI "PEQUEÑOS CORAZONES"', 'Bº Malvinas - al lado escuela 320   '),
(126, 'CAAT 8', 'Al lado C.D.I. malvina soledad e islas del sur'),
(127, 'CAAT 9 – CºCº Bº FRUTILLAR', 'Chocori ????'),
(128, 'Cº Cº Bº UNION - CAAT 9 ', ''),
(129, 'CIC – SOCIAL ', 'Emilio Espinoza y Colectora Ruta'),
(130, 'CIC – SALUD', 'Emilio Espinoza '),
(131, 'CIC – SUM', 'Emilio Espinoza '),
(132, 'CENTRO PRODUCTIVO EX CºSº', 'Emilio Espinoza y Balduini'),
(133, 'CENTRO PRODUCTIVO EX COMISARIA', ''),
(134, 'SIMBOV –34 HA', 'Colectora Ruta'),
(135, 'VERTEDERO Pila', 'R.N. 40 '),
(136, 'VERTEDERO ARB comedor galpones', ''),
(137, 'VERTEDERO Galpon reciclado', ''),
(138, 'VERTEDERO compostaje etc ', ''),
(139, 'SIMBOV – MELIPAL', ''),
(140, 'DELEGACIÓN CERRO OTTO ', 'Av. Pioneros 4,700'),
(141, 'PISTA ATLETISMO', 'Pioneros Km 6.500'),
(142, 'CAAT 10 ', 'Villa llanquihue km 23 cº cº '),
(143, 'CAAT 10 ', 'J.V. misionera (km 7,400) los berbel 7,435 consultorio don zatti.  '),
(144, 'CAAT 10 ', 'Delegaciòn puerto moreno km 10,500'),
(145, 'DELEG. L. MORENO', 'Km 10,500'),
(146, 'DELEG. L. MORENO', 'Dep. bº covibar'),
(147, 'DELEG. L. MORENO', 'Km. 14 al lado comisaria'),
(148, 'SIMBOV – RUCA CURA', 'Bº Casa de Piedra'),
(149, 'GIMNASIO KM 13', 'Bº Jockey Club'),
(150, 'SIMBOV – CAMPANARIO', ''),
(151, 'CASA GUARDAPARQUE LLAO-LLAO', 'Bº Llao Llao – Detras de Soria Moria'),
(152, '', ''),
(153, 'CASA GUARDAPARQUE LAGO MORENO', 'Circuito chico acceso laguna escondida'),
(154, 'OF INFORMES L. MORENO', ''),
(155, 'DELEG. CATEDRAL- DEPOSITO', ''),
(156, 'DELEG. CATEDRAL- OFICINA- CºSº', ''),
(157, 'DELEG.  CATEDRAL- CABAÑA', ''),
(158, 'POLIDEP. LOS COIHUES', ''),
(159, 'SIMBOV – LOS COIHUES', ''),
(160, 'Edif. Aerolineas Arg.', 'Mitre y Quaglia'),
(161, 'Edif Seguridad Ciudadana', 'V. Alm. O´Connors e/Ruiz Moreno y Elordi'),
(163, 'EDIF. 24 DE SETIMBRE', '24 de Setiembre 12');

-- --------------------------------------------------------

--
-- Estructura de tabla para la tabla `empleados`
--

CREATE TABLE `empleados` (
  `id_empleado` int(11) NOT NULL,
  `nombre` varchar(30) COLLATE utf8_spanish2_ci NOT NULL,
  `apellido` varchar(30) COLLATE utf8_spanish2_ci NOT NULL,
  `documento` varchar(10) COLLATE utf8_spanish2_ci NOT NULL,
  `fk_area` int(11) NOT NULL,
  `legajo` int(11) NOT NULL
) ENGINE=InnoDB DEFAULT CHARSET=utf8 COLLATE=utf8_spanish2_ci;

--
-- Volcado de datos para la tabla `empleados`
--

INSERT INTO `empleados` (`id_empleado`, `nombre`, `apellido`, `documento`, `fk_area`, `legajo`) VALUES
(1, 'matias', 'benditti', '35593648', 38, 999998),
(113, 'alicia estela', 'varano', '17142252', 38, 174),
(146, 'gustavo alberto', 'dinardo', '17605283', 38, 232),
(199, 'hector gabriel', 'acuña', '16392455', 38, 331),
(395, 'gladys mabel', 'ibañez', '14759902', 38, 606),
(983, 'maria beatriz', 'marin', '23831042', 38, 20389),
(1177, 'eduardo', 'tomatis', '25553289', 38, 11263),
(1637, 'enzo david', 'aguilera kaiser', '28217146', 38, 20515),
(1685, 'juan carlos', 'ramos', '29428784', 38, 11327),
(2023, 'gustavo ruben', 'castro lamaison', '26645915', 38, 12275),
(2555, 'raul daniel', 'alvarez covarrubias', '31943461', 38, 13792),
(2851, 'estefania', 'klein', '32768591', 38, 999997),
(2852, 'bruno', 'ovando', '38091463', 38, 999999),
(2853, 'claudia', 'claudia', '12345987', 38, 988888),
(2854, 'Fernando', 'Arroyo', '22118188', 9185, 686),
(2855, 'Mariano', 'Llanquitur', '16702868', 9185, 20587),
(2856, 'Fabian', 'Munch', '26413059', 9185, 11532),
(2857, 'Osvaldo', 'Prado', '17062344', 9185, 352),
(2859, 'Alejandra', 'Sanders', '25256908', 9185, 11221),
(2860, 'Maria Elisabeth', 'Mella Paredes', '188933818', 9185, 11103),
(2861, 'Mariano', 'Llanquitur', '16702868', 9185, 20587),
(2862, 'Luciano', 'Antonio', 'Paredes', 9185, 20012),
(2863, 'Victor Antonio', 'Pichiñanco', '32213511', 9185, 14111),
(2864, 'Victor Hugo', 'Ruiz', '11131791', 9185, 408),
(2865, 'Mauro Ariel', 'Cardenas Arismendi', '34667555', 9185, 11920),
(2866, 'Fidel Rene', 'Mamani', '13161833', 9185, 790),
(2867, 'Alejo Gabriel', 'Zurano', '33918177', 9185, 20013),
(2868, 'Miguel Angel', 'Vargas', '13989593', 9185, 11381),
(2869, 'Miguel', 'Macaya', '11581226', 9185, 425),
(2870, 'Miguel Angel', 'Inostroza', '13812061', 9185, 11486),
(2871, 'Jorge Alberto', 'Quesada', '16235307', 9185, 1085),
(2872, 'Luis Daniel', 'Catriman', '17451257', 9185, 20575),
(2873, 'Danilo', 'Rosas', '92765874', 9185, 40),
(2874, 'Desiderio', 'Silva', '13123541', 9185, 781),
(2875, 'Hector', 'Sanchez', '26019654', 9185, 514),
(2876, 'Luis Osvaldo', 'Sandoval', '31244422', 9185, 11152),
(2877, 'Daniel Eduardo', 'Comiquil', '30784169', 9185, 11134),
(2878, 'Rodrigo Ezequiel', 'Antimil', '35594598', 9185, 20007),
(2879, 'Ezequiel Eduardo', 'Painefil', '35818060', 9185, 14275),
(2880, 'Luis Alberto', 'Sambueza', '25599796', 9185, 11171),
(2881, 'Jose Basilio', 'Maldonado', '13989273', 9185, 11160),
(2882, 'Leandro', 'Paredes', '32213734', 9185, 12296),
(2883, 'Omar Antonio', 'Huenuman', '20679043', 9185, 21629),
(2884, 'Nelson', 'Gelvez', '31943146', 9185, 735),
(2885, 'Juan Carlos', 'Inostroza', '13812078', 9185, 12539),
(2886, 'Elidoro', 'Muñoz', '16053695', 9185, 11260),
(2887, 'Leonardo Favio', 'Ancavil', '20679497', 9185, 14300),
(2888, 'Luciano', 'Paredes', '35818002', 9185, 20012),
(2889, 'Rosana', 'Gonzalez', '24828558', 9201, 646),
(2890, 'Marta', 'Montenegro', '17451045', 9201, 1538),
(2891, 'Daiana', 'Cardenas', '33918108', 9201, 90114),
(2892, 'Cristian', 'Lopez', '33658157', 9201, 11557);

-- --------------------------------------------------------

--
-- Estructura de tabla para la tabla `encargado_servicios`
--

CREATE TABLE `encargado_servicios` (
  `usuario` int(11) NOT NULL,
  `asunto` int(11) NOT NULL
) ENGINE=InnoDB DEFAULT CHARSET=utf8 COLLATE=utf8_spanish2_ci;

--
-- Volcado de datos para la tabla `encargado_servicios`
--

INSERT INTO `encargado_servicios` (`usuario`, `asunto`) VALUES
(3, 27),
(3, 29),
(3, 48),
(3, 51),
(3, 52),
(3, 53),
(3, 54),
(3, 55),
(3, 56),
(3, 57),
(3, 58),
(3, 89),
(3, 102),
(3, 103),
(3, 104),
(3, 105),
(3, 106),
(3, 107),
(3, 108),
(3, 109),
(3, 110),
(3, 111),
(3, 113),
(3, 114),
(3, 128),
(3, 129),
(3, 130),
(3, 131),
(3, 132),
(3, 137),
(3, 138),
(3, 139),
(3, 140),
(3, 238),
(15, 51),
(15, 102),
(15, 130),
(16, 59),
(16, 60),
(16, 62),
(16, 90),
(16, 91),
(16, 92),
(16, 93),
(16, 94),
(16, 95),
(16, 96),
(17, 29),
(17, 49),
(17, 50),
(17, 51),
(17, 66),
(17, 67),
(17, 68),
(17, 69),
(17, 70),
(17, 71),
(17, 74),
(17, 76),
(17, 77),
(17, 78),
(17, 79),
(17, 80),
(17, 81),
(17, 82),
(17, 83),
(17, 84),
(17, 85),
(17, 86),
(17, 87),
(17, 88),
(17, 102),
(17, 130),
(17, 134),
(17, 135),
(18, 102),
(18, 104),
(18, 109),
(18, 110),
(18, 111),
(18, 115),
(18, 116),
(18, 117),
(18, 118),
(18, 119),
(18, 120),
(18, 121),
(18, 122),
(18, 123),
(18, 124),
(18, 125),
(18, 126),
(18, 127),
(18, 128),
(18, 131),
(18, 132),
(18, 137),
(18, 140),
(19, 59),
(19, 62),
(19, 90),
(19, 91),
(19, 92),
(19, 93),
(19, 94),
(19, 95),
(19, 96),
(21, 49),
(21, 50),
(21, 66),
(21, 67),
(21, 68),
(21, 69),
(21, 70),
(21, 71),
(21, 74),
(21, 76),
(21, 77),
(21, 78),
(21, 79),
(21, 80),
(21, 81),
(21, 82),
(21, 83),
(21, 84),
(21, 85),
(21, 86),
(21, 87),
(21, 88),
(21, 104),
(21, 106),
(21, 107),
(21, 108),
(21, 109),
(21, 110),
(21, 111),
(21, 113),
(21, 114),
(21, 120),
(21, 121),
(21, 127),
(21, 128),
(21, 132),
(21, 134),
(21, 135),
(21, 136),
(21, 139),
(21, 140),
(23, 51),
(23, 52),
(23, 53),
(23, 62),
(23, 90),
(23, 91),
(23, 92),
(23, 93),
(23, 94),
(23, 95),
(23, 97),
(23, 98),
(23, 99),
(23, 100),
(23, 101),
(23, 102),
(23, 104),
(23, 105),
(23, 106),
(23, 107),
(23, 108),
(23, 109),
(23, 110),
(23, 111),
(23, 128),
(23, 129),
(23, 130),
(23, 131),
(23, 132),
(23, 137),
(23, 140),
(23, 238),
(24, 27),
(24, 29),
(24, 48),
(24, 51),
(24, 52),
(24, 53),
(24, 54),
(24, 55),
(24, 56),
(24, 57),
(24, 58),
(24, 59),
(24, 60),
(24, 62),
(24, 89),
(24, 90),
(24, 91),
(24, 92),
(24, 93),
(24, 94),
(24, 95),
(24, 96),
(24, 97),
(24, 98),
(24, 99),
(24, 100),
(24, 101),
(24, 102),
(24, 103),
(24, 239),
(25, 62),
(25, 90),
(25, 91),
(25, 92),
(25, 93),
(25, 94),
(25, 95),
(25, 96),
(27, 54),
(27, 102),
(27, 112),
(27, 113),
(27, 114),
(27, 125),
(27, 127),
(27, 129),
(27, 130),
(27, 131),
(27, 139),
(28, 27),
(28, 29),
(28, 48),
(28, 49),
(28, 50),
(28, 51),
(28, 52),
(28, 53),
(28, 54),
(28, 55),
(28, 56),
(28, 57),
(28, 58),
(28, 59),
(28, 60),
(28, 62),
(28, 66),
(28, 67),
(28, 68),
(28, 69),
(28, 70),
(28, 71),
(28, 74),
(28, 76),
(28, 77),
(28, 78),
(28, 79),
(28, 80),
(28, 81),
(28, 82),
(28, 83),
(28, 84),
(28, 85),
(28, 86),
(28, 87),
(28, 88),
(28, 89),
(28, 90),
(28, 91),
(28, 92),
(28, 93),
(28, 94),
(28, 95),
(28, 96),
(28, 97),
(28, 98),
(28, 99),
(28, 100),
(28, 101),
(28, 102),
(28, 103),
(28, 104),
(28, 105),
(28, 106),
(28, 107),
(28, 108),
(28, 109),
(28, 110),
(28, 111),
(28, 112),
(28, 113),
(28, 114),
(28, 115),
(28, 116),
(28, 117),
(28, 118),
(28, 119),
(28, 120),
(28, 121),
(28, 122),
(28, 123),
(28, 124),
(28, 125),
(28, 126),
(28, 127),
(28, 128),
(28, 129),
(28, 130),
(28, 131),
(28, 132),
(28, 134),
(28, 135),
(28, 136),
(28, 137),
(28, 138),
(28, 139),
(28, 140),
(28, 141),
(28, 142),
(28, 143),
(28, 144),
(28, 145),
(28, 146),
(28, 147),
(28, 148),
(28, 149),
(28, 150),
(28, 151),
(28, 152),
(28, 153),
(28, 154),
(28, 155),
(28, 156),
(28, 157),
(28, 158),
(28, 159),
(28, 160),
(28, 161),
(28, 162),
(28, 163),
(28, 165),
(28, 166),
(28, 167),
(28, 168),
(28, 169),
(28, 170),
(28, 171),
(28, 172),
(28, 173),
(28, 174),
(28, 175),
(28, 176),
(28, 177),
(28, 178),
(28, 179),
(28, 180),
(28, 181),
(28, 182),
(28, 183),
(28, 184),
(28, 185),
(28, 186),
(28, 187),
(28, 188),
(28, 189),
(28, 190),
(28, 191),
(28, 192),
(28, 193),
(28, 194),
(28, 195),
(28, 196),
(28, 197),
(28, 198),
(28, 199),
(28, 200),
(28, 201),
(28, 202),
(28, 203),
(28, 204),
(28, 205),
(28, 206),
(28, 207),
(28, 208),
(28, 209),
(28, 210),
(28, 211),
(28, 212),
(28, 213),
(28, 214),
(28, 215),
(28, 216),
(28, 217),
(28, 218),
(28, 219),
(28, 220),
(28, 221),
(28, 222),
(28, 223),
(28, 224),
(28, 225),
(28, 226),
(28, 227),
(28, 228),
(28, 229),
(28, 230),
(28, 231),
(28, 232),
(28, 233),
(28, 234),
(28, 235),
(28, 236),
(28, 237),
(28, 238),
(28, 239),
(29, 48),
(29, 59),
(29, 60),
(29, 96),
(29, 102),
(29, 104),
(29, 105),
(29, 106),
(29, 107),
(29, 108),
(29, 109),
(29, 110),
(30, 29),
(30, 48),
(31, 141),
(31, 142),
(31, 143),
(31, 144),
(31, 145),
(31, 146),
(31, 147),
(31, 148),
(31, 149),
(31, 150),
(31, 151),
(31, 152),
(31, 153),
(31, 154),
(31, 155),
(31, 156),
(31, 157),
(31, 158),
(31, 159),
(31, 160),
(31, 161),
(31, 162),
(31, 163),
(31, 165),
(31, 166),
(31, 167),
(31, 168),
(31, 169),
(31, 170),
(31, 171),
(31, 172),
(31, 173),
(31, 174),
(31, 175),
(31, 176),
(31, 177),
(31, 178),
(31, 179),
(31, 180),
(31, 181),
(31, 182),
(31, 183),
(31, 184),
(31, 185),
(31, 186),
(31, 187),
(31, 188),
(31, 189),
(31, 190),
(31, 191),
(31, 192),
(31, 193),
(31, 194),
(31, 195),
(31, 196),
(31, 197),
(31, 198),
(31, 199),
(31, 200),
(31, 201),
(31, 202),
(31, 203),
(31, 204),
(31, 205),
(31, 206),
(31, 207),
(31, 208),
(31, 209),
(31, 210),
(31, 211),
(31, 212),
(31, 213),
(31, 214),
(31, 215),
(31, 216),
(31, 217),
(31, 218),
(31, 219),
(31, 220),
(31, 221),
(31, 222),
(31, 223),
(31, 224),
(31, 225),
(31, 226),
(31, 227),
(31, 228),
(31, 229),
(31, 230),
(31, 231),
(31, 232),
(31, 233),
(31, 234),
(31, 235),
(31, 236),
(31, 237),
(33, 141),
(33, 142),
(33, 143),
(33, 144),
(33, 145),
(33, 146),
(33, 147),
(33, 148),
(33, 149),
(33, 150),
(33, 151),
(33, 152),
(33, 153),
(33, 154),
(33, 155),
(33, 156),
(33, 157),
(33, 158),
(33, 159),
(33, 160),
(33, 161),
(33, 162),
(33, 163),
(33, 165),
(33, 166),
(33, 167),
(33, 168),
(33, 169),
(33, 170),
(33, 171),
(33, 172),
(33, 173),
(33, 174),
(33, 175),
(33, 176),
(33, 177),
(33, 178),
(33, 179),
(33, 180),
(33, 181),
(33, 182),
(33, 183),
(33, 184),
(33, 185),
(33, 186),
(33, 187),
(33, 188),
(33, 189),
(33, 190),
(33, 191),
(33, 192),
(33, 193),
(33, 194),
(33, 195),
(33, 196),
(33, 197),
(33, 198),
(33, 199),
(33, 200),
(33, 201),
(33, 202),
(33, 203),
(33, 204),
(33, 205),
(33, 206),
(33, 207),
(33, 208),
(33, 209),
(33, 210),
(33, 211),
(33, 212),
(33, 213),
(33, 214),
(33, 215),
(33, 216),
(33, 217),
(33, 218),
(33, 219),
(33, 220),
(33, 221),
(33, 222),
(33, 223),
(33, 224),
(33, 225),
(33, 226),
(33, 227),
(33, 228),
(33, 229),
(33, 230),
(33, 231),
(33, 232),
(33, 233),
(33, 234),
(33, 235),
(33, 236),
(33, 237),
(34, 141),
(34, 142),
(34, 143),
(34, 144),
(34, 145),
(34, 146),
(34, 147),
(34, 148),
(34, 149),
(34, 150),
(34, 151),
(34, 152),
(34, 153),
(34, 154),
(34, 155),
(34, 156),
(34, 157),
(34, 158),
(34, 159),
(34, 160),
(34, 161),
(34, 162),
(34, 163),
(34, 165),
(34, 166),
(34, 167),
(34, 168),
(34, 169),
(34, 170),
(34, 171),
(34, 172),
(34, 173),
(34, 174),
(34, 175),
(34, 176),
(34, 177),
(34, 178),
(34, 179),
(34, 180),
(34, 181),
(34, 182),
(34, 183),
(34, 184),
(34, 185),
(34, 186),
(34, 187),
(34, 188),
(34, 189),
(34, 190),
(34, 191),
(34, 192),
(34, 193),
(34, 194),
(34, 195),
(34, 196),
(34, 197),
(34, 198),
(34, 199),
(34, 200),
(34, 201),
(34, 202),
(34, 203),
(34, 204),
(34, 205),
(34, 206),
(34, 207),
(34, 208),
(34, 209),
(34, 210),
(34, 211),
(34, 212),
(34, 213),
(34, 214),
(34, 215),
(34, 216),
(34, 217),
(34, 218),
(34, 219),
(34, 220),
(34, 221),
(34, 222),
(34, 223),
(34, 224),
(34, 225),
(34, 226),
(34, 227),
(34, 228),
(34, 229),
(34, 230),
(34, 231),
(34, 232),
(34, 233),
(34, 234),
(34, 235),
(34, 236),
(34, 237),
(36, 141),
(36, 142),
(36, 143),
(36, 144),
(36, 145),
(36, 146),
(36, 147),
(36, 148),
(36, 149),
(36, 150),
(36, 151),
(41, 152),
(41, 153),
(41, 154),
(41, 155),
(41, 156),
(41, 157),
(41, 158),
(44, 159),
(44, 160),
(44, 161),
(44, 162),
(44, 163),
(44, 165),
(44, 166),
(49, 167),
(49, 168),
(49, 169),
(49, 170),
(49, 171),
(49, 172),
(49, 173),
(49, 174),
(49, 175),
(49, 176),
(51, 177),
(51, 178),
(51, 179),
(51, 180),
(51, 181),
(51, 182),
(51, 183),
(51, 184),
(51, 185),
(51, 186),
(51, 187),
(51, 188),
(51, 189),
(51, 190),
(51, 191),
(51, 192),
(51, 193),
(51, 194),
(51, 195),
(51, 196),
(51, 197),
(51, 198),
(51, 199),
(51, 200),
(51, 201),
(51, 202),
(51, 203),
(51, 204),
(51, 205),
(51, 206),
(51, 207),
(51, 208),
(51, 209),
(51, 210),
(54, 211),
(54, 212),
(54, 213),
(54, 214),
(54, 215),
(54, 216),
(54, 217),
(54, 218),
(54, 219),
(54, 220),
(54, 221),
(54, 222),
(54, 223),
(54, 224),
(54, 225),
(54, 226),
(58, 227),
(58, 228),
(58, 229),
(58, 230),
(58, 231),
(58, 232),
(58, 233),
(58, 234),
(58, 235),
(58, 236),
(58, 237),
(63, 141),
(63, 142),
(63, 143),
(63, 144),
(63, 145),
(63, 146),
(63, 147),
(63, 148),
(63, 149),
(63, 150),
(63, 151),
(63, 152),
(63, 153),
(63, 154),
(63, 155),
(63, 156),
(63, 157),
(63, 158),
(63, 159),
(63, 160),
(63, 161),
(63, 162),
(63, 163),
(63, 165),
(63, 166),
(63, 167),
(63, 168),
(63, 169),
(63, 170),
(63, 171),
(63, 172),
(63, 173),
(63, 174),
(63, 175),
(63, 176),
(63, 177),
(63, 178),
(63, 179),
(63, 180),
(63, 181),
(63, 182),
(63, 183),
(63, 184),
(63, 185),
(63, 186),
(63, 187),
(63, 188),
(63, 189),
(63, 190),
(63, 191),
(63, 192),
(63, 193),
(63, 194),
(63, 195),
(63, 196),
(63, 197),
(63, 198),
(63, 199),
(63, 200),
(63, 201),
(63, 202),
(63, 203),
(63, 204),
(63, 205),
(63, 206),
(63, 207),
(63, 208),
(63, 209),
(63, 210),
(63, 211),
(63, 212),
(63, 213),
(63, 214),
(63, 215),
(63, 216),
(63, 217),
(63, 218),
(63, 219),
(63, 220),
(63, 221),
(63, 222),
(63, 223),
(63, 224),
(63, 225),
(63, 226),
(63, 227),
(63, 228),
(63, 229),
(63, 230),
(63, 231),
(63, 232),
(63, 233),
(63, 234),
(63, 235),
(63, 236),
(63, 237),
(64, 141),
(64, 142),
(64, 143),
(64, 144),
(64, 145),
(64, 146),
(64, 147),
(64, 148),
(64, 149),
(64, 150),
(64, 151),
(64, 152),
(64, 153),
(64, 154),
(64, 155),
(64, 156),
(64, 157),
(64, 158),
(64, 159),
(64, 160),
(64, 161),
(64, 162),
(64, 163),
(64, 165),
(64, 166),
(64, 167),
(64, 168),
(64, 169),
(64, 170),
(64, 171),
(64, 172),
(64, 173),
(64, 174),
(64, 175),
(64, 176),
(64, 177),
(64, 178),
(64, 179),
(64, 180),
(64, 181),
(64, 182),
(64, 183),
(64, 184),
(64, 185),
(64, 186),
(64, 187),
(64, 188),
(64, 189),
(64, 190),
(64, 191),
(64, 192),
(64, 193),
(64, 194),
(64, 195),
(64, 196),
(64, 197),
(64, 198),
(64, 199),
(64, 200),
(64, 201),
(64, 202),
(64, 203),
(64, 204),
(64, 205),
(64, 206),
(64, 207),
(64, 208),
(64, 209),
(64, 210),
(64, 211),
(64, 212),
(64, 213),
(64, 214),
(64, 215),
(64, 216),
(64, 217),
(64, 218),
(64, 219),
(64, 220),
(64, 221),
(64, 222),
(64, 223),
(64, 224),
(64, 225),
(64, 226),
(64, 227),
(64, 228),
(64, 229),
(64, 230),
(64, 231),
(64, 232),
(64, 233),
(64, 234),
(64, 235),
(64, 236),
(64, 237);

-- --------------------------------------------------------

--
-- Estructura de tabla para la tabla `estados`
--

CREATE TABLE `estados` (
  `id_estado` int(11) NOT NULL,
  `nombre` varchar(30) COLLATE utf8_spanish2_ci NOT NULL
) ENGINE=InnoDB DEFAULT CHARSET=utf8 COLLATE=utf8_spanish2_ci;

--
-- Volcado de datos para la tabla `estados`
--

INSERT INTO `estados` (`id_estado`, `nombre`) VALUES
(1, 'Enviado'),
(2, 'Recibido'),
(3, 'En espera'),
(4, 'Respondido'),
(5, 'Resuelto'),
(6, 'Trabajando'),
(7, 'Eliminado'),
(8, 'Control'),
(9, 'Transferido');

-- --------------------------------------------------------

--
-- Estructura de tabla para la tabla `estados_pgm`
--

CREATE TABLE `estados_pgm` (
  `id_estado` int(11) NOT NULL,
  `estado` varchar(15) COLLATE utf8_spanish2_ci NOT NULL
) ENGINE=InnoDB DEFAULT CHARSET=utf8 COLLATE=utf8_spanish2_ci;

--
-- Volcado de datos para la tabla `estados_pgm`
--

INSERT INTO `estados_pgm` (`id_estado`, `estado`) VALUES
(1, 'Excelente'),
(2, 'Bien'),
(3, 'Lento'),
(4, 'Bloqueado'),
(5, 'Reiniciando');

-- --------------------------------------------------------

--
-- Estructura de tabla para la tabla `estado_actual_pgm`
--

CREATE TABLE `estado_actual_pgm` (
  `id` int(11) NOT NULL,
  `fk_estado_pgm` int(11) NOT NULL,
  `fecha` timestamp NOT NULL
) ENGINE=InnoDB DEFAULT CHARSET=utf8 COLLATE=utf8_spanish2_ci;

--
-- Volcado de datos para la tabla `estado_actual_pgm`
--

INSERT INTO `estado_actual_pgm` (`id`, `fk_estado_pgm`, `fecha`) VALUES
(1, 1, '2017-06-30 14:04:53');

-- --------------------------------------------------------

--
-- Estructura de tabla para la tabla `historial_tickets`
--

CREATE TABLE `historial_tickets` (
  `id_historial` int(11) NOT NULL,
  `fk_ticket` int(11) NOT NULL,
  `fk_usuario` int(11) DEFAULT NULL COMMENT AS `Usuario actual`,
  `fecha` date NOT NULL,
  `fk_estado` int(11) DEFAULT NULL,
  `resolucion` varchar(3000) DEFAULT NULL COMMENT AS `Mensajes,respuestas y como se resolvio`,
  `fk_razon` int(11) DEFAULT NULL
) ENGINE=InnoDB DEFAULT CHARSET=utf8;

--
-- Volcado de datos para la tabla `historial_tickets`
--

INSERT INTO `historial_tickets` (`id_historial`, `fk_ticket`, `fk_usuario`, `fecha`, `fk_estado`, `resolucion`, `fk_razon`) VALUES
(28, 16, 24, '2016-11-16', 1, NULL, NULL),
(29, 17, 24, '2016-11-16', 1, NULL, NULL),
(32, 20, 24, '2016-11-16', 1, NULL, NULL),
(33, 21, 24, '2016-11-16', 1, NULL, NULL),
(34, 22, 24, '2016-11-16', 1, NULL, NULL),
(35, 16, 24, '2016-11-16', 5, 'RESUELTO', NULL),
(36, 23, 24, '2016-11-16', 1, NULL, NULL),
(37, 24, 24, '2016-11-16', 1, NULL, NULL),
(38, 25, 24, '2016-11-16', 1, NULL, NULL),
(39, 26, 24, '2016-11-16', 1, NULL, NULL),
(40, 27, 24, '2016-11-16', 1, NULL, NULL),
(41, 28, 24, '2016-11-16', 1, NULL, NULL),
(42, 29, 24, '2016-11-16', 1, NULL, NULL),
(43, 30, 24, '2016-11-16', 1, NULL, NULL),
(44, 31, 24, '2016-11-16', 1, NULL, NULL),
(45, 32, 24, '2016-11-16', 1, NULL, NULL),
(46, 33, 24, '2016-11-16', 1, NULL, NULL),
(47, 34, 24, '2016-11-16', 1, NULL, NULL),
(48, 35, 24, '2016-11-16', 1, NULL, NULL),
(49, 36, 24, '2016-11-16', 1, NULL, NULL),
(50, 37, 24, '2016-11-16', 1, NULL, NULL),
(51, 38, 24, '2016-11-16', 1, NULL, NULL),
(52, 34, 24, '2016-11-16', 5, NULL, NULL),
(53, 39, 24, '2016-11-16', 1, NULL, NULL),
(54, 31, 24, '2016-11-16', 5, 'atendido por castro solucionado', NULL),
(55, 20, 24, '2016-11-16', 5, NULL, NULL),
(56, 40, 24, '2016-11-16', 1, NULL, NULL),
(57, 40, 24, '2016-11-16', 5, NULL, NULL),
(58, 17, 24, '2016-11-16', 5, 'Tenia acceso directo del cajero viejo', NULL),
(60, 22, 24, '2016-11-16', 5, 'Fue a tesoreria\n', NULL),
(61, 24, 24, '2016-11-16', 5, 'Cambio la clave y se olvido.', NULL),
(62, 41, 24, '2016-11-18', 1, NULL, NULL),
(63, 39, 24, '2016-11-18', 5, 'resuelto', NULL),
(64, 42, 24, '2016-11-18', 1, NULL, NULL),
(65, 25, 24, '2016-11-18', 5, 'resuelto', NULL),
(66, 26, 24, '2016-11-18', 5, 'resuelto', NULL),
(67, 42, 24, '2016-11-18', 5, 'resuelto', NULL),
(68, 41, 24, '2016-11-18', 5, 'resuelto', NULL),
(69, 43, 24, '2016-11-18', 1, NULL, NULL),
(70, 38, 24, '2016-11-18', 5, 'resuelto', NULL),
(71, 43, 24, '2016-11-18', 5, 'resuelto', NULL),
(72, 44, 24, '2016-11-18', 1, NULL, NULL),
(73, 37, 24, '2016-11-18', 5, NULL, NULL),
(79, 39, 24, '2016-11-29', 1, NULL, NULL),
(80, 41, 24, '2016-11-29', 1, NULL, NULL),
(82, 39, 24, '2016-11-29', 5, 'resuelto', NULL),
(83, 27, 24, '2016-11-29', 5, 'Problema del servidor cuando se desconecta remotamente alguien bloquea las conexiones.', NULL),
(84, 33, 24, '2016-11-29', 5, 'Contraseña reinicializada.', NULL),
(85, 44, 24, '2016-11-29', 5, 'Permisos otorgados\n', NULL),
(118, 23, 3, '2017-02-15', 2, NULL, NULL),
(119, 41, 3, '2017-02-15', 2, NULL, NULL),
(120, 23, 3, '2017-02-15', 5, 'null - - - Resolucion: se hizo', NULL),
(121, 41, 3, '2017-02-15', 5, 'Resolucion: se hizo', NULL),
(147, 76, 30, '2017-04-18', 1, NULL, NULL),
(149, 76, 27, '2017-04-18', 2, NULL, NULL),
(150, 28, 15, '2017-04-19', 2, NULL, NULL),
(151, 29, 15, '2017-04-19', 2, NULL, NULL),
(152, 30, 15, '2017-04-19', 2, NULL, NULL),
(153, 35, 15, '2017-04-19', 2, NULL, NULL),
(154, 36, 15, '2017-04-19', 2, NULL, NULL),
(161, 76, 3, '2017-04-19', 7, NULL, NULL),
(172, 77, 3, '2017-04-19', 1, NULL, NULL),
(173, 77, 3, '2017-04-19', 2, NULL, NULL),
(174, 77, 3, '2017-04-19', 5, 'Resolucion: Se agregaron los accesos a consulta generarl de fichadas', NULL),
(175, 78, 3, '2017-04-19', 1, NULL, NULL),
(176, 78, 3, '2017-04-19', 2, NULL, NULL),
(177, 78, 3, '2017-04-19', 5, 'Resolucion: Se agregaron permisos solicitados\n', NULL),
(178, 79, 3, '2017-04-19', 1, NULL, NULL),
(179, 79, 3, '2017-04-19', 2, NULL, NULL),
(180, 80, 3, '2017-04-19', 1, NULL, NULL),
(181, 81, 3, '2017-04-19', 1, NULL, NULL),
(182, 80, 3, '2017-04-19', 2, NULL, NULL),
(183, 81, 3, '2017-04-19', 2, NULL, NULL),
(184, 82, 3, '2017-04-19', 1, NULL, NULL),
(185, 82, 3, '2017-04-19', 2, NULL, NULL),
(186, 80, 3, '2017-04-19', 5, 'Resolucion: ', NULL),
(187, 81, 3, '2017-04-19', 5, 'Resolucion: ', NULL),
(188, 82, 3, '2017-04-19', 5, 'Resolucion: Se crea usuario en PGM nuevo con permisos de Mercado Comunitario S1', NULL),
(189, 83, 3, '2017-04-19', 1, NULL, NULL),
(190, 83, 3, '2017-04-19', 2, NULL, NULL),
(195, 79, 18, '2017-04-20', 2, NULL, NULL),
(202, 79, 18, '2017-04-20', 4, 'nullMensaje de avarano: hola', NULL),
(203, 79, 3, '2017-04-20', 4, 'Mensaje de mbenditti: Hola', NULL),
(213, 90, 18, '2017-04-21', 1, NULL, NULL),
(217, 94, 18, '2017-04-21', 1, NULL, NULL),
(218, 94, 18, '2017-04-21', 4, ' Mensaje de avarano: Se modifico estado a Adeudado.\nPosteriormente se verifico que la anulacion correspondia a una dj rectificativa posterior.\n\nSe creo reporte para consultar boletas adeudadas/prescriptas.', NULL),
(219, 94, 18, '2017-04-21', 5, ' Mensaje de avarano: Se modifico estado a Adeudado.\nPosteriormente se verifico que la anulacion correspondia a una dj rectificativa posterior.\n\nSe creo reporte para consultar boletas adeudadas/prescriptas.\n - - - - - Resolucion por avarano : Se modifico estado a Adeudado.\nPosteriormente se verifico que la anulacion correspondia a una dj rectificativa posterior.\n\nSe creo reporte para consultar boletas adeudadas/prescriptas.', NULL),
(223, 90, 18, '2017-04-21', 7, NULL, NULL),
(225, 95, 18, '2017-04-21', 1, NULL, NULL),
(226, 95, 18, '2017-04-21', 5, 'Resolucion por avarano : Verificamos el caso y el item estaba transferido exactamente igual a los datos existentes en la base de datos original de la transferencia. Posiblemente esa boleta haya sido modificada posterior a la transferencia. Verificamos además todos los talonarios y no existen cuotas de los mismos sin ítems.\n\n', NULL),
(230, 98, 18, '2017-04-21', 1, NULL, NULL),
(231, 98, 18, '2017-04-21', 3, NULL, NULL),
(234, 98, 18, '2017-04-21', 4, ' Mensaje de avarano: Respondieron que no encontraron nada mal.\n\nLos procesas eran 8000958357 y 8031989232. Hector encontro que se ambos tienen igual id_proceso\nl', NULL),
(241, 104, 18, '2017-04-21', 1, NULL, NULL),
(242, 105, 18, '2017-04-21', 1, NULL, NULL),
(244, 106, 18, '2017-04-21', 1, NULL, NULL),
(245, 107, 18, '2017-04-21', 1, NULL, NULL),
(246, 108, 18, '2017-04-21', 1, NULL, NULL),
(247, 109, 18, '2017-04-21', 1, NULL, NULL),
(248, 109, 18, '2017-04-21', 3, NULL, NULL),
(249, 109, 18, '2017-04-21', 4, NULL, NULL),
(250, 110, 18, '2017-04-21', 1, NULL, NULL),
(251, 111, NULL, '2017-04-21', 1, NULL, NULL),
(252, 111, 18, '2017-04-21', 4, NULL, NULL),
(253, 112, NULL, '2017-04-21', 1, NULL, NULL),
(254, 79, 18, '2017-04-21', 4, NULL, NULL),
(255, 79, 18, '2017-04-21', 5, 'Resolucion por avarano : ', NULL),
(256, 113, 18, '2017-04-21', 1, NULL, NULL),
(257, 113, 18, '2017-04-21', 4, NULL, NULL),
(258, 113, 18, '2017-04-21', 5, 'Resolucion por avarano : lo anulo ccartes.', NULL),
(259, 114, 18, '2017-04-21', 1, NULL, NULL),
(260, 83, 3, '2017-04-21', 5, 'Resolucion por mbenditti : Se envio excel con los datos solicitados', NULL),
(261, 115, NULL, '2017-04-21', 1, NULL, NULL),
(262, 116, NULL, '2017-04-21', 1, NULL, NULL),
(263, 117, 3, '2017-04-21', 1, NULL, NULL),
(264, 118, NULL, '2017-04-24', 1, NULL, NULL),
(265, 119, 3, '2017-04-24', 1, NULL, NULL),
(266, 120, NULL, '2017-04-24', 1, NULL, NULL),
(267, 121, NULL, '2017-04-24', 1, NULL, NULL),
(268, 122, 21, '2017-04-24', 1, NULL, NULL),
(269, 122, 21, '2017-04-24', 5, 'Resolucion por eklein : 3 minutos', NULL),
(270, 119, 3, '2017-04-24', 5, 'Resolucion por mbenditti : Porque tenia un plan de pago anulado y 3 cuotas pagas, se generaron las notas de credito\n', NULL),
(271, 120, 3, '2017-04-24', 5, 'Resolucion por mbenditti : Resetio clave bruno', NULL),
(272, 117, 3, '2017-04-24', 5, 'Resolucion por mbenditti : (Y)', NULL),
(273, 123, NULL, '2017-04-24', 1, NULL, NULL),
(274, 116, 27, '2017-04-24', 5, 'Resolucion por bovando : servidor listo para sitio comunicar, tiempo: 2 hs', NULL),
(275, 115, 27, '2017-04-24', 5, 'Resolucion por bovando : ', NULL),
(276, 124, NULL, '2017-04-24', 1, NULL, NULL),
(277, 125, NULL, '2017-04-24', 1, NULL, NULL),
(278, 123, 3, '2017-04-25', 5, 'Resolucion por mbenditti : Se les dio permiso para el fichas de proveedores en listados especiales.', NULL),
(279, 118, 18, '2017-04-25', 4, NULL, NULL),
(282, 128, NULL, '2017-04-26', 1, NULL, NULL),
(283, 128, 3, '2017-04-26', 5, 'Resolucion por mbenditti : Se creo usuario en el sistema de fichadas', NULL),
(284, 129, NULL, '2017-04-26', 1, NULL, NULL),
(285, 130, NULL, '2017-04-26', 1, NULL, NULL),
(303, 133, 18, '2017-04-28', 1, NULL, NULL),
(304, 134, 18, '2017-04-28', 1, NULL, NULL),
(305, 134, 18, '2017-04-28', 5, 'Resolucion por avarano : se modifico el estado de las declaraciones-.', NULL),
(306, 118, 18, '2017-04-28', 5, 'Resolucion por avarano : se informo del listado\n', NULL),
(307, 130, 18, '2017-04-28', 5, 'Resolucion por avarano : ya lo hizo mati', NULL),
(308, 130, 18, '2017-04-28', 1, 'Resolucion por avarano : ya lo hizo mati', NULL),
(309, 135, 18, '2017-04-28', 1, NULL, NULL),
(310, 135, 18, '2017-04-28', 5, 'Resolucion por avarano : Pgm modifico estado cuotas talonarios a adeudadas y se caducaron los talonarios.', NULL),
(311, 130, 3, '2017-04-28', 5, 'Resolucion por avarano : ya lo hizo mati\nResolucion por mbenditti : Si lo hice yo', NULL),
(312, 136, NULL, '2017-05-02', 1, NULL, NULL),
(313, 136, 27, '2017-05-02', 5, 'Resolucion por bovando : Claves solicitadas blanqueadas.', NULL),
(321, 133, 18, '2017-05-02', 4, NULL, NULL),
(323, 133, 18, '2017-05-02', 5, 'Resolucion por avarano : En estas 3 cuentas  no coinciden el tipo de obra con el tipo de plan.\nNo se cual corresponde y habria que revisar la fecha de vencimiento de la deuda generada.\n \n904002531                                         \n904002618                                         \n904002713\n', NULL),
(387, 208, 27, '2017-05-04', 1, NULL, NULL),
(388, 208, 27, '2017-05-04', 5, 'Resolucion por bovando : Se modico el documento de plantilla Nota Retencion Licencia con lo solicitado.', NULL),
(389, 209, NULL, '2017-05-04', 1, NULL, NULL),
(390, 209, 27, '2017-05-04', 5, 'Resolucion por bovando : Se creo usuario semarin para ver sus fichadas', NULL),
(409, 227, 18, '2017-05-05', 1, NULL, NULL),
(410, 228, 18, '2017-05-05', 1, NULL, NULL),
(411, 229, 18, '2017-05-05', 1, NULL, NULL),
(412, 229, 18, '2017-05-05', 5, 'Resolucion por avarano : 20161121|13:36:03|roceballo boleta 0933602166\n\n20161122|10:00:18 AM|MAMONTES el recibo digital\n\nSec.Hacienda solicito anulacion boleta adeudada', NULL),
(413, 230, 18, '2017-05-05', 1, NULL, NULL),
(414, 231, 18, '2017-05-05', 1, NULL, NULL),
(415, 232, 18, '2017-05-05', 1, NULL, NULL),
(416, 230, 18, '2017-05-05', 5, 'Resolucion por avarano : La generación de la boleta por baja comercial se hace por el administrador de deuda, tipo de período :\n \nCOMERCIO E INDUSTRIA   |  SS - SUBTASAS GENERALES   |  S3 - BAJA DE HABILITACION COMERCIAL \n \nY buscas el item “Certif.Baja Comercial”\n', NULL),
(417, 227, 18, '2017-05-05', 5, 'Resolucion por avarano : Las fechas de las cuotas generadas no se pueden modificar.\nYa anulé la boleta que vencia en mayo y liquidé la que corresponde( vencimiento 17/4)\n', NULL),
(418, 233, 18, '2017-05-05', 1, NULL, NULL),
(419, 234, 21, '2017-05-05', 1, NULL, NULL),
(420, 234, 21, '2017-05-05', 5, 'Resolucion por eklein : Utilicé el grupo SECHACIENDA-S2, tiene los mismos permisos que S1, pero además pueden ver el resumen del padrón de sueldos.\nLos siguientes usuarios:\nAMARQUEZ\nJFRANCISCO\nKLOPEZ', NULL),
(421, 235, 21, '2017-05-05', 1, NULL, NULL),
(422, 236, 21, '2017-05-05', 1, NULL, NULL),
(423, 237, 17, '2017-05-05', 1, NULL, NULL),
(424, 238, NULL, '2017-05-05', 1, NULL, NULL),
(425, 238, 3, '2017-05-05', 5, 'Resolucion por mbenditti : Se creo nuevo usuario smtestore en PGM', NULL),
(426, 239, NULL, '2017-05-05', 1, NULL, NULL),
(427, 239, 21, '2017-05-05', 2, NULL, NULL),
(428, 239, 21, '2017-05-05', 5, 'Resolucion por eklein : Los puse en SECHACIENDA-S2.', NULL),
(429, 240, 27, '2017-05-08', 1, NULL, NULL),
(430, 121, 18, '2017-05-08', 5, 'Resolucion por avarano : Hice  Reporte: POLTRI-Notas crédito-débito\n\n', NULL),
(431, 233, 18, '2017-05-08', 5, 'Resolucion por avarano : Talo-Talonarios Sociales con el que podes sacar un padrón de talonarios que adeudan cuotas y que se hicieron en concepto de \n\nAyudas sociales a Personas                        \nEquipamiento Comunitario-PilaresSociales          \nEquipamiento Familiar                             \nFortalecimiento Comunidad Caat 7                  \nFo.SE.Mu.                                         \nFondo Rotatorio Economia Social     \nMejoramiento Habitacional Caat 10                 \nMejoramiento Habitacional                         \nMicrocreditos Programa Agricultura Familiar       \nRecupero de materiales                            \nREDES   \nDesarrollo Social                                 \nTraslado Habitacional\n\notro listado : Nombre Reporte: Talo-Estado cuotas sociales generadas\n\n', NULL),
(432, 228, 18, '2017-05-08', 5, 'Resolucion por avarano :  Reporte: Talo-Talonarios por tipo', NULL),
(433, 241, NULL, '2017-05-08', 1, NULL, NULL),
(434, 232, 18, '2017-05-08', 7, NULL, NULL),
(435, 242, NULL, '2017-05-08', 1, NULL, NULL),
(436, 231, 21, '2017-05-08', 2, NULL, NULL),
(437, 237, 21, '2017-05-08', 3, NULL, NULL),
(438, 236, 21, '2017-05-08', 3, NULL, NULL),
(439, 235, 21, '2017-05-08', 3, NULL, NULL),
(440, 231, 21, '2017-05-08', 3, NULL, NULL),
(441, 21, 3, '2017-05-08', 5, 'Resolucion por mbenditti : ', NULL),
(442, 28, 3, '2017-05-08', 5, 'Resolucion por mbenditti : ', NULL),
(443, 29, 3, '2017-05-08', 5, 'Resolucion por mbenditti : ', NULL),
(444, 30, 3, '2017-05-08', 5, 'Resolucion por mbenditti : ', NULL),
(445, 32, 3, '2017-05-08', 5, 'Resolucion por mbenditti : ', NULL),
(446, 35, 3, '2017-05-08', 5, 'Resolucion por mbenditti : ', NULL),
(447, 36, 3, '2017-05-08', 5, 'Resolucion por mbenditti : ', NULL),
(448, 243, 21, '2017-05-08', 1, NULL, NULL),
(449, 243, 21, '2017-05-08', 3, NULL, NULL),
(450, 241, 3, '2017-05-08', 5, 'Resolucion por mbenditti : Era por los permisos de devengar multiples periodos/cuotas.\nSe arregla para la proxima actualizacion de PGM.', NULL),
(451, 244, NULL, '2017-05-09', 1, NULL, NULL),
(452, 245, NULL, '2017-05-09', 1, NULL, NULL),
(453, 246, NULL, '2017-05-09', 1, NULL, NULL),
(454, 247, NULL, '2017-05-09', 1, NULL, NULL),
(455, 247, 3, '2017-05-09', 5, 'Resolucion por mbenditti : Lo miodificaron desde Córdoba.', NULL),
(456, 245, 3, '2017-05-10', 4, NULL, NULL),
(457, 248, NULL, '2017-05-11', 1, NULL, NULL),
(458, 248, 27, '2017-05-11', 7, NULL, NULL),
(459, 249, NULL, '2017-05-11', 1, NULL, NULL),
(460, 249, 27, '2017-05-11', 5, 'Resolucion por bovando : Se solicito a PGM que cambien por la base de datos, una cuenta de comercio que tenia comillas en el texto describiendo el tipo de publicidad.\nPGM realizo la modificacion y ya se puede modificar el tipo de publicidad y demas.', NULL),
(461, 245, 3, '2017-05-11', 5, 'Resolucion por mbenditti : Ya poseia el permiso\n', NULL),
(462, 244, 3, '2017-05-11', 5, 'Resolucion por mbenditti : Se creo un usuario para los sistemas PGM, PGM nuevo, WebDoc y Fichadas.', NULL),
(464, 243, 21, '2017-05-11', 5, 'Resolucion por eklein : Cristian envió la partida a la cuál se imputan los pasantes.', NULL),
(465, 251, 21, '2017-05-11', 1, NULL, NULL),
(466, 252, 21, '2017-05-11', 1, NULL, NULL),
(467, 252, 21, '2017-05-11', 5, 'Resolucion por eklein : La puse en el mismo grupo que Cristian Paredes', NULL),
(468, 251, 21, '2017-05-11', 5, 'Resolucion por eklein : Hice los de Personal, estamos a la espera del listado de Usuarios de RRHH.', NULL),
(469, 253, 21, '2017-05-11', 1, NULL, NULL),
(470, 254, 21, '2017-05-11', 1, NULL, NULL),
(471, 255, 21, '2017-05-12', 1, NULL, NULL),
(472, 256, 21, '2017-05-15', 1, NULL, NULL),
(473, 257, NULL, '2017-05-15', 1, NULL, NULL),
(474, 257, 3, '2017-05-15', 5, 'Resolucion por mbenditti : Se agregó el permiso solicitado.', NULL),
(475, 258, NULL, '2017-05-16', 1, NULL, NULL),
(476, 254, 21, '2017-05-16', 3, NULL, NULL),
(477, 255, 21, '2017-05-16', 3, NULL, NULL),
(478, 259, 21, '2017-05-16', 1, NULL, NULL),
(479, 259, 21, '2017-05-16', 5, 'Resolucion por eklein : Ya le di el alta en PGM Nuevo en SUELDOS-S1 y le dejé los permisos solicitados en el viejo.', NULL),
(480, 260, 21, '2017-05-16', 1, NULL, NULL),
(481, 261, 21, '2017-05-16', 1, NULL, NULL),
(482, 260, 21, '2017-05-16', 5, 'Resolucion por eklein : ', NULL),
(483, 261, 21, '2017-05-16', 5, 'Resolucion por eklein : ', NULL),
(484, 258, 18, '2017-05-16', 5, 'Resolucion por avarano : Se modificó la fecha según lo solicitado.', NULL),
(485, 231, 21, '2017-05-16', 5, 'Resolucion por eklein : Matías hizo una página web para importar el reporte generado con el PGM Nuevo en .csv y levantarlo\ndede ahí y así poder generar los recibos con el sistemas de sueldos web.', NULL),
(486, 262, 18, '2017-05-16', 1, NULL, NULL),
(487, 262, 18, '2017-05-17', 5, 'Resolucion por avarano : Se realizaron las modificaciones', NULL),
(488, 263, 21, '2017-05-17', 1, NULL, NULL),
(489, 263, 21, '2017-05-17', 5, 'Resolucion por eklein : Les di los permisos en RRHH-S1 en el reporte indicado.', NULL),
(490, 253, 21, '2017-05-17', 5, 'Resolucion por eklein : Lo arreglaron desde PGM. Lo probó Claudia de Sueldos. Ya funciona.', NULL),
(491, 256, 21, '2017-05-17', 3, NULL, NULL),
(492, 264, 21, '2017-05-17', 1, NULL, NULL),
(493, 264, 21, '2017-05-17', 5, 'Resolucion por eklein : Hola Fabiana, ya hice el cambio y creé la Novedad 4230 APORTE SEG.VIDA RETROACTIVO. Deberán poner el valor a deducir en VALOR_1 de la Novedad individual.\n \nRecuerden que la falta de vinculación les va a aparecer a fin de mes, pidan la partida a Cristian para ésta novedad.\n \nSaludos!\n \nEstefanía\n', NULL),
(494, 265, NULL, '2017-05-17', 1, NULL, NULL),
(495, 266, 18, '2017-05-17', 1, NULL, NULL),
(496, 267, 18, '2017-05-17', 1, NULL, NULL),
(497, 265, 18, '2017-05-17', 5, 'Resolucion por avarano : Se dio permiso cambio de año a grupo tesoreria-s3', NULL),
(498, 266, 18, '2017-05-17', 5, 'Resolucion por avarano : La afectación está desafectada, por eso no puede utilizarse.', NULL),
(499, 267, 18, '2017-05-17', 5, 'Resolucion por avarano : En el sistema nuevo no existe tipo de recibo ingreso por retenciones, asi que todos los ingresos son por recaudacion de caja.\nNo se puede imprimir ese tipo de recibo.\nLo ven del libro banco.', NULL),
(500, 235, 21, '2017-05-17', 5, 'Resolucion por eklein : Se agregó el que chipeó y se modifico el término Propietarios en el Menu y el Manu principal.', NULL),
(501, 268, 18, '2017-05-17', 1, NULL, NULL),
(502, 269, 18, '2017-05-18', 1, NULL, NULL),
(503, 256, 21, '2017-05-18', 5, 'Resolucion por eklein : Hola Estefania, ya se resolvieron los problemas en  el reporte para que \nlo prueben nuevamente.\n\nSaludos\n\n    Ing. Dehaine Alejandro\n      Consultor Senior\n    PROGRAM CONSULTORES S.A.\n         Juan del Campillo 779\n(X5000GTO) - Córdoba - Argentina\nTel/fax (0351) 4474200 y rotativas\nWeb-Site:www.municipalidad.com\n\n\nYa lo probamos, funciona. Sacaron los SUBTOTALES para que sume bien.', NULL),
(504, 270, 18, '2017-05-18', 1, NULL, NULL),
(505, 271, 18, '2017-05-18', 1, NULL, NULL),
(506, 272, 18, '2017-05-18', 1, NULL, NULL),
(507, 273, NULL, '2017-05-18', 1, NULL, NULL),
(508, 274, 3, '2017-05-18', 1, NULL, NULL),
(509, 275, 3, '2017-05-18', 1, NULL, NULL),
(510, 276, 18, '2017-05-18', 1, NULL, NULL),
(511, 275, 3, '2017-05-18', 5, 'Resolucion por mbenditti : Se asigno el numero de legajo como clave.', NULL),
(512, 277, 18, '2017-05-18', 1, NULL, NULL),
(513, 271, 18, '2017-05-18', 5, 'Resolucion por avarano : En el campo subarea habia quedado grabado un punto a continuacion del codigo. Se corrigio.', NULL),
(514, 273, 18, '2017-05-18', 4, NULL, NULL),
(515, 278, 21, '2017-05-19', 1, NULL, NULL),
(516, 278, 21, '2017-05-19', 5, 'Resolucion por eklein : Ubicada en grupo SECGOBIERNO-S2, mismos permisos que SECGOBIERNO-S3 pero además con padrón de sueldos.', NULL),
(517, 272, 18, '2017-05-19', 5, 'Resolucion por avarano : No se estaban mandando todos los talonarios, solo los activos.\nEl activo determina si se pueden o no hacer NUEVOS talonarios de ese tipo. ', NULL),
(518, 269, 18, '2017-05-19', 5, 'Resolucion por avarano : Modificado por Córdoba', NULL),
(519, 279, 18, '2017-05-19', 1, NULL, NULL),
(520, 277, 18, '2017-05-19', 3, NULL, NULL),
(521, 277, 18, '2017-05-19', 4, NULL, NULL),
(522, 277, 18, '2017-05-19', 3, NULL, NULL),
(523, 273, 18, '2017-05-19', 3, NULL, NULL),
(524, 280, NULL, '2017-05-19', 1, NULL, NULL),
(525, 280, 18, '2017-05-19', 4, NULL, NULL),
(526, 280, 18, '2017-05-19', 3, NULL, NULL),
(527, 281, 18, '2017-05-19', 1, NULL, NULL),
(528, 282, 18, '2017-05-19', 1, NULL, NULL),
(529, 125, 25, '2017-05-19', 2, NULL, NULL),
(530, 125, 25, '2017-05-19', 1, 'Resolucion por dalvarez : no ', NULL),
(531, 283, NULL, '2017-05-19', 1, NULL, NULL),
(532, 284, 18, '2017-05-19', 1, NULL, NULL),
(539, 287, 18, '2017-05-19', 1, NULL, NULL),
(555, 288, 18, '2017-05-23', 1, NULL, NULL),
(556, 289, NULL, '2017-05-23', 1, NULL, NULL),
(557, 290, 18, '2017-05-23', 1, NULL, NULL),
(558, 291, 18, '2017-05-23', 1, NULL, NULL),
(559, 292, NULL, '2017-05-24', 1, NULL, NULL),
(560, 293, NULL, '2017-05-24', 1, NULL, NULL),
(565, 296, 21, '2017-05-24', 1, NULL, NULL),
(566, 297, 21, '2017-05-24', 1, NULL, NULL),
(567, 296, 21, '2017-05-24', 5, 'Resolucion por eklein : Se le dió el permiso ABST_APRPA', NULL),
(568, 297, 21, '2017-05-24', 5, 'Resolucion por eklein : Ya tenían los permisos, sólo se dió de alta el usuario SRANQUEHUE que no tenía, en CULTURA-S3.', NULL),
(569, 288, 18, '2017-05-26', 5, 'Resolucion por avarano : enviado', NULL),
(570, 281, 18, '2017-05-26', 5, 'Resolucion por avarano : realizado reporte Nombre Reporte: Contr-Padron estado deuda por tipo obra', NULL),
(571, 298, 21, '2017-05-26', 1, NULL, NULL),
(572, 298, 21, '2017-05-26', 5, 'Resolucion por eklein : Hola Vanesa, el problema era porque quedó la novedad con el cálculo viejo con zona de surogancia, ahora quedó SAC - ZONA como debe ser.\n\nSaludos\n\nEstefanía\n(Sistemas - Interno 140)\n\nAdemás cuando de PGM hicieron el cambio en la novedad 10300 para que no se incluya la zona en la subrogancia,\nse olvidaron de sacar AZONA = MONTO + MONTO_ZO_SUB , que sumaba la zona de la subrogancia a la zona fria (que ahora ya la incluye)', NULL),
(573, 299, 18, '2017-05-26', 1, NULL, NULL),
(574, 299, 18, '2017-05-26', 5, 'Resolucion por avarano : nc automatica para registrar pago anual , con importe distinto.', NULL),
(575, 300, 21, '2017-05-26', 1, NULL, NULL),
(576, 300, 21, '2017-05-26', 5, 'Resolucion por eklein : Había quedado mal el cálculo porque se tenía en cuenta la zona de la subrogancia, como ya no está incluida en la misma, cambia \nel cálculo. Ver cambio en novedades.', NULL),
(577, 301, 27, '2017-05-26', 1, NULL, NULL),
(578, 302, 21, '2017-05-26', 1, NULL, NULL),
(579, 302, 21, '2017-05-26', 5, 'Resolucion por eklein : Se le asignaron los permisos al legajo 375 y se la cambió a perfil Jefe.', NULL),
(580, 303, 21, '2017-05-26', 1, NULL, NULL),
(581, 237, 21, '2017-05-26', 4, NULL, NULL),
(582, 304, 18, '2017-05-26', 1, NULL, NULL),
(583, 305, 18, '2017-05-26', 1, NULL, NULL),
(584, 306, 18, '2017-05-26', 1, NULL, NULL),
(585, 307, 18, '2017-05-26', 1, NULL, NULL),
(586, 308, 18, '2017-05-26', 1, NULL, NULL),
(587, 308, 18, '2017-05-26', 5, 'Resolucion por avarano : 15939\n1 0935456406 cobrado\n2 0935456414 cobrado\n3 0935456422 R08 orden no pagar\n\n15928\n1 0935456286 cobrado\n2 0935456294 R10 falta de fondos\n3 0935456309 R10 falta de fondos\n\nFalta generar deuda a los rechazados del vencimiento tasa 10/04. Mande el archivo a cordoba para que lo carguen\n', NULL),
(588, 306, 18, '2017-05-26', 5, 'Resolucion por avarano : Estas notas de credito no estaba activo. Active y di permisos. Martes manda mail.', NULL),
(589, 307, 18, '2017-05-26', 4, NULL, NULL),
(590, 307, 18, '2017-05-26', 3, NULL, NULL),
(591, 307, 18, '2017-05-26', 4, NULL, NULL),
(592, 309, 18, '2017-05-29', 1, NULL, NULL),
(593, 310, NULL, '2017-05-29', 1, NULL, NULL),
(594, 309, 18, '2017-05-29', 4, NULL, NULL),
(595, 309, 18, '2017-05-29', 5, 'Resolucion por avarano : Pgm generó los débitos correspondientes a la cuota 3.\nNo se habían mandado las boletas mal acreditadas.', NULL),
(596, 246, 3, '2017-05-29', 3, NULL, NULL),
(597, 311, 21, '2017-05-29', 1, NULL, NULL),
(598, 311, 21, '2017-05-29', 5, 'Resolucion por eklein : Listo!\n \nUsuarios\n \nBWINKELMAN clave winkelman\n \nMEGGERS clave eggers\n \nLuego la cambian de General--> Seguridad --> Cambio de contraseña\n \nSaludos!\n \nEstefanía\n(Sistemas - Interno 140)', NULL),
(602, 310, 18, '2017-05-29', 4, NULL, NULL),
(603, 310, 18, '2017-05-30', 5, 'Resolucion por avarano : Pgm lo incorporó.', NULL),
(604, 291, 18, '2017-05-30', 5, 'Resolucion por avarano : se anularon en legales\n', NULL),
(605, 280, 18, '2017-05-30', 5, 'Resolucion por avarano : modifico pgm', NULL),
(606, 284, 18, '2017-05-30', 5, 'Resolucion por avarano : no hay ningun inconveniente', NULL),
(607, 277, 18, '2017-05-30', 4, NULL, NULL),
(608, 98, 18, '2017-05-30', 4, ' Mensaje de avarano: Respondieron que no encontraron nada mal.\n\nLos procesas eran 8000958357 y 8031989232. Hector encontro que se ambos tienen igual id_proceso\nl', NULL),
(609, 98, 18, '2017-05-30', 5, ' Mensaje de avarano: Respondieron que no encontraron nada mal.\n\nLos procesas eran 8000958357 y 8031989232. Hector encontro que se ambos tienen igual id_proceso\nl\nResolucion por avarano : quizas traiga problemas.', NULL),
(610, 315, 18, '2017-05-30', 1, NULL, NULL),
(611, 315, 18, '2017-05-30', 5, 'Resolucion por avarano : di de alta tipo plan, periodo e item. vincule y envie manual por mail', NULL),
(612, 316, 18, '2017-05-30', 1, NULL, NULL),
(613, 316, 18, '2017-05-30', 5, 'Resolucion por avarano : di de alta la persona, no tenian permiso', NULL),
(614, 317, 18, '2017-05-30', 1, NULL, NULL),
(615, 111, 18, '2017-05-30', 5, 'Resolucion por avarano : no lo hicieron', NULL),
(616, 109, 18, '2017-05-30', 5, 'Resolucion por avarano : no volvio a suceder, aparentemente', NULL),
(617, 110, 18, '2017-05-30', 5, 'Resolucion por avarano : Fernando dijo  que lo solucionarion. no volvio a pasar.', NULL),
(618, 318, 18, '2017-05-30', 1, NULL, NULL),
(619, 318, 18, '2017-05-30', 4, NULL, NULL),
(620, 319, 21, '2017-05-31', 1, NULL, NULL),
(621, 319, 21, '2017-05-31', 5, 'Resolucion por eklein : La Novedad 1240 se encuentra cargada tanto en Remunerativo (Ya no se usa) como en Subsidio.\nEl problema es que está 2 veces con el mismo código de Novedad, por lo que en el momento\nde la migración, ésto debe haber causado la no vinculación del Subsidio.\nCristian ya cargó las cuentas correspondientes.', NULL),
(622, 320, 21, '2017-05-31', 1, NULL, NULL),
(623, 320, 21, '2017-05-31', 4, NULL, NULL),
(624, 321, 18, '2017-05-31', 1, NULL, NULL),
(625, 321, 18, '2017-05-31', 3, NULL, NULL),
(626, 321, 18, '2017-05-31', 4, NULL, NULL),
(627, 322, 21, '2017-05-31', 1, NULL, NULL),
(628, 322, 21, '2017-05-31', 5, 'Resolucion por eklein : Ya cambiaron el reporte.', NULL),
(629, 323, 21, '2017-05-31', 1, NULL, NULL),
(630, 324, 21, '2017-05-31', 1, NULL, NULL),
(631, 325, 21, '2017-05-31', 1, NULL, NULL),
(632, 325, 21, '2017-05-31', 5, 'Resolucion por eklein : Estefanía:\n\nLo solicitado no es viable ya que cada empleado tiene asignada su área\nadministrativa específica y la vinculación de las novedades se debe realizar para\ncada área administrativa en caso de corresponder partidas discriminadas o para todas\nlas áreas cuando todo se imputa a una sola partida. No existe discriminación por\ntipos de empleado en la vinculación de novedades.\n\nSaludos.-\n\n\nIng. Fernando M. Gonzalez\nConsultor Senior\nProgram Consultores S.A.\nJuan del Campillo 779\n(X5000GTO) Cordoba - Argentina\nTel/fax (0351) 4474200 y rotativas\nWeb.Site: www.municipalidad.com', NULL),
(633, 326, 21, '2017-05-31', 1, NULL, NULL),
(634, 255, 21, '2017-06-01', 4, NULL, NULL),
(635, 237, 21, '2017-06-01', 5, 'Resolucion por eklein : Ya lo verificó Vanesa de Sueldos, funciona bien ahora.', NULL),
(636, 255, 21, '2017-06-01', 5, 'Resolucion por eklein : Lo probo Vanesa, funciona bien.', NULL),
(637, 301, 21, '2017-06-01', 5, 'Resolucion por eklein : Lo hizo bruno, reinició las claves y cambió los usuarios con ñ por n', NULL),
(638, 321, 18, '2017-06-01', 5, 'Resolucion por avarano : Lo cargo Pgm', NULL),
(639, 327, 18, '2017-06-01', 1, NULL, NULL),
(640, 328, 3, '2017-06-01', 1, NULL, NULL),
(641, 327, 18, '2017-06-02', 5, 'Resolucion por avarano : Las recaudaciones de más en la cuenta “51108 Habilitaciones Comerciales” se debieron a que hubo ítems erróneamente vinculados a esa cuenta. \nEn el mes de abril y ante la consulta de la Cdora. Lilian Baroni, se revisó la vinculación, se corrigieron ítems mal vinculados y se le informó que para corregir esa recaudación en más se debería efectuar el movimiento contable correspondiente.\n \nCon el reporte “Tesor-Recaudación por cuenta contable entre fechas” pueden obtenerse los importes recaudados por ítem entre fechas para determinada cuenta de ingreso. A partir de esa información se pueden determinar los importes a ajustar, que son los que corresponden a los ítems mal vinculados.\n \nCon el reporte “Tesor-Ítems vinculados a una cuenta” pueden verse que ítems están actualmente vinculados a una determinada cuenta de ingreso, para efectuar una revisión de estos datos.', NULL),
(642, 329, 18, '2017-06-02', 1, NULL, NULL),
(643, 329, 18, '2017-06-02', 4, NULL, NULL),
(644, 307, 18, '2017-06-02', 5, 'Resolucion por avarano : si correspondia. se corrigieron los montos porque tiene una eximición. y se anulo la incidencia de la cuota 3 porque lo pago en banco patagonia.\n', NULL),
(645, 318, 18, '2017-06-02', 5, 'Resolucion por avarano : ya lo resolvio claudia.', NULL),
(646, 293, 18, '2017-06-02', 5, 'Resolucion por avarano : Lo resolvieron de Pgm cordoba:\n el problema era que la cuenta de ingreso: “\'51174\', \'PI\', \'TARJETA SUBE\'” estaba usada en abril y no estaba en ninguna ordenanza, yo la agregue en la primera ordenanza q tienen en abril: “\'Nro.:044SH17\' del 2017-04-04”, en el vigente tenia presupuesto 0.00 la cargue igual, el balance esta CERRADO.', NULL),
(647, 287, 18, '2017-06-02', 3, NULL, NULL),
(648, 282, 18, '2017-06-02', 5, 'Resolucion por avarano : Lo termino Matias', NULL),
(649, 277, 18, '2017-06-02', 3, NULL, NULL),
(650, 274, 18, '2017-06-02', 5, 'Resolucion por avarano : desestimado:(', NULL),
(651, 114, 18, '2017-06-02', 3, NULL, NULL),
(652, 112, 18, '2017-06-02', 3, NULL, NULL),
(653, 108, 18, '2017-06-02', 3, NULL, NULL),
(654, 107, 18, '2017-06-02', 3, NULL, NULL),
(655, 106, 18, '2017-06-02', 3, NULL, NULL),
(656, 105, 18, '2017-06-02', 3, NULL, NULL),
(657, 104, 18, '2017-06-02', 3, NULL, NULL),
(658, 329, 18, '2017-06-02', 3, NULL, NULL),
(659, 330, 18, '2017-06-02', 1, NULL, NULL),
(660, 331, 21, '2017-06-02', 1, NULL, NULL),
(661, 331, 21, '2017-06-02', 5, 'Resolucion por eklein : Listo Claudia, te sugiero que revises todos los legajos que tenés con 28 puntos.\n \nSaludos!\n \nEstefanía\n(Sistemas - Interno 140)', NULL),
(662, 317, 18, '2017-06-02', 5, 'Resolucion por avarano : La boleta 9006177858 correspondiente a la cuota 2 del talonario 46526 que venció el 15/5 no se envió al débito ya que el envío se realizó el día 26/4 y la adhesión fue del día 28/4.\n', NULL),
(663, 332, 21, '2017-06-05', 1, NULL, NULL),
(664, 332, 21, '2017-06-05', 5, 'Resolucion por eklein : Ya le agregué la novedad al combo.', NULL),
(665, 333, NULL, '2017-06-05', 1, NULL, NULL),
(666, 334, 18, '2017-06-05', 1, NULL, NULL),
(667, 335, 18, '2017-06-05', 1, NULL, NULL),
(668, 336, 18, '2017-06-05', 1, NULL, NULL),
(669, 337, 18, '2017-06-05', 1, NULL, NULL),
(670, 338, NULL, '2017-06-05', 1, NULL, NULL),
(671, 339, 21, '2017-06-05', 1, NULL, NULL),
(672, 340, 21, '2017-06-05', 1, NULL, NULL),
(673, 340, 21, '2017-06-05', 5, 'Resolucion por eklein : Agregada.-', NULL),
(674, 339, 21, '2017-06-05', 5, 'Resolucion por eklein : Agregada, estaba Batalla de Camacua pero me dijo que esa no era, así que agregué CAMACUA.', NULL),
(675, 324, 21, '2017-06-05', 5, 'Resolucion por eklein : No la actualizaron, en lugar de eso actualizamos el 233 acá para hacer la prueba.', NULL),
(676, 303, 21, '2017-06-05', 5, 'Resolucion por eklein : Listo, hice la parte gráfica, Mati hizo la persistencia', NULL),
(677, 341, 18, '2017-06-06', 1, NULL, NULL),
(678, 341, 18, '2017-06-06', 5, 'Resolucion por avarano : la cuota 12 liquido sin problemas , para la 11 borre categoria zona 0 del 01/01/17\n(repetida por distintos metros frente), liquide y luego volvi a cargar.\n', NULL),
(679, 335, 18, '2017-06-06', 5, 'Resolucion por avarano : se envio archivo complementario.', NULL),
(680, 330, 18, '2017-06-06', 5, 'Resolucion por avarano : actualizado al 31/7', NULL),
(681, 342, NULL, '2017-06-06', 1, NULL, NULL),
(682, 342, 18, '2017-06-06', 3, NULL, NULL),
(683, 343, 18, '2017-06-06', 1, NULL, NULL),
(684, 343, 18, '2017-06-06', 5, 'Resolucion por avarano : modifico importe cuando grabo y no tomaba todo el compromiso.', NULL),
(685, 344, 21, '2017-06-07', 1, NULL, NULL),
(686, 344, 21, '2017-06-07', 5, 'Resolucion por eklein : \n\nEstefanía:\n\nEl control del calendario es a modo de ayuda y opcional, para datos \nanteriores a ese año es más práctico tipearlos directamente.\n\nSaludos.-\n\nIng. Fernando M. Gonzalez\nConsultor Senior\nProgram Consultores S.A.\nJuan del Campillo 779\n(X5000GTO) Cordoba - Argentina\nTel/fax (0351) 4474200 y rotativas\nWeb.Site: www.municipalidad.com', NULL),
(687, 345, 21, '2017-06-08', 1, NULL, NULL),
(688, 345, 21, '2017-06-08', 5, 'Resolucion por eklein : Agrgado a tabla SLD_GLOBAL_SUELDOS como TAFUT123 - TEC-SEGURIDAD E HIGIENE', NULL),
(689, 346, NULL, '2017-06-09', 1, NULL, NULL),
(690, 347, NULL, '2017-06-09', 1, NULL, NULL),
(691, 348, 18, '2017-06-09', 1, NULL, NULL),
(692, 349, 18, '2017-06-09', 1, NULL, NULL),
(693, 350, NULL, '2017-06-09', 1, NULL, NULL),
(694, 351, 27, '2017-06-09', 1, NULL, NULL),
(695, 351, 27, '2017-06-09', 5, NULL, NULL),
(696, 351, 27, '2017-06-09', 2, NULL, NULL),
(697, 351, 27, '2017-06-09', 5, NULL, NULL),
(698, 352, 18, '2017-06-12', 1, NULL, NULL),
(699, 352, 18, '2017-06-12', 5, 'Resolucion por avarano : se mandaron los talonarios de cloacas tipo Omega-ord2016-CM-10, después de que PGm corrigio el proceso.', NULL),
(700, 353, 18, '2017-06-12', 1, NULL, NULL),
(701, 353, 18, '2017-06-12', 5, 'Resolucion por avarano : Di permiso e indique procesa por encargado ya que la cuenta de obras tiene una letra y no deja buscar por cuenta', NULL),
(702, 354, 18, '2017-06-12', 1, NULL, NULL),
(703, 354, 18, '2017-06-12', 5, 'Resolucion por avarano : Se realizo la modificacion', NULL),
(704, 355, NULL, '2017-06-12', 1, NULL, NULL),
(705, 356, 18, '2017-06-12', 1, NULL, NULL),
(706, 355, 18, '2017-06-12', 5, 'Resolucion por avarano : encontraron en el area', NULL),
(707, 357, 27, '2017-06-13', 1, NULL, NULL),
(708, 357, 27, '2017-06-13', 5, NULL, NULL),
(709, 358, NULL, '2017-06-13', 1, NULL, NULL),
(710, 359, NULL, '2017-06-14', 1, NULL, NULL),
(711, 360, 18, '2017-06-14', 1, NULL, NULL),
(712, 361, NULL, '2017-06-14', 1, NULL, NULL),
(713, 359, 18, '2017-06-15', 5, 'Resolucion por avarano : Hablado con Alejandro. Lo hacen asi por indicacion de Pgm porque con cajero banco no tienen el \nticket de comprobante de  pago. Hacienda podria hacer disposición para que en caso de transferencia\nfuera otro el comprobante.', NULL),
(714, 348, 18, '2017-06-15', 5, 'Resolucion por avarano : Mandé excel a Contribuciones.', NULL),
(715, 349, 18, '2017-06-15', 5, 'Resolucion por avarano : Mandé excel a Contribuciones.', NULL),
(716, 114, 18, '2017-06-19', 5, 'Resolucion por avarano : resuelto con actualizacion pgm 14/06', NULL),
(717, 273, 18, '2017-06-19', 5, 'Resolucion por avarano : realizado por Gustavo ', NULL),
(718, 362, 27, '2017-06-19', 1, NULL, NULL),
(719, 362, 27, '2017-06-19', 6, NULL, NULL),
(720, 290, 18, '2017-06-19', 5, 'Resolucion por avarano : realizado', NULL),
(721, 334, 18, '2017-06-19', 5, 'Resolucion por avarano : generadas', NULL),
(722, 342, 18, '2017-06-19', 5, 'Resolucion por avarano : Modificado por pgm', NULL),
(723, 362, 27, '2017-06-19', 5, NULL, NULL),
(724, 363, NULL, '2017-06-22', 1, NULL, NULL),
(725, 363, 31, '2017-06-22', 4, NULL, NULL),
(726, 363, 31, '2017-06-22', 4, NULL, NULL),
(727, 363, 31, '2017-06-22', 3, NULL, NULL),
(728, 363, 31, '2017-06-22', 5, 'Resolucion por farroyo : ', NULL),
(729, 364, NULL, '2017-06-22', 1, NULL, NULL),
(730, 364, 31, '2017-06-22', 2, NULL, NULL),
(731, 364, 31, '2017-06-22', 3, NULL, NULL),
(732, 364, 31, '2017-06-22', 4, NULL, NULL),
(733, 364, 31, '2017-06-22', 3, NULL, NULL),
(734, 364, 31, '2017-06-22', 4, NULL, NULL),
(735, 364, 31, '2017-06-22', 3, NULL, NULL),
(736, 364, 31, '2017-06-22', 4, NULL, NULL),
(737, 364, 31, '2017-06-22', 3, NULL, NULL),
(738, 364, 31, '2017-06-22', 5, 'Resolucion por farroyo : ', NULL),
(739, 365, NULL, '2017-06-22', 1, NULL, NULL),
(740, 366, NULL, '2017-06-22', 1, NULL, NULL),
(741, 367, NULL, '2017-06-22', 1, NULL, NULL),
(742, 368, NULL, '2017-06-22', 1, NULL, NULL),
(743, 369, NULL, '2017-06-22', 1, NULL, NULL),
(744, 370, NULL, '2017-06-22', 1, NULL, NULL),
(745, 371, NULL, '2017-06-22', 1, NULL, NULL),
(746, 372, NULL, '2017-06-22', 1, NULL, NULL),
(747, 373, NULL, '2017-06-22', 1, NULL, NULL),
(748, 374, NULL, '2017-06-22', 1, NULL, NULL),
(749, 358, 31, '2017-06-22', 5, 'Resolucion por farroyo : ', NULL),
(750, 365, 31, '2017-06-22', 5, 'Resolucion por farroyo : ', NULL),
(751, 366, 31, '2017-06-22', 2, NULL, NULL),
(752, 369, 31, '2017-06-23', 2, NULL, NULL),
(753, 370, 31, '2017-06-23', 2, NULL, NULL),
(754, 372, 31, '2017-06-23', 2, NULL, NULL),
(755, 373, 31, '2017-06-23', 2, NULL, NULL),
(756, 367, 31, '2017-06-23', 2, NULL, NULL),
(757, 368, 31, '2017-06-23', 2, NULL, NULL),
(758, 371, 31, '2017-06-23', 2, NULL, NULL),
(759, 374, 31, '2017-06-23', 2, NULL, NULL),
(760, 125, 3, '2017-06-23', 6, NULL, NULL),
(761, 125, 3, '2017-06-23', 5, 'Resolucion por mbenditti : ', NULL),
(762, 240, 3, '2017-06-23', 8, NULL, NULL),
(763, 375, NULL, '2017-06-26', 1, NULL, NULL),
(764, 376, NULL, '2017-06-26', 1, NULL, NULL),
(765, 377, NULL, '2017-06-26', 1, NULL, NULL),
(766, 375, 31, '2017-06-26', 2, NULL, NULL),
(767, 376, 31, '2017-06-26', 2, NULL, NULL),
(768, 377, 31, '2017-06-26', 2, NULL, NULL),
(769, 378, NULL, '2017-06-26', 1, NULL, NULL),
(770, 378, 31, '2017-06-26', 2, NULL, NULL),
(771, 379, NULL, '2017-06-27', 1, NULL, NULL),
(772, 380, NULL, '2017-06-27', 1, NULL, NULL),
(773, 381, NULL, '2017-06-27', 1, NULL, NULL),
(774, 382, NULL, '2017-06-27', 1, NULL, NULL),
(775, 383, NULL, '2017-06-27', 1, NULL, NULL),
(776, 384, NULL, '2017-06-27', 1, NULL, NULL),
(777, 385, NULL, '2017-06-27', 1, NULL, NULL),
(778, 386, NULL, '2017-06-27', 1, NULL, NULL),
(779, 387, NULL, '2017-06-27', 1, NULL, NULL),
(780, 388, NULL, '2017-06-27', 1, NULL, NULL),
(781, 389, NULL, '2017-06-27', 1, NULL, NULL),
(782, 390, NULL, '2017-06-27', 1, NULL, NULL),
(783, 391, NULL, '2017-06-27', 1, NULL, NULL),
(784, 389, 31, '2017-06-27', 2, NULL, NULL),
(785, 388, 31, '2017-06-27', 2, NULL, NULL),
(786, 387, 31, '2017-06-27', 2, NULL, NULL),
(787, 390, 31, '2017-06-27', 2, NULL, NULL),
(788, 391, 31, '2017-06-27', 5, 'Resolucion por farroyo : ', NULL),
(789, 392, NULL, '2017-06-27', 1, NULL, NULL),
(790, 392, 31, '2017-06-27', 2, NULL, NULL),
(791, 386, 31, '2017-06-27', 2, NULL, NULL),
(792, 385, 31, '2017-06-27', 2, NULL, NULL),
(793, 384, 31, '2017-06-27', 2, NULL, NULL),
(794, 383, 31, '2017-06-27', 2, NULL, NULL),
(795, 382, 31, '2017-06-27', 2, NULL, NULL),
(796, 381, 31, '2017-06-27', 2, NULL, NULL),
(797, 380, 31, '2017-06-27', 2, NULL, NULL),
(798, 379, 31, '2017-06-27', 5, 'Resolucion por farroyo : se va a conectar solo electricidad', NULL),
(799, 393, NULL, '2017-06-28', 1, NULL, NULL),
(800, 393, 31, '2017-06-28', 2, NULL, NULL),
(801, 394, NULL, '2017-06-28', 1, NULL, NULL),
(802, 394, 31, '2017-06-28', 2, NULL, NULL),
(803, 395, NULL, '2017-06-28', 1, NULL, NULL),
(804, 395, 31, '2017-06-28', 2, NULL, NULL),
(816, 376, 31, '2017-06-28', 3, NULL, NULL),
(817, 398, NULL, '2017-06-28', 1, NULL, NULL),
(818, 399, NULL, '2017-06-28', 1, NULL, NULL),
(819, 398, 31, '2017-06-28', 2, NULL, NULL),
(820, 399, 31, '2017-06-28', 2, NULL, NULL),
(821, 400, NULL, '2017-06-28', 1, NULL, NULL),
(822, 400, 31, '2017-06-28', 2, NULL, NULL),
(823, 401, NULL, '2017-06-28', 1, NULL, NULL),
(824, 246, 3, '2017-06-30', 5, 'Resolucion por mbenditti : ', NULL),
(825, 402, NULL, '2017-07-03', 1, NULL, NULL),
(826, 403, NULL, '2017-07-03', 1, NULL, NULL),
(827, 404, NULL, '2017-07-03', 1, NULL, NULL),
(828, 405, NULL, '2017-07-03', 1, NULL, NULL),
(829, 406, NULL, '2017-07-03', 1, NULL, NULL),
(830, 407, NULL, '2017-07-03', 1, NULL, NULL),
(831, 405, 31, '2017-07-03', 2, NULL, NULL),
(832, 408, NULL, '2017-07-03', 1, NULL, NULL),
(833, 409, NULL, '2017-07-03', 1, NULL, NULL),
(834, 409, 31, '2017-07-03', 4, NULL, NULL),
(835, 409, 31, '2017-07-03', 4, NULL, NULL),
(836, 410, NULL, '2017-07-03', 1, NULL, NULL),
(837, 411, NULL, '2017-07-03', 1, NULL, NULL),
(838, 412, NULL, '2017-07-03', 1, NULL, NULL),
(839, 413, NULL, '2017-07-03', 1, NULL, NULL),
(840, 414, NULL, '2017-07-03', 1, NULL, NULL),
(841, 415, NULL, '2017-07-03', 1, NULL, NULL),
(842, 415, 31, '2017-07-03', 4, NULL, NULL),
(843, 416, NULL, '2017-07-03', 1, NULL, NULL),
(844, 417, NULL, '2017-07-03', 1, NULL, NULL),
(845, 416, 31, '2017-07-03', 4, NULL, NULL),
(846, 418, NULL, '2017-07-03', 1, NULL, NULL),
(847, 419, NULL, '2017-07-04', 1, NULL, NULL),
(848, 414, 31, '2017-07-04', 2, NULL, NULL),
(849, 414, 31, '2017-07-04', 1, 'Resolucion por farroyo : CORRESPONDE A PLOMERIA', NULL),
(850, 420, NULL, '2017-07-04', 1, NULL, NULL),
(851, 421, NULL, '2017-07-04', 1, NULL, NULL),
(852, 422, NULL, '2017-07-04', 1, NULL, NULL),
(853, 423, NULL, '2017-07-04', 1, NULL, NULL),
(854, 402, 31, '2017-07-04', 4, NULL, NULL),
(855, 424, NULL, '2017-07-04', 1, NULL, NULL),
(856, 425, NULL, '2017-07-04', 1, NULL, NULL),
(857, 366, 51, '2017-07-04', 2, NULL, NULL),
(858, 375, 51, '2017-07-04', 2, NULL, NULL),
(859, 377, 51, '2017-07-04', 2, NULL, NULL),
(860, 378, 51, '2017-07-04', 2, NULL, NULL),
(861, 386, 51, '2017-07-04', 2, NULL, NULL),
(862, 387, 51, '2017-07-04', 2, NULL, NULL),
(863, 389, 51, '2017-07-04', 2, NULL, NULL),
(864, 395, 51, '2017-07-04', 2, NULL, NULL),
(865, 398, 51, '2017-07-04', 2, NULL, NULL),
(866, 399, 51, '2017-07-04', 2, NULL, NULL),
(867, 400, 51, '2017-07-04', 2, NULL, NULL),
(868, 402, 51, '2017-07-04', 2, NULL, NULL),
(869, 406, 51, '2017-07-04', 2, NULL, NULL),
(870, 410, 51, '2017-07-04', 2, NULL, NULL),
(871, 411, 51, '2017-07-04', 2, NULL, NULL),
(872, 416, 51, '2017-07-04', 2, NULL, NULL),
(873, 418, 51, '2017-07-04', 2, NULL, NULL),
(874, 420, 51, '2017-07-04', 2, NULL, NULL),
(875, 421, 51, '2017-07-04', 2, NULL, NULL),
(876, 423, 51, '2017-07-04', 2, NULL, NULL),
(877, 368, 41, '2017-07-04', 2, NULL, NULL),
(878, 380, 41, '2017-07-04', 2, NULL, NULL),
(879, 393, 41, '2017-07-04', 2, NULL, NULL),
(880, 401, 41, '2017-07-04', 2, NULL, NULL),
(881, 407, 41, '2017-07-04', 2, NULL, NULL),
(882, 367, 36, '2017-07-04', 2, NULL, NULL),
(883, 371, 36, '2017-07-04', 2, NULL, NULL),
(884, 374, 36, '2017-07-04', 2, NULL, NULL),
(885, 384, 36, '2017-07-04', 2, NULL, NULL),
(886, 385, 36, '2017-07-04', 2, NULL, NULL),
(887, 412, 36, '2017-07-04', 2, NULL, NULL),
(888, 392, 44, '2017-07-04', 2, NULL, NULL),
(889, 394, 58, '2017-07-04', 2, NULL, NULL),
(890, 404, 58, '2017-07-04', 2, NULL, NULL),
(891, 426, NULL, '2017-07-04', 1, NULL, NULL),
(892, 427, NULL, '2017-07-04', 1, NULL, NULL),
(893, 428, NULL, '2017-07-04', 1, NULL, NULL),
(894, 429, NULL, '2017-07-04', 1, NULL, NULL),
(895, 430, NULL, '2017-07-04', 1, NULL, NULL),
(896, 431, NULL, '2017-07-04', 1, NULL, NULL),
(897, 432, NULL, '2017-07-04', 1, NULL, NULL),
(898, 433, NULL, '2017-07-04', 1, NULL, NULL),
(899, 434, NULL, '2017-07-04', 1, NULL, NULL),
(900, 435, NULL, '2017-07-04', 1, NULL, NULL),
(901, 436, NULL, '2017-07-05', 1, NULL, NULL),
(902, 437, NULL, '2017-07-05', 1, NULL, NULL),
(903, 438, NULL, '2017-07-05', 1, NULL, NULL),
(904, 439, NULL, '2017-07-05', 1, NULL, NULL),
(905, 440, NULL, '2017-07-05', 1, NULL, NULL),
(906, 441, NULL, '2017-07-05', 1, NULL, NULL),
(907, 369, 54, '2017-07-05', 2, NULL, NULL),
(908, 370, 54, '2017-07-05', 2, NULL, NULL),
(909, 370, 54, '2017-07-05', 4, NULL, NULL),
(910, 370, 54, '2017-07-05', 8, NULL, NULL),
(911, 408, 54, '2017-07-05', 2, NULL, NULL),
(912, 372, 54, '2017-07-05', 2, NULL, NULL),
(913, 373, 54, '2017-07-05', 2, NULL, NULL),
(914, 376, 54, '2017-07-05', 2, NULL, NULL),
(915, 381, 54, '2017-07-05', 2, NULL, NULL),
(916, 382, 54, '2017-07-05', 2, NULL, NULL),
(917, 382, 54, '2017-07-05', 4, NULL, NULL),
(918, 383, 54, '2017-07-05', 2, NULL, NULL),
(919, 403, 54, '2017-07-05', 2, NULL, NULL),
(920, 413, 54, '2017-07-05', 2, NULL, NULL),
(921, 413, 54, '2017-07-05', 4, NULL, NULL),
(922, 415, 54, '2017-07-05', 2, NULL, NULL),
(923, 415, 54, '2017-07-05', 4, NULL, NULL),
(924, 439, 54, '2017-07-05', 2, NULL, NULL),
(925, 439, 54, '2017-07-05', 4, NULL, NULL),
(926, 439, 54, '2017-07-05', 8, NULL, NULL),
(927, 435, 54, '2017-07-05', 2, NULL, NULL),
(928, 429, 54, '2017-07-05', 2, NULL, NULL),
(929, 425, 54, '2017-07-05', 2, NULL, NULL),
(930, 424, 54, '2017-07-05', 2, NULL, NULL),
(931, 424, 54, '2017-07-05', 8, NULL, NULL),
(932, 417, 54, '2017-07-05', 2, NULL, NULL),
(933, 422, 54, '2017-07-05', 2, NULL, NULL),
(934, 440, 54, '2017-07-05', 2, NULL, NULL),
(935, 409, 54, '2017-07-05', 2, NULL, NULL),
(936, 409, 54, '2017-07-05', 4, NULL, NULL),
(937, 427, 51, '2017-07-05', 2, NULL, NULL),
(938, 428, 51, '2017-07-05', 2, NULL, NULL),
(939, 430, 51, '2017-07-05', 2, NULL, NULL),
(940, 431, 51, '2017-07-05', 2, NULL, NULL),
(941, 432, 51, '2017-07-05', 2, NULL, NULL),
(942, 436, 51, '2017-07-05', 2, NULL, NULL),
(943, 437, 51, '2017-07-05', 2, NULL, NULL),
(944, 426, 36, '2017-07-05', 2, NULL, NULL),
(945, 441, 36, '2017-07-05', 2, NULL, NULL),
(947, 436, 51, '2017-07-05', 8, NULL, NULL),
(948, 390, 49, '2017-07-05', 2, NULL, NULL),
(949, 405, 49, '2017-07-05', 2, NULL, NULL),
(950, 419, 49, '2017-07-05', 2, NULL, NULL),
(951, 438, 58, '2017-07-05', 2, NULL, NULL),
(952, 433, 41, '2017-07-05', 2, NULL, NULL),
(953, 434, 41, '2017-07-05', 2, NULL, NULL),
(954, 382, 54, '2017-07-06', 3, NULL, NULL),
(955, 388, 54, '2017-07-06', 2, NULL, NULL),
(956, 413, 54, '2017-07-06', 3, NULL, NULL),
(957, 415, 54, '2017-07-06', 8, NULL, NULL),
(958, 382, 33, '2017-07-06', 2, NULL, NULL),
(959, 382, 33, '2017-07-06', 4, NULL, NULL),
(960, 413, 33, '2017-07-06', 2, NULL, NULL),
(961, 413, 33, '2017-07-06', 4, NULL, NULL),
(962, 413, 33, '2017-07-06', 4, NULL, NULL),
(963, 409, 33, '2017-07-06', 4, NULL, NULL),
(965, 444, NULL, '2017-07-06', 1, NULL, NULL),
(966, 445, NULL, '2017-07-06', 1, NULL, NULL),
(968, 446, NULL, '2017-07-06', 1, NULL, NULL),
(969, 447, NULL, '2017-07-06', 1, NULL, NULL),
(970, 446, 58, '2017-07-06', 2, NULL, NULL),
(971, 446, 58, '2017-07-06', 4, NULL, NULL),
(972, 446, 58, '2017-07-06', 3, NULL, NULL),
(973, 444, 54, '2017-07-06', 2, NULL, NULL),
(974, 444, 54, '2017-07-06', 8, NULL, NULL),
(975, 445, 54, '2017-07-06', 2, NULL, NULL),
(976, 444, 54, '2017-07-06', 4, NULL, NULL),
(977, 444, 54, '2017-07-06', 8, NULL, NULL),
(978, 446, 33, '2017-07-06', 2, NULL, NULL),
(979, 446, 33, '2017-07-06', 4, NULL, NULL),
(980, 448, NULL, '2017-07-06', 1, NULL, NULL),
(984, 452, NULL, '2017-07-06', 1, NULL, NULL),
(985, 452, 31, '2017-07-06', 4, NULL, NULL),
(986, 453, NULL, '2017-07-07', 1, NULL, NULL),
(987, 454, NULL, '2017-07-07', 1, NULL, NULL),
(988, 455, NULL, '2017-07-07', 1, NULL, NULL),
(989, 456, NULL, '2017-07-07', 1, NULL, NULL),
(990, 446, 33, '2017-07-07', 4, NULL, NULL),
(991, 446, 33, '2017-07-07', 3, NULL, NULL),
(992, 457, NULL, '2017-07-07', 1, NULL, NULL),
(993, 447, 51, '2017-07-07', 4, NULL, NULL),
(994, 458, NULL, '2017-07-07', 1, NULL, NULL),
(995, 412, 33, '2017-07-07', 4, NULL, NULL),
(996, 412, 33, '2017-07-07', 3, NULL, NULL),
(997, 426, 33, '2017-07-07', 4, NULL, NULL),
(998, 441, 33, '2017-07-07', 4, NULL, NULL),
(999, 441, 33, '2017-07-07', 3, NULL, NULL),
(1000, 426, 33, '2017-07-07', 3, NULL, NULL),
(1001, 412, 63, '2017-07-07', 2, NULL, NULL),
(1002, 412, 63, '2017-07-07', 4, NULL, NULL),
(1003, 412, 63, '2017-07-07', 3, NULL, NULL),
(1004, 459, NULL, '2017-07-07', 1, NULL, NULL),
(1005, 460, NULL, '2017-07-07', 1, NULL, NULL),
(1006, 426, 33, '2017-07-07', 4, NULL, NULL),
(1007, 461, NULL, '2017-07-07', 1, NULL, NULL),
(1008, 462, NULL, '2017-07-07', 1, NULL, NULL),
(1009, 426, 33, '2017-07-07', 3, NULL, NULL),
(1010, 463, NULL, '2017-07-07', 1, NULL, NULL),
(1011, 448, 41, '2017-07-07', 2, NULL, NULL),
(1012, 462, 41, '2017-07-07', 2, NULL, NULL),
(1013, 453, 36, '2017-07-07', 2, NULL, NULL),
(1014, 456, 36, '2017-07-07', 2, NULL, NULL),
(1015, 459, 36, '2017-07-07', 2, NULL, NULL),
(1016, 460, 36, '2017-07-07', 2, NULL, NULL),
(1017, 454, 44, '2017-07-07', 2, NULL, NULL),
(1018, 458, 51, '2017-07-07', 2, NULL, NULL),
(1019, 455, 58, '2017-07-07', 2, NULL, NULL),
(1020, 463, 58, '2017-07-07', 2, NULL, NULL),
(1021, 461, 49, '2017-07-07', 2, NULL, NULL),
(1022, 464, 27, '2017-07-10', 1, NULL, NULL),
(1023, 464, 27, '2017-07-10', 5, NULL, NULL),
(1024, 426, 63, '2017-07-10', 2, NULL, NULL),
(1025, 441, 63, '2017-07-10', 2, NULL, NULL),
(1026, 465, NULL, '2017-07-10', 1, NULL, NULL),
(1027, 438, 33, '2017-07-10', 2, NULL, NULL),
(1028, 459, 31, '2017-07-10', 2, NULL, NULL),
(1029, 459, 31, '2017-07-10', 1, 'Resolucion por farroyo - 686 : Quieren pintar el piso nuevo', NULL),
(1030, 438, 33, '2017-07-10', 4, NULL, NULL),
(1031, 459, 44, '2017-07-10', 2, NULL, NULL),
(1032, 460, 33, '2017-07-10', 2, NULL, NULL),
(1033, 426, 63, '2017-07-10', 4, NULL, NULL),
(1034, 426, 63, '2017-07-10', 4, NULL, NULL),
(1035, 426, 63, '2017-07-10', 4, NULL, NULL),
(1036, 426, 63, '2017-07-10', 3, NULL, NULL),
(1037, 460, 33, '2017-07-10', 4, NULL, NULL),
(1038, 382, 33, '2017-07-10', 4, NULL, NULL),
(1039, 382, 33, '2017-07-10', 3, NULL, NULL),
(1040, 413, 33, '2017-07-10', 4, NULL, NULL),
(1041, 413, 33, '2017-07-10', 3, NULL, NULL),
(1042, 441, 31, '2017-07-10', 4, NULL, NULL),
(1043, 457, 54, '2017-07-10', 2, NULL, NULL),
(1044, 440, 54, '2017-07-10', 4, NULL, NULL),
(1045, 440, 54, '2017-07-10', 3, NULL, NULL),
(1046, 372, 54, '2017-07-10', 8, NULL, NULL),
(1047, 381, 54, '2017-07-10', 8, NULL, NULL),
(1048, 383, 54, '2017-07-10', 8, NULL, NULL),
(1049, 403, 54, '2017-07-10', 8, NULL, NULL),
(1050, 422, 54, '2017-07-10', 4, NULL, NULL),
(1051, 422, 54, '2017-07-10', 3, NULL, NULL),
(1052, 425, 54, '2017-07-10', 3, NULL, NULL),
(1053, 435, 54, '2017-07-10', 8, NULL, NULL),
(1054, 445, 54, '2017-07-10', 8, NULL, NULL),
(1055, 369, 54, '2017-07-10', 3, NULL, NULL),
(1056, 376, 54, '2017-07-10', 8, NULL, NULL),
(1057, 409, 54, '2017-07-10', 3, NULL, NULL),
(1058, 466, NULL, '2017-07-10', 1, NULL, NULL),
(1059, 467, NULL, '2017-07-10', 1, NULL, NULL),
(1060, 468, NULL, '2017-07-10', 1, NULL, NULL),
(1061, 469, NULL, '2017-07-10', 1, NULL, NULL),
(1062, 432, 51, '2017-07-10', 4, NULL, NULL),
(1063, 465, 58, '2017-07-10', 2, NULL, NULL),
(1064, 467, 58, '2017-07-10', 2, NULL, NULL),
(1065, 369, 33, '2017-07-10', 2, NULL, NULL);
INSERT INTO `historial_tickets` (`id_historial`, `fk_ticket`, `fk_usuario`, `fecha`, `fk_estado`, `resolucion`, `fk_razon`) VALUES
(1066, 468, 49, '2017-07-10', 2, NULL, NULL),
(1067, 240, 3, '2017-07-10', 5, 'Resolucion por mbenditti - 999998 : ', NULL),
(1068, 369, 33, '2017-07-10', 4, NULL, NULL),
(1069, 469, 3, '2017-07-10', 5, NULL, NULL),
(1070, 369, 33, '2017-07-10', 4, NULL, NULL),
(1071, 409, 33, '2017-07-10', 2, NULL, NULL),
(1072, 470, NULL, '2017-07-10', 1, NULL, NULL),
(1073, 471, NULL, '2017-07-10', 1, NULL, NULL),
(1074, 470, 3, '2017-07-10', 5, 'Resolucion por mbenditti - 999998 : Se agregaron los permisos solicitados al grupo RRHH-S1', NULL),
(1075, 422, 33, '2017-07-10', 2, NULL, NULL),
(1076, 472, NULL, '2017-07-10', 1, NULL, NULL),
(1077, 422, 33, '2017-07-10', 4, NULL, NULL),
(1078, 422, 33, '2017-07-10', 4, NULL, NULL),
(1079, 473, NULL, '2017-07-10', 1, NULL, NULL),
(1080, 425, 33, '2017-07-10', 2, NULL, NULL),
(1081, 474, NULL, '2017-07-10', 1, NULL, NULL),
(1082, 382, 63, '2017-07-10', 4, NULL, NULL),
(1083, 425, 33, '2017-07-10', 4, NULL, NULL),
(1084, 425, 33, '2017-07-10', 3, NULL, NULL),
(1085, 475, NULL, '2017-07-10', 1, NULL, NULL),
(1086, 475, 3, '2017-07-10', 5, 'Resolucion por mbenditti - 999998 : Se agrego el area misma al camino de aprobacion del los pedidos de abastecimiento del area.', NULL),
(1087, 366, 63, '2017-07-10', 2, NULL, NULL),
(1088, 366, 63, '2017-07-10', 3, NULL, NULL),
(1089, 369, 63, '2017-07-10', 2, NULL, NULL),
(1090, 369, 63, '2017-07-10', 3, NULL, NULL),
(1091, 373, 63, '2017-07-10', 2, NULL, NULL),
(1092, 373, 63, '2017-07-10', 3, NULL, NULL),
(1093, 382, 63, '2017-07-10', 3, NULL, NULL),
(1094, 387, 63, '2017-07-10', 2, NULL, NULL),
(1095, 387, 63, '2017-07-10', 3, NULL, NULL),
(1096, 366, 31, '2017-07-10', 4, NULL, NULL),
(1097, 366, 31, '2017-07-10', 3, NULL, NULL),
(1098, 367, 31, '2017-07-10', 4, NULL, NULL),
(1099, 368, 31, '2017-07-10', 4, NULL, NULL),
(1100, 369, 31, '2017-07-10', 4, NULL, NULL),
(1101, 370, 31, '2017-07-10', 4, NULL, NULL),
(1102, 371, 31, '2017-07-10', 4, NULL, NULL),
(1103, 372, 31, '2017-07-10', 4, NULL, NULL),
(1104, 373, 31, '2017-07-10', 4, NULL, NULL),
(1105, 374, 31, '2017-07-10', 4, NULL, NULL),
(1106, 375, 31, '2017-07-10', 4, NULL, NULL),
(1107, 376, 31, '2017-07-10', 4, NULL, NULL),
(1108, 377, 31, '2017-07-10', 4, NULL, NULL),
(1109, 378, 31, '2017-07-10', 4, NULL, NULL),
(1110, 380, 31, '2017-07-10', 4, NULL, NULL),
(1111, 476, 18, '2017-07-10', 1, NULL, NULL),
(1112, 477, NULL, '2017-07-10', 1, NULL, NULL),
(1113, 381, 31, '2017-07-10', 4, NULL, NULL),
(1114, 474, 3, '2017-07-10', 5, 'Resolucion por mbenditti - 999998 : Gustavo Castro agrego como autorizante el mismo area que lo solicita.', NULL),
(1115, 477, 3, '2017-07-10', 5, 'Resolucion por mbenditti - 999998 : Gustavo Castro agrego como area autorizante la misma que lo solicita.', NULL),
(1116, 476, 18, '2017-07-10', 5, 'Resolucion por avarano - 174 : Pgm modifico reporte porque el nro de suministro se guarda ahora en co_abastecimiento_det.\nModifique yo la fecha.', NULL),
(1117, 440, 33, '2017-07-10', 2, NULL, NULL),
(1118, 440, 33, '2017-07-10', 4, NULL, NULL),
(1119, 478, NULL, '2017-07-10', 1, NULL, NULL),
(1120, 383, 31, '2017-07-10', 4, NULL, NULL),
(1121, 384, 31, '2017-07-10', 4, NULL, NULL),
(1122, 385, 31, '2017-07-10', 4, NULL, NULL),
(1123, 478, 3, '2017-07-10', 5, 'Resolucion por mbenditti - 999998 : Se creo el usuario eanguita con area jefatura de gabinete', NULL),
(1124, 479, NULL, '2017-07-10', 1, NULL, NULL),
(1125, 480, 18, '2017-07-10', 1, NULL, NULL),
(1126, 480, 18, '2017-07-10', 6, NULL, NULL),
(1127, 386, 31, '2017-07-10', 4, NULL, NULL),
(1128, 480, 18, '2017-07-10', 4, NULL, NULL),
(1129, 388, 31, '2017-07-10', 4, NULL, NULL),
(1130, 366, 63, '2017-07-10', 2, NULL, NULL),
(1131, 366, 63, '2017-07-10', 3, NULL, NULL),
(1132, 373, 63, '2017-07-10', 2, NULL, NULL),
(1133, 373, 63, '2017-07-10', 3, NULL, NULL),
(1134, 388, 63, '2017-07-10', 2, NULL, NULL),
(1135, 395, 51, '2017-07-10', 8, NULL, NULL),
(1136, 386, 51, '2017-07-10', 2, NULL, NULL),
(1137, 378, 51, '2017-07-10', 2, NULL, NULL),
(1138, 377, 51, '2017-07-10', 2, NULL, NULL),
(1139, 377, 51, '2017-07-10', 8, NULL, NULL),
(1140, 367, 36, '2017-07-10', 2, NULL, NULL),
(1141, 371, 36, '2017-07-10', 2, NULL, NULL),
(1142, 374, 36, '2017-07-10', 2, NULL, NULL),
(1143, 384, 36, '2017-07-10', 2, NULL, NULL),
(1144, 384, 36, '2017-07-10', 8, NULL, NULL),
(1145, 385, 36, '2017-07-10', 2, NULL, NULL),
(1146, 388, 54, '2017-07-10', 2, NULL, NULL),
(1147, 383, 54, '2017-07-10', 2, NULL, NULL),
(1148, 383, 54, '2017-07-10', 8, NULL, NULL),
(1149, 381, 54, '2017-07-10', 2, NULL, NULL),
(1150, 381, 54, '2017-07-10', 8, NULL, NULL),
(1151, 376, 54, '2017-07-10', 2, NULL, NULL),
(1152, 376, 54, '2017-07-10', 8, NULL, NULL),
(1153, 370, 54, '2017-07-10', 2, NULL, NULL),
(1154, 370, 54, '2017-07-10', 8, NULL, NULL),
(1155, 368, 41, '2017-07-10', 2, NULL, NULL),
(1156, 380, 41, '2017-07-10', 2, NULL, NULL),
(1157, 375, 51, '2017-07-10', 2, NULL, NULL),
(1158, 372, 54, '2017-07-10', 2, NULL, NULL),
(1159, 372, 54, '2017-07-10', 8, NULL, NULL),
(1160, 481, NULL, '2017-07-11', 1, NULL, NULL),
(1161, 482, 63, '2017-07-11', 1, NULL, NULL),
(1162, 402, 51, '2017-07-11', 8, NULL, NULL),
(1163, 447, 51, '2017-07-11', 8, NULL, NULL),
(1164, 460, 33, '2017-07-11', 4, NULL, NULL),
(1165, 460, 33, '2017-07-11', 3, NULL, NULL),
(1166, 481, 51, '2017-07-11', 2, NULL, NULL),
(1167, 481, 51, '2017-07-11', 8, NULL, NULL),
(1169, 457, 54, '2017-07-11', 4, NULL, NULL),
(1170, 457, 54, '2017-07-11', 3, NULL, NULL),
(1171, 411, 51, '2017-07-11', 4, NULL, NULL),
(1172, 411, 51, '2017-07-11', 3, NULL, NULL),
(1173, 473, 54, '2017-07-11', 2, NULL, NULL),
(1174, 458, 51, '2017-07-11', 4, NULL, NULL),
(1175, 431, 51, '2017-07-11', 4, NULL, NULL),
(1176, 437, 51, '2017-07-11', 8, NULL, NULL),
(1177, 422, 33, '2017-07-11', 4, NULL, NULL),
(1178, 422, 33, '2017-07-11', 3, NULL, NULL),
(1179, 432, 51, '2017-07-11', 8, NULL, NULL),
(1180, 428, 51, '2017-07-11', 8, NULL, NULL),
(1181, 430, 51, '2017-07-11', 8, NULL, NULL),
(1182, 427, 51, '2017-07-11', 8, NULL, NULL),
(1183, 421, 51, '2017-07-11', 8, NULL, NULL),
(1184, 423, 51, '2017-07-11', 8, NULL, NULL),
(1185, 369, 33, '2017-07-11', 4, NULL, NULL),
(1186, 369, 33, '2017-07-11', 3, NULL, NULL),
(1187, 420, 51, '2017-07-11', 4, NULL, NULL),
(1188, 418, 51, '2017-07-11', 8, NULL, NULL),
(1189, 440, 33, '2017-07-11', 4, NULL, NULL),
(1190, 440, 33, '2017-07-11', 4, NULL, NULL),
(1191, 440, 33, '2017-07-11', 3, NULL, NULL),
(1192, 484, NULL, '2017-07-11', 1, NULL, NULL),
(1193, 405, 49, '2017-07-11', 8, NULL, NULL),
(1194, 419, 49, '2017-07-11', 8, NULL, NULL),
(1195, 485, 21, '2017-07-11', 1, NULL, NULL),
(1196, 486, NULL, '2017-07-12', 1, NULL, NULL),
(1197, 487, 18, '2017-07-12', 1, NULL, NULL),
(1198, 487, 18, '2017-07-12', 5, 'Resolucion por avarano - 174 : reprograme la cuota doble en 2 cuotas para los vencimientos solicitados', NULL),
(1199, 405, 33, '2017-07-12', 2, NULL, NULL),
(1200, 405, 33, '2017-07-12', 4, NULL, NULL),
(1201, 405, 33, '2017-07-12', 3, NULL, NULL),
(1202, 457, 33, '2017-07-12', 4, NULL, NULL),
(1203, 488, NULL, '2017-07-12', 1, NULL, NULL),
(1204, 456, 36, '2017-07-12', 4, NULL, NULL),
(1205, 486, 3, '2017-07-12', 2, NULL, NULL),
(1206, 453, 36, '2017-07-12', 4, NULL, NULL),
(1207, 489, NULL, '2017-07-12', 1, NULL, NULL),
(1208, 490, NULL, '2017-07-12', 1, NULL, NULL),
(1209, 480, 3, '2017-07-12', 3, NULL, NULL),
(1210, 480, 3, '2017-07-12', 6, NULL, NULL),
(1211, 480, 3, '2017-07-12', 8, NULL, NULL),
(1212, 480, 3, '2017-07-12', 3, NULL, NULL),
(1213, 480, 3, '2017-07-12', 6, NULL, NULL),
(1214, 480, 3, '2017-07-12', 8, NULL, NULL),
(1215, 491, NULL, '2017-07-12', 1, NULL, NULL),
(1216, 490, 49, '2017-07-12', 2, NULL, NULL),
(1217, 492, NULL, '2017-07-12', 1, NULL, NULL),
(1218, 493, NULL, '2017-07-12', 1, NULL, NULL),
(1219, 485, 3, '2017-07-12', 5, 'Resolucion por mbenditti - 999998 : Lo hizo Estefania', NULL),
(1220, 494, NULL, '2017-07-12', 1, NULL, NULL),
(1221, 495, NULL, '2017-07-12', 1, NULL, NULL),
(1222, 496, NULL, '2017-07-12', 1, NULL, NULL),
(1223, 497, NULL, '2017-07-12', 1, NULL, NULL),
(1224, 498, NULL, '2017-07-12', 1, NULL, NULL),
(1225, 498, 3, '2017-07-12', 5, 'Resolucion por mbenditti - 999998 : Los caduque yo en expediente 1-47664 y 1-47665.', NULL),
(1226, 499, NULL, '2017-07-12', 1, NULL, NULL),
(1227, 500, NULL, '2017-07-12', 1, NULL, NULL),
(1228, 482, 31, '2017-07-12', 2, NULL, NULL),
(1229, 482, 31, '2017-07-12', 1, 'Resolucion por farroyo - 686 : No es gotera por lluvia en el techo, hay que ver tema de la bomba del sistema de calefacción para mejorar el sistema', NULL),
(1230, 482, 31, '2017-07-12', 4, 'Resolucion por farroyo - 686 : No es gotera por lluvia en el techo, hay que ver tema de la bomba del sistema de calefacción para mejorar el sistema', NULL),
(1231, 482, 31, '2017-07-12', 6, NULL, NULL),
(1232, 501, NULL, '2017-07-12', 1, NULL, NULL),
(1233, 501, 31, '2017-07-12', 2, NULL, NULL),
(1234, 501, 31, '2017-07-12', 4, NULL, NULL),
(1235, 502, NULL, '2017-07-12', 1, NULL, NULL),
(1236, 502, 31, '2017-07-12', 2, NULL, NULL),
(1237, 502, 31, '2017-07-12', 3, NULL, NULL),
(1238, 501, 31, '2017-07-12', 3, NULL, NULL),
(1239, 503, 18, '2017-07-13', 1, NULL, NULL),
(1240, 503, 18, '2017-07-13', 5, 'Resolucion por avarano - 174 : Se modifico la fecha de alta del debito ya que era mayor a la fecha de alta del padron en el debito', NULL),
(1241, 504, 21, '2017-07-13', 1, NULL, NULL),
(1242, 481, 34, '2017-07-13', 2, NULL, NULL),
(1243, 481, 34, '2017-07-13', 8, NULL, NULL),
(1244, 447, 34, '2017-07-13', 2, NULL, NULL),
(1245, 447, 34, '2017-07-13', 8, NULL, NULL),
(1246, 480, 18, '2017-07-13', 5, 'Resolucion por avarano - 174 : Pgm modifico la pagina para que no se pierdan los saltos de linea.', NULL),
(1247, 505, 27, '2017-07-13', 1, NULL, NULL),
(1248, 505, 27, '2017-07-13', 5, NULL, NULL),
(1249, 506, 18, '2017-07-13', 1, NULL, NULL),
(1250, 507, NULL, '2017-07-13', 1, NULL, NULL),
(1251, 508, NULL, '2017-07-13', 1, NULL, NULL),
(1253, 506, 18, '2017-07-13', 5, 'Resolucion por avarano - 174 : Se modificaron valores cuotas por modifica carga cuota talonario y se reprogramo la última cuota', NULL),
(1254, 445, 34, '2017-07-13', 2, NULL, NULL),
(1255, 445, 34, '2017-07-13', 8, NULL, NULL),
(1256, 439, 34, '2017-07-13', 2, NULL, NULL),
(1257, 439, 34, '2017-07-13', 8, NULL, NULL),
(1258, 437, 34, '2017-07-13', 2, NULL, NULL),
(1259, 437, 34, '2017-07-13', 8, NULL, NULL),
(1260, 495, 36, '2017-07-13', 2, NULL, NULL),
(1261, 495, 36, '2017-07-13', 8, NULL, NULL),
(1262, 489, 36, '2017-07-13', 2, NULL, NULL),
(1263, 489, 36, '2017-07-13', 8, NULL, NULL),
(1264, 509, NULL, '2017-07-13', 1, NULL, NULL),
(1265, 509, 3, '2017-07-13', 5, 'Resolucion por mbenditti - 999998 : Se creo reporte "CATE- Instructores x año"', NULL),
(1268, 501, 58, '2017-07-13', 2, NULL, NULL),
(1269, 446, 58, '2017-07-13', 2, NULL, NULL),
(1270, 492, 58, '2017-07-13', 2, NULL, NULL),
(1271, 446, 33, '2017-07-13', 3, NULL, NULL),
(1278, 467, 31, '2017-07-13', 6, NULL, NULL),
(1285, 508, 3, '2017-07-13', 9, 'Resolucion por mbenditti - 999998 : Esperando la nota de salida\n', NULL),
(1292, 510, NULL, '2017-07-13', 1, NULL, NULL),
(1293, 411, 33, '2017-07-13', 2, NULL, NULL),
(1294, 411, 33, '2017-07-13', 4, NULL, NULL),
(1295, 492, 31, '2017-07-13', 3, NULL, NULL),
(1296, 504, 21, '2017-07-13', 4, NULL, NULL),
(1297, 504, 21, '2017-07-13', 3, NULL, NULL),
(1298, 323, 21, '2017-07-13', 3, NULL, NULL),
(1299, 326, 21, '2017-07-13', 3, NULL, NULL),
(1300, 492, 58, '2017-07-13', 2, NULL, NULL),
(1301, 467, 58, '2017-07-13', 2, NULL, NULL),
(1302, 511, NULL, '2017-07-13', 1, NULL, NULL),
(1303, 512, NULL, '2017-07-13', 1, NULL, NULL),
(1304, 513, 21, '2017-07-13', 1, NULL, NULL),
(1305, 513, 21, '2017-07-13', 5, 'Resolucion por eklein : Observé que el acumulador INDICE en Mayo era 1.0 y en Junio 0.06, y ésto causó el descuento en la Novedad 1115.\nEl problema fue que habían cargado el Titulo Universitario, Novedad 1021, con VALOR_2 = 6,\nésto modifica el valor del índice y afecta a otras novedades.', NULL),
(1306, 501, 31, '2017-07-13', 3, NULL, NULL),
(1307, 447, 31, '2017-07-13', 5, NULL, NULL),
(1308, 445, 31, '2017-07-13', 5, NULL, NULL),
(1309, 481, 31, '2017-07-13', 5, NULL, NULL),
(1310, 439, 31, '2017-07-13', 5, NULL, NULL),
(1311, 437, 31, '2017-07-13', 5, NULL, NULL),
(1312, 514, NULL, '2017-07-14', 1, NULL, NULL),
(1313, 515, NULL, '2017-07-14', 1, NULL, NULL),
(1314, 516, NULL, '2017-07-14', 1, NULL, NULL),
(1315, 517, NULL, '2017-07-14', 1, NULL, NULL),
(1316, 518, NULL, '2017-07-14', 1, NULL, NULL),
(1317, 519, NULL, '2017-07-14', 1, NULL, NULL),
(1318, 520, NULL, '2017-07-14', 1, NULL, NULL),
(1319, 517, 33, '2017-07-14', 2, NULL, NULL),
(1320, 521, NULL, '2017-07-14', 1, NULL, NULL),
(1321, 517, 33, '2017-07-14', 4, NULL, NULL),
(1322, 517, 33, '2017-07-14', 3, NULL, NULL),
(1323, 507, 33, '2017-07-14', 2, NULL, NULL),
(1324, 507, 33, '2017-07-14', 4, NULL, NULL),
(1325, 507, 33, '2017-07-14', 3, NULL, NULL),
(1326, 522, NULL, '2017-07-14', 1, NULL, NULL),
(1327, 457, 33, '2017-07-14', 4, NULL, NULL),
(1328, 457, 33, '2017-07-14', 3, NULL, NULL),
(1329, 518, 31, '2017-07-14', 4, NULL, NULL),
(1330, 523, NULL, '2017-07-14', 1, NULL, NULL),
(1331, 523, 31, '2017-07-14', 4, NULL, NULL),
(1332, 490, 33, '2017-07-14', 2, NULL, NULL),
(1333, 490, 33, '2017-07-14', 4, NULL, NULL),
(1334, 521, 31, '2017-07-14', 4, NULL, NULL),
(1335, 369, 63, '2017-07-14', 2, NULL, NULL),
(1336, 369, 63, '2017-07-14', 3, NULL, NULL),
(1337, 524, NULL, '2017-07-17', 1, NULL, NULL),
(1338, 525, NULL, '2017-07-17', 1, NULL, NULL),
(1339, 526, NULL, '2017-07-17', 1, NULL, NULL),
(1340, 527, NULL, '2017-07-17', 1, NULL, NULL),
(1341, 526, 63, '2017-07-18', 9, 'Resolucion por asanders - 11221 : Se reparó la conexión del tanque que estaba perdiendo agua.   ', NULL),
(1342, 528, NULL, '2017-07-17', 1, NULL, NULL),
(1343, 529, NULL, '2017-07-17', 1, NULL, NULL),
(1344, 530, NULL, '2017-07-17', 1, NULL, NULL),
(1345, 531, NULL, '2017-07-17', 1, NULL, NULL),
(1346, 532, NULL, '2017-07-17', 1, NULL, NULL),
(1347, 533, NULL, '2017-07-17', 1, NULL, NULL),
(1348, 534, NULL, '2017-07-17', 1, NULL, NULL),
(1349, 535, 18, '2017-07-17', 1, NULL, NULL),
(1350, 535, 18, '2017-07-17', 3, NULL, NULL),
(1351, 535, 18, '2017-07-17', 4, NULL, NULL),
(1352, 535, 18, '2017-07-17', 3, NULL, NULL),
(1353, 531, 54, '2017-07-17', 4, NULL, NULL),
(1354, 531, 63, '2017-07-18', 4, NULL, NULL),
(1355, 536, NULL, '2017-07-18', 1, NULL, NULL),
(1356, 536, 63, '2017-07-18', 4, NULL, NULL),
(1357, 537, NULL, '2017-07-18', 1, NULL, NULL),
(1358, 520, 63, '2017-07-18', 4, NULL, NULL),
(1359, 538, NULL, '2017-07-18', 1, NULL, NULL),
(1360, 539, NULL, '2017-07-18', 1, NULL, NULL),
(1361, 540, NULL, '2017-07-18', 1, NULL, NULL),
(1362, 529, 63, '2017-07-18', 4, NULL, NULL),
(1365, 534, 63, '2017-07-18', 4, NULL, NULL),
(1366, 527, 63, '2017-07-18', 4, NULL, NULL),
(1367, 543, NULL, '2017-07-18', 1, NULL, NULL),
(1368, 508, 3, '2017-07-18', 5, 'Resolucion por mbenditti - 999998 : Esperando la nota de salida\n\nResolucion por mbenditti - 999998 : Se crea el usuario de PGM', NULL),
(1369, 500, 3, '2017-07-18', 5, 'Resolucion por mbenditti - 999998 : Se crearon los usuarios', NULL),
(1370, 479, 3, '2017-07-18', 5, NULL, NULL),
(1371, 544, 3, '2017-07-19', 1, NULL, NULL),
(1372, 544, 3, '2017-07-19', 5, 'Resolucion por mbenditti - 999998 : Ya se le tomo mas dedos', NULL),
(1373, 545, NULL, '2017-07-19', 1, NULL, NULL),
(1374, 546, NULL, '2017-07-19', 1, NULL, NULL),
(1375, 547, 24, '2017-07-19', 1, NULL, NULL),
(1376, 548, NULL, '2017-07-19', 1, NULL, NULL),
(1377, 549, NULL, '2017-07-19', 1, NULL, NULL),
(1378, 550, NULL, '2017-07-19', 1, NULL, NULL),
(1379, 551, NULL, '2017-07-19', 1, NULL, NULL),
(1380, 552, 24, '2017-07-19', 1, NULL, NULL),
(1381, 553, NULL, '2017-07-19', 1, NULL, NULL),
(1382, 554, 24, '2017-07-19', 1, NULL, NULL),
(1383, 555, 24, '2017-07-19', 1, NULL, NULL),
(1384, 556, 24, '2017-07-19', 1, NULL, NULL),
(1385, 557, 24, '2017-07-19', 1, NULL, NULL),
(1386, 555, 28, '2017-07-19', 9, NULL, 1),
(1387, 558, NULL, '2017-07-19', 1, NULL, NULL),
(1388, 559, NULL, '2017-07-19', 1, NULL, NULL),
(1389, 557, 24, '2017-07-19', 5, 'Resolucion por gibanez - 606 : se dio de baja', NULL),
(1390, 559, 24, '2017-07-19', 5, 'Resolucion por gibanez - 606 : telefonica se tarda 72hs. nro reclamo 24947719', NULL),
(1391, 320, 21, '2017-07-19', 5, 'Resolucion por eklein - 999997 : Vinculación con Contabilidad Pres.: Se realizaron las siguientes mejoras al reporte: 1) Agregar el código de área administrativa (Código +   -  + Concepto Área). 2) Agregar el código de novedad (Código +  -  + Concepto Novedad). 3) Verificar el Agrupamiento de los errores a informar (debe ser por área administrativa + tipo Novedad + novedad / acumulador).', NULL),
(1392, 554, 24, '2017-07-19', 3, NULL, NULL),
(1393, 560, 23, '2017-07-19', 1, NULL, NULL),
(1394, 561, 23, '2017-07-19', 1, NULL, NULL),
(1395, 560, 23, '2017-07-19', 5, 'Resolucion por bmarin - 20389 : se cargo el pedido de abastecimiento Nº 3714', NULL),
(1396, 562, 21, '2017-07-19', 1, NULL, NULL),
(1397, 562, 21, '2017-07-19', 5, 'Resolucion por eklein - 999997 : Permisos asignados.', NULL),
(1398, 563, NULL, '2017-07-19', 1, NULL, NULL),
(1399, 563, 23, '2017-07-19', 5, 'Resolucion por bmarin - 20389 : se cargo pedido de abastecimiento Nº 3713', NULL),
(1400, 564, 21, '2017-07-19', 1, NULL, NULL),
(1401, 564, 21, '2017-07-19', 5, 'Resolucion por eklein - 999997 : El problema estaba en el sql.php.', NULL),
(1402, 561, 23, '2017-07-19', 5, 'Resolucion por bmarin - 20389 : se cargo pedido', NULL),
(1403, 565, 17, '2017-07-19', 1, NULL, NULL),
(1404, 558, 28, '2017-07-19', 2, NULL, NULL),
(1405, 566, 21, '2017-07-19', 1, NULL, NULL),
(1406, 567, NULL, '2017-07-20', 1, NULL, NULL),
(1407, 549, 63, '2017-07-20', 4, NULL, NULL),
(1408, 568, NULL, '2017-07-20', 1, NULL, NULL),
(1409, 569, NULL, '2017-07-20', 1, NULL, NULL),
(1410, 570, NULL, '2017-07-20', 1, NULL, NULL),
(1411, 571, 23, '2017-07-20', 1, NULL, NULL),
(1412, 572, NULL, '2017-07-20', 1, NULL, NULL),
(1413, 573, NULL, '2017-07-20', 1, NULL, NULL),
(1414, 574, NULL, '2017-07-20', 1, NULL, NULL),
(1415, 575, 24, '2017-07-20', 1, NULL, NULL),
(1416, 571, 23, '2017-07-20', 3, NULL, NULL),
(1417, 576, NULL, '2017-07-20', 1, NULL, NULL),
(1419, 558, 27, '2017-07-20', 2, NULL, NULL),
(1420, 578, NULL, '2017-07-20', 1, NULL, NULL),
(1421, 283, 28, '2017-07-21', 5, NULL, NULL),
(1422, 292, 28, '2017-07-21', 5, NULL, NULL),
(1423, 328, 28, '2017-07-21', 5, NULL, NULL),
(1424, 579, NULL, '2017-07-21', 1, NULL, NULL),
(1425, 580, NULL, '2017-07-21', 1, NULL, NULL),
(1426, 529, 63, '2017-07-21', 4, NULL, NULL),
(1427, 581, 3, '2017-07-21', 1, NULL, NULL),
(1428, 581, 28, '2017-07-21', 2, NULL, NULL),
(1429, 558, 27, '2017-07-21', 5, 'Resolucion por bovando : Se envio un adjunto por mail con los movimientos solicitados. 21/07/2017', NULL),
(1430, 582, NULL, '2017-07-21', 1, NULL, NULL),
(1431, 552, 25, '2017-07-21', 2, NULL, NULL),
(1432, 583, NULL, '2017-07-21', 1, NULL, NULL),
(1433, 552, 25, '2017-07-21', 4, NULL, NULL),
(1434, 552, 25, '2017-07-21', 3, NULL, NULL),
(1435, 581, 3, '2017-07-21', 2, NULL, NULL),
(1436, 584, NULL, '2017-07-21', 1, NULL, NULL),
(1437, 585, NULL, '2017-07-21', 1, NULL, NULL),
(1438, 586, NULL, '2017-07-21', 1, NULL, NULL);

-- --------------------------------------------------------

--
-- Estructura de tabla para la tabla `permisos`
--

CREATE TABLE `permisos` (
  `id_permiso` int(11) NOT NULL,
  `nombre_permiso` varchar(30) COLLATE utf8_spanish2_ci NOT NULL
) ENGINE=InnoDB DEFAULT CHARSET=utf8 COLLATE=utf8_spanish2_ci;

--
-- Volcado de datos para la tabla `permisos`
--

INSERT INTO `permisos` (`id_permiso`, `nombre_permiso`) VALUES
(4, 'misTickets'),
(5, 'nuevoTicket'),
(6, 'baseConocimiento'),
(7, 'MenuAdministracion'),
(8, 'administrarTicketV'),
(9, 'verHistorialTicketB'),
(10, 'eliminarTicketB'),
(11, 'cambiarEstadoB'),
(12, 'MenuEstadoPGM'),
(13, 'MenuConfiguracion'),
(14, 'areasV'),
(15, 'eliminarAreaB'),
(16, 'modificarAreaB'),
(17, 'nuevAreaB'),
(18, 'asuntosV'),
(19, 'eliminarAsuntoB'),
(20, 'nuevoAsuntoB'),
(21, 'serviciosV'),
(22, 'eliminarServiciosB'),
(23, 'nuevoServicioB'),
(24, 'RazonesTransferenciaV'),
(25, 'eliminarRazonB'),
(26, 'nuevaRazonB'),
(27, 'usuariosV'),
(28, 'eliminarUsuarioB'),
(29, 'dehsabilitarUsuarioB'),
(30, 'habilitarUsuarioB'),
(31, 'resetearClaveB'),
(32, 'nuevoUsuarioB'),
(33, 'cambiarRolUsuarioB'),
(34, 'AsignarAsuntosV'),
(35, 'RolesV'),
(36, 'eliminarRolB'),
(37, 'nuevoRolB'),
(38, 'agregarPermisoB'),
(39, 'quitarPermisoB'),
(40, 'EmpleadosV'),
(41, 'eliminarEmpleadoB'),
(42, 'nuevoEmpleadoB'),
(43, 'modificarEmpeladoB'),
(44, 'versiones'),
(45, 'modificarPatrimonio'),
(46, 'notaSalida'),
(47, 'edificiosView'),
(48, 'nuevoEdificio'),
(50, 'eliminarEdificio');

-- --------------------------------------------------------

--
-- Estructura de tabla para la tabla `razones_transferencias`
--

CREATE TABLE `razones_transferencias` (
  `id_razon` int(11) NOT NULL,
  `nombre_razon` varchar(50) NOT NULL
) ENGINE=InnoDB DEFAULT CHARSET=utf8;

--
-- Volcado de datos para la tabla `razones_transferencias`
--

INSERT INTO `razones_transferencias` (`id_razon`, `nombre_razon`) VALUES
(1, 'Asunto erroneo'),
(2, 'Ya realice mi parte');

-- --------------------------------------------------------

--
-- Estructura de tabla para la tabla `roles`
--

CREATE TABLE `roles` (
  `id_rol` int(11) NOT NULL,
  `nombre_rol` varchar(30) COLLATE utf8_spanish2_ci NOT NULL
) ENGINE=InnoDB DEFAULT CHARSET=utf8 COLLATE=utf8_spanish2_ci;

--
-- Volcado de datos para la tabla `roles`
--

INSERT INTO `roles` (`id_rol`, `nombre_rol`) VALUES
(1, 'administrador'),
(2, 'user'),
(3, 'sistemas'),
(4, 'jefe de area'),
(5, 'administracion del area');

-- --------------------------------------------------------

--
-- Estructura de tabla para la tabla `roles_permisos`
--

CREATE TABLE `roles_permisos` (
  `fk_rol` int(11) NOT NULL,
  `fk_permiso` int(11) NOT NULL
) ENGINE=InnoDB DEFAULT CHARSET=utf8 COLLATE=utf8_spanish_ci;

--
-- Volcado de datos para la tabla `roles_permisos`
--

INSERT INTO `roles_permisos` (`fk_rol`, `fk_permiso`) VALUES
(1, 4),
(2, 4),
(3, 4),
(4, 4),
(5, 4),
(1, 5),
(2, 5),
(3, 5),
(4, 5),
(5, 5),
(1, 6),
(2, 6),
(3, 6),
(4, 6),
(5, 6),
(1, 7),
(3, 7),
(4, 7),
(1, 8),
(4, 8),
(1, 9),
(4, 9),
(1, 10),
(1, 11),
(1, 12),
(1, 13),
(3, 13),
(4, 13),
(1, 14),
(3, 14),
(1, 15),
(3, 15),
(1, 16),
(3, 16),
(1, 17),
(3, 17),
(1, 18),
(3, 18),
(1, 19),
(1, 20),
(3, 20),
(1, 21),
(3, 21),
(1, 22),
(1, 23),
(3, 23),
(1, 24),
(1, 25),
(1, 26),
(1, 27),
(4, 27),
(1, 28),
(1, 29),
(4, 29),
(1, 30),
(4, 30),
(1, 31),
(1, 32),
(1, 33),
(1, 34),
(3, 34),
(4, 34),
(1, 35),
(1, 36),
(1, 37),
(1, 38),
(3, 38),
(1, 39),
(1, 40),
(3, 40),
(1, 41),
(3, 41),
(1, 42),
(3, 42),
(1, 43),
(3, 43),
(1, 44),
(3, 44),
(1, 45),
(4, 45),
(5, 45),
(1, 46),
(4, 46),
(5, 46),
(1, 47),
(4, 47),
(1, 48),
(4, 48),
(1, 50);

-- --------------------------------------------------------

--
-- Estructura de tabla para la tabla `servicios`
--

CREATE TABLE `servicios` (
  `id_asuntoS` int(11) NOT NULL,
  `nombre_asuntoS` varchar(70) COLLATE utf8_spanish2_ci NOT NULL,
  `pertenece` int(11) NOT NULL
) ENGINE=InnoDB DEFAULT CHARSET=utf8 COLLATE=utf8_spanish2_ci;

--
-- Volcado de datos para la tabla `servicios`
--

INSERT INTO `servicios` (`id_asuntoS`, `nombre_asuntoS`, `pertenece`) VALUES
(27, 'Alta usuario (Legajo y Documento)', 11),
(29, 'Modificar permisos (Legajo y Documento)', 11),
(48, 'Otros problemas', 11),
(49, 'Diferencias en sueldos', 12),
(50, 'Actualizaciones de sueldos', 12),
(51, 'Alta usuario (Legajo y Documento)', 13),
(52, 'Baja usuario (Legajo y Documento)', 13),
(53, 'Configuracion de usuario (Permisos e instancias)', 13),
(54, 'Pedido de estadisticas (Arribos y salidas)', 14),
(55, 'Error de vinculacion (Aclarar cedulon/es)', 15),
(56, 'No se puede cobrar cedulon (Error de vinculo)', 15),
(57, 'Alta usuario cajero', 15),
(58, 'Baja usuario cajero', 15),
(59, 'Pedido de nuevo correo electronico', 16),
(60, 'Baja de correo electronico', 16),
(62, 'Problemas con el turnero', 17),
(66, 'Generacion de informes de sueldos', 12),
(67, 'Programacion de liquidacion', 12),
(68, 'Alta novedades', 12),
(69, 'Vinculacion de novedades', 12),
(70, 'Modificacion de novedades', 12),
(71, 'Baja novedades', 12),
(74, 'Actualizacion acumuladores de ganancia', 12),
(76, 'Elaboracion de informes de ganancias', 12),
(77, 'Generacion de recibos de manos a la obra', 12),
(78, 'Alta y modificacion de un cargo', 12),
(79, 'Alta y modificacion de funcion', 12),
(80, 'Alta y modificacion de area administrativa', 12),
(81, 'Alta y modificacion de organigrama', 12),
(82, 'Alta y modificacion de categoria', 12),
(83, 'Alta y modificacion de tipo de empleado', 12),
(84, 'Alta y modificacion de ubicacion de empelado', 12),
(85, 'Modificacion de sueldo basico en las categorias', 12),
(86, 'Modificacion de sueldo basico en las subrrogancias', 12),
(87, 'Actualizacion de salario minimo vital y movil', 12),
(88, 'Actualizacion de limites para asignaciones familiares', 12),
(89, 'Agregar nuevo servicio (Cual,por y para que)', 19),
(90, 'Mal funcionamiento del CPU', 17),
(91, 'Problemas con el mouse o teclado', 17),
(92, 'Mal funcionamiento de la impresora', 17),
(93, 'No funciona internet', 17),
(94, 'No funcionan los mail', 17),
(95, 'Cambio-Movimiento de impresoras', 17),
(96, 'No puedo enviar correos', 16),
(97, 'Saber si esta entregado', 20),
(98, 'Saber en que secretaria se encuentra', 20),
(99, 'Como realizar un pedido de abastecimiento', 20),
(100, 'Da error al cargar el pedido', 20),
(101, 'A que cuenta lo tengo que imputar', 20),
(102, 'No funciona', 21),
(103, 'No puede ingresar', 15),
(104, 'Alta usuario(Legajo y Documento)', 21),
(105, 'Baja usuario(Legajo y Documento)', 21),
(106, 'Modificar usuario(Legajo y Documento)', 21),
(107, 'Alta de calles', 21),
(108, 'Alta de barrios', 21),
(109, 'Creacion de reportes', 21),
(110, 'Otro problemas', 21),
(111, 'Error de migracion', 21),
(112, 'Instalacion servidor web', 22),
(113, 'Nuevo usuario', 23),
(114, 'Permisos para consulta general', 23),
(115, 'talonarios', 24),
(116, 'tsm', 24),
(117, 'tish', 24),
(118, 'pagos electronicos', 24),
(119, 'obras contribuciones', 24),
(120, 'listados', 24),
(121, 'sueldos', 24),
(122, 'compras', 24),
(123, 'obras privadas', 24),
(124, 'trib.faltas', 24),
(125, 'contaduria', 24),
(126, 'tesoreria', 24),
(127, 'otros', 24),
(128, 'Auditoria', 21),
(129, 'Agregar Entidad de cobro de multas', 13),
(130, 'Resetear Clave', 13),
(131, 'Cambiar documento de plantillas', 13),
(132, 'Modificación Permisos', 21),
(134, 'Modificación Aplicación', 25),
(135, 'Modificación BDD', 25),
(136, 'Errores de PGM', 12),
(137, 'Pagos electronicos', 21),
(138, 'Modificacion', 19),
(139, 'Otros', 23),
(140, 'Modificación de Reportes', 21),
(141, 'Reparacion de cerraduras de puertas', 28),
(142, 'Reparacion de cerraduras de muebles', 28),
(143, 'Reparacion o ejecucion de tabiques de placa de yeso', 28),
(144, 'Reparacion o ejecucion de techos', 28),
(145, 'Reparacion de mobiliario', 28),
(146, 'Reparacion por ingreso de agua en ventanas y/o aire', 28),
(147, 'Reaparacion o colocacion o retiro de piso flotante', 28),
(148, 'Reparacion o colocacion o retiro de alfombras', 28),
(149, 'Reparacion o ejecucion de pisos de madera', 28),
(150, 'Varios', 28),
(151, 'Proyecto especial', 28),
(152, 'Reparacion o ejecucion de estanterias para archivo', 29),
(153, 'Reparacion o ejecucion de repisas para pared', 29),
(154, 'Reparacion o ejecucion de sillas de madera', 29),
(155, 'Reparacion o ejecucion de mesas de madera', 29),
(156, 'Reparacion o ejecucion de aberturas de madera', 29),
(157, 'Varios', 29),
(158, 'Proyecto especial', 29),
(159, 'Pintura interior de edificios', 30),
(160, 'Pintura exterior de edificios', 30),
(161, 'Pintura de elementos de madera', 30),
(162, 'Pintura de cercos y aberturas de metal', 30),
(163, 'Pinturas y terminaciones de yeso o masilla', 30),
(165, 'Varios', 30),
(166, 'Proyecto especial', 30),
(167, 'Reparacion de herramientes de servicios publicos', 31),
(168, 'Reparacion o ejecucion de cercos perimetrales metalicos', 31),
(169, 'Reparacion o ejecucion de puertas o portones metalicos exteriores', 31),
(170, 'Reparacion o ejecucion de mobiliario metalico', 31),
(171, 'Reparacion o ejecucion de rejas', 31),
(172, 'Reparacion o ejecucion de juegos de plazas', 31),
(173, 'Reparacion o ejecucion de aberturas metalicas', 31),
(174, 'Reparacion o ejecucion de estructuras metalicas', 31),
(175, 'Varios', 31),
(176, 'Proyectos especiales', 31),
(177, 'Agua; Sanitarios; Roto', 32),
(178, 'Agua; Sanitarios; Perdida', 32),
(179, 'Agua; Sanitarios; Sin agua', 32),
(180, 'Agua; Sanitarios; Nuevo', 32),
(181, 'Agua; Tanque; Pierde', 32),
(182, 'Agua; Tanque; Rebalsa', 32),
(183, 'Agua; Conexion domiciliaria; Rota por maquina municipal', 32),
(184, 'Agua; Conexion domiciliaria; Nueva', 32),
(185, 'Agua; Conexion domiciliaria; Pierde', 32),
(186, 'Agua; Instalacion; Pierde', 32),
(187, 'Agua; Instalacion; Nueva', 32),
(188, 'Agua; Cocina; Pierde', 32),
(189, 'Agua; Cocina; Sin agua', 32),
(190, 'Agua; Cocina; Nueva', 32),
(191, 'Agua; Termotanque; Pierde agua', 32),
(192, 'Agua; Termotanque; Nuevo', 32),
(193, 'Desagües; Sanitarios; Tapadado', 32),
(194, 'Desagües; Sanitarios; Pierde descarga artefacto lavado de manos', 32),
(195, 'Desagües; Sanitarios; Descarga inodoro', 32),
(196, 'Desagües; Cocina; Tapado', 32),
(197, 'Calefaccion; Calefactores; Encender', 32),
(198, 'Calefaccion; Calefactores; Pierde gas', 32),
(199, 'Calefaccion; Calefactores; Reparar', 32),
(200, 'Calefaccion; Calefactores; Limpieza', 32),
(201, 'Calefaccion; Calefactores; Nuevo', 32),
(202, 'Calefaccion; Caldera; Encender', 32),
(203, 'Calefaccion; Caldera; Nueva', 32),
(204, 'Gas; Instalacion; Nueva', 32),
(205, 'Gas; Instalacion; Olor a gas', 32),
(206, 'Gas; Artefacto; Pierde', 32),
(207, 'Gas; Artefacto; Reparar', 32),
(208, 'Gas; Artefacto; Nuevo', 32),
(209, 'Varios', 32),
(210, 'Proyecto especial', 32),
(211, 'Iluminacion; Llave de luz; Rota', 33),
(212, 'Iluminacion; Cambiar tubo', 33),
(213, 'Iluminacion; Artefacto roto', 33),
(214, 'Iluminacion; Solicitud; Sistema nuevo', 33),
(215, 'Iluminacion; Exterior; Artefacto no funciona', 33),
(216, 'Iluminacion; Exterior; Solicitud sistema nuevo', 33),
(217, 'Tablero electrico; Salta termica', 33),
(218, 'Tablero electrico; Salta disyuntor', 33),
(219, 'Tablero electrico; Solicitud nuevo', 33),
(220, 'Instalacion electrica; Pilar de luz reparar', 33),
(221, 'Instalacion electrica; Solicitud nuevo', 33),
(222, 'Instalacion electrica; Toma corriente; No funciona', 33),
(223, 'Instalacion electrica; Trifasica; Reparacion', 33),
(224, 'Instalacion electrica; Sin energia', 33),
(225, 'Varios', 33),
(226, 'Proyecto especial', 33),
(227, 'Amurar estructura exterior', 34),
(228, 'Reparacion de ceramicos', 34),
(229, 'Colocacion de aberturas', 34),
(230, 'Revoque de mamposteria', 34),
(231, 'Ejecucion o reparacion de cercos perimetrales', 34),
(232, 'Colocacion de pisos ceramicos', 34),
(233, 'Colocacion de ceramicos en pared', 34),
(234, 'Ejecucion o reparacion de tabiques de mamposteria', 34),
(235, 'Ejecucion o reparacion de veredas', 34),
(236, 'Varios', 34),
(237, 'Proyecto especial', 34),
(238, 'Pedidos de abastecimiento', 21),
(239, 'Reclamos', 17);

-- --------------------------------------------------------

--
-- Estructura de tabla para la tabla `tickets`
--

CREATE TABLE `tickets` (
  `id_ticket` int(11) NOT NULL,
  `fecha` date NOT NULL,
  `hora` timestamp NOT NULL DEFAULT CURRENT_TIMESTAMP ON UPDATE CURRENT_TIMESTAMP,
  `creador` int(11) NOT NULL,
  `servicio` int(11) NOT NULL,
  `observacion` varchar(7000) COLLATE utf8_spanish2_ci DEFAULT NULL,
  `patrimonio` varchar(15) COLLATE utf8_spanish2_ci DEFAULT NULL,
  `tiempoResolucion` datetime DEFAULT NULL,
  `adjunto` varchar(100) COLLATE utf8_spanish2_ci DEFAULT NULL,
  `nota_entrada` varchar(13) COLLATE utf8_spanish2_ci DEFAULT NULL,
  `nota_salida` varchar(13) COLLATE utf8_spanish2_ci DEFAULT NULL,
  `fkEdificio` int(11) DEFAULT NULL
) ENGINE=InnoDB DEFAULT CHARSET=utf8 COLLATE=utf8_spanish2_ci;

--
-- Volcado de datos para la tabla `tickets`
--

INSERT INTO `tickets` (`id_ticket`, `fecha`, `hora`, `creador`, `servicio`, `observacion`, `patrimonio`, `tiempoResolucion`, `adjunto`, `nota_entrada`, `nota_salida`, `fkEdificio`) VALUES
(16, '2016-11-16', '2017-07-11 14:24:16', 24, 54, '16/11/2016 terminal de omnubus o puede ingresar al cajero daniel solucionado', NULL, NULL, NULL, NULL, NULL, NULL),
(17, '2016-11-16', '2017-07-11 14:24:16', 24, 54, 'diaz jorge no puede ingresar a cajero', NULL, NULL, NULL, NULL, NULL, NULL),
(20, '2016-11-16', '2017-07-11 14:24:16', 24, 103, 'USUARIO JORGE DIAZ', NULL, NULL, NULL, NULL, NULL, NULL),
(21, '2016-11-16', '2017-07-11 14:24:16', 24, 103, 'RAQUELINA TRIBUBAL DE FALTAS 2', NULL, NULL, NULL, NULL, NULL, NULL),
(22, '2016-11-16', '2017-07-11 14:24:16', 24, 55, 'TRANSITO PLAYON 16/11/16', NULL, NULL, NULL, NULL, NULL, NULL),
(23, '2016-11-16', '2017-07-11 14:24:16', 24, 102, 'LEGALES SANDRA NO PUEDE IMPRIMIR DEUDA', NULL, NULL, NULL, NULL, NULL, NULL),
(24, '2016-11-16', '2017-07-11 14:24:16', 24, 102, 'ana sangoy problemas con contraseña', NULL, NULL, NULL, NULL, NULL, NULL),
(25, '2016-11-16', '2017-07-11 14:24:16', 24, 27, 'norma trib.faltas 2 problema con archivar textos', NULL, NULL, NULL, NULL, NULL, NULL),
(26, '2016-11-16', '2017-07-11 14:24:16', 24, 102, 'maria de politicas tributarias usuario caducado 14/10/16', NULL, NULL, NULL, NULL, NULL, NULL),
(27, '2016-11-16', '2017-07-11 14:24:16', 24, 102, 'hacienda error de servidor 500', NULL, NULL, NULL, NULL, NULL, NULL),
(28, '2016-11-16', '2017-07-11 14:24:16', 24, 48, 'bety de catastro dice que no fue informada como se va implementar el nuevo PGM', NULL, NULL, NULL, NULL, NULL, NULL),
(29, '2016-11-16', '2017-07-11 14:24:16', 24, 48, 'marta de fiszcalicacion no puede cargar la calle al nuevo proseso', NULL, NULL, NULL, NULL, NULL, NULL),
(30, '2016-11-16', '2017-07-11 14:24:16', 24, 48, 'susana  urrutia de mesa entradas de morerno y moreno dice que se mudan otra vez solicita tecnico para configurar impresoras\n', NULL, NULL, NULL, NULL, NULL, NULL),
(31, '2016-11-16', '2017-07-11 14:24:16', 24, 48, 'transito y tte. tiene problemas con tiket de taxis y remises', NULL, NULL, NULL, NULL, NULL, NULL),
(32, '2016-11-16', '2017-07-11 14:24:16', 24, 103, 'chofa mesa entrada civico', NULL, NULL, NULL, NULL, NULL, NULL),
(33, '2016-11-16', '2017-07-11 14:24:16', 24, 102, 'graciela de cultura no puede ingresar con contraseña', NULL, NULL, NULL, NULL, NULL, NULL),
(34, '2016-11-16', '2017-07-11 14:24:16', 24, 48, 'lago moreno nora no puede hacer recibo de libre deudas', NULL, NULL, NULL, NULL, NULL, NULL),
(35, '2016-11-16', '2017-07-11 14:24:16', 24, 48, 'idalinda de transito y tte. pregunta sobre montos de la tarifaria ', NULL, NULL, NULL, NULL, NULL, NULL),
(36, '2016-11-16', '2017-07-11 14:24:16', 24, 48, 'delegacion moreno beatriz el cajero no reconoce libre de dudas', NULL, NULL, NULL, NULL, NULL, NULL),
(37, '2016-11-16', '2017-07-11 14:24:16', 24, 48, 'susana davies transito problemas con modificacion personal', NULL, NULL, NULL, NULL, NULL, NULL),
(38, '2016-11-16', '2017-07-11 14:24:16', 24, 48, 'playon dudas con recibo digital', NULL, NULL, NULL, NULL, NULL, NULL),
(39, '2016-11-16', '2017-07-11 14:24:16', 24, 107, 'erika conribuciones pide cargar la calle GUTERO EN PGM N UEVO', NULL, NULL, NULL, NULL, NULL, NULL),
(40, '2016-11-16', '2017-07-11 14:24:16', 24, 48, 'mabel de inspeccion gral pregunta si hoy a la tarde pueden trabajar en webdoc la repuesta es si\n', NULL, NULL, NULL, NULL, NULL, NULL),
(41, '2016-11-18', '2017-07-11 14:24:16', 24, 107, 'Erika cargar la calle Guttero', NULL, NULL, NULL, NULL, NULL, NULL),
(42, '2016-11-18', '2017-07-11 14:24:16', 24, 51, 'Mabel de Inspeccion pregunta y a la tarde pueden trabajar con Webdoc', NULL, NULL, NULL, NULL, NULL, NULL),
(43, '2016-11-18', '2017-07-11 14:24:16', 24, 56, 'delegacion otto gabriela no puede imprimir cedulon', NULL, NULL, NULL, NULL, NULL, NULL),
(44, '2016-11-18', '2017-07-11 14:24:16', 24, 102, 'gaby delegacion otto menu de fito/impresora/cambio de domicilio/cierre temporario/', NULL, NULL, NULL, NULL, NULL, NULL),
(76, '2017-04-18', '2017-07-11 14:24:16', 30, 112, 'Solicita: Juan ramos\n Area Emisora: direccion de sistemas\n Observacion: Crear servidor web para la instalacion del comunicar luego de estar instalado se encarga Castro.', '', NULL, NULL, NULL, NULL, NULL),
(77, '2017-04-19', '2017-07-11 14:24:16', 3, 114, 'Solicita: Susana Urrutia\n Area Emisora: secretaria de turismo\n Observacion: Buen dia:\n\nSolicito se agregue al Permiso PGM, consulta general de fichada, a los agentes que a continuaciòn se detallan, que forman parte del personal de la Direccòn de Trabajo:\n\n- Gabriela Anteanao - Legajo 12912\n\n- Gabriela Torres - Legajo 14836\n\n- Gonzalo Jaquis - Legajo 14833\n\n\nUsuarios: rabarzua - surrutia\n\n\nMuchas gracias.\n\n\nSusana', '', NULL, NULL, NULL, NULL, NULL),
(78, '2017-04-19', '2017-07-11 14:24:16', 3, 114, 'Solicita: Lucas Perez\n Area Emisora: terminal omnibus\n Observacion: buenos días les solicito por este medio tengan a bien poder agregar dentro de mi permiso para ver fichadas a la agente Contreras María Alicia LEG N º 11330  y DÍAZ JORGE EDELIO LEG N º 1181  ya q no puedo visualizar sus ingresos y Salidas\n\ndesde ya muchas gracias los saludo\nATENTAMENTE\n \nLUCAS PEREZ', '', NULL, NULL, NULL, NULL, NULL),
(79, '2017-04-19', '2017-07-11 14:24:16', 3, 110, 'Solicita: Politicas tributarias\n Area Emisora: secretaria de hacienda\n Observacion: Hola ali me podrías decir por favor quien genero estas notas de débito, gracias!!!!!!!!!!!!!! María.\n \n0939313870 \n0939313846 \n0940292465 \n Mensaje de avarano: Las notas de débito las hizo Martín de Tesoreria. Las 1eras dos el 10/01/17 y la 3era el 13/2.\nY si mirás en la ficha de cada factura en la descripción te dice la causa.\nTodas las notas de débito/crédito que hacen referencia a diferencia de importes , por lo general, se hacen en Tesorería , por los pagos electrónicos.\n', '', NULL, NULL, NULL, NULL, NULL),
(80, '2017-04-19', '2017-07-11 14:24:16', 3, 104, 'Solicita: Mercado Comunitario\n Area Emisora: secretaria de hacienda\n Observacion: Buen día,\nsolicitamos tengan a bien dar permisos para entrar al PGM nuevo al usuario\nlanton leg.12350 para poder ver deudas, ordenes de pago, tasa personal y\ncon el PGM viejo poder hacer pedidos de abastecimiento, proyectos de\nresolución y ver resoluciones.\nGracias!\n\n', '', NULL, NULL, NULL, NULL, NULL),
(81, '2017-04-19', '2017-07-11 14:24:16', 3, 27, 'Solicita: Mercado Comunitario\n Area Emisora: secretaria de hacienda\n Observacion: Buen día,\nsolicitamos tengan a bien dar permisos para entrar al PGM nuevo al usuario\nlanton leg.12350 para poder ver deudas, ordenes de pago, tasa personal y\ncon el PGM viejo poder hacer pedidos de abastecimiento, proyectos de\nresolución y ver resoluciones.\nGracias!\n\n', '', NULL, NULL, NULL, NULL, NULL),
(82, '2017-04-19', '2017-07-11 14:24:16', 3, 106, 'Solicita: Ivana Calo\n Area Emisora: secretaria\n Observacion: Hola buen día solicito poder terner acceso al PGM nuevo mi nombre es Ivana Caló Legajo 11713\nactualmente tengo acceso a aprobacion de pedidos de abastecimiento de la Secretaría de Desarrollo Social Cultural y Deportivo que incluye todos los pedids generados en Sociales, Cultura y Deportes\naceesoa  padrón de personas, acceso a realizacion de proyectos de todos los tipos, pase por sistema de todos los proyectos generados en sociales, deportes y cultura. realizacion de pedidos de abastecimiento. y solicito acceso para poder ver las ordenes de pago.\n \natte Ivana. ', '', NULL, NULL, NULL, NULL, NULL),
(83, '2017-04-19', '2017-07-11 14:24:16', 3, 54, 'Solicita: Lucas Perez\n Area Emisora: terminal omnibus\n Observacion: por otra parte vuelvo a solicitarles  enviarme en carácter de URGENTE los movimientos de micros en terminal desde enero de 2016 a la fecha para elevar informe a la SUBSECRETARIA DE TTO. Y TTE. \ndesde ya muchas gracias los saludo\nATENTAMENTE\n \nLUCAS PEREZ', '', NULL, NULL, NULL, NULL, NULL),
(90, '2017-04-21', '2017-07-11 14:24:16', 18, 110, 'Solicita: yo\n Area Emisora: dpto. tributario\n Observacion: esta es la observacion', '', NULL, NULL, NULL, NULL, NULL),
(94, '2017-04-21', '2017-07-11 14:24:16', 18, 110, 'Solicita: Cecilia Cartes\n Area Emisora: dpto. tributario\n Observacion: Solicita modificar estado boleta 0940481666 de Anulado a Adeudado ya que se debe abonar. \nTambien quiere saber quien lo anulo.', '', NULL, NULL, NULL, NULL, NULL),
(95, '2017-04-21', '2017-07-11 14:24:16', 18, 115, 'Solicita: Alicia\n Area Emisora: direccion de sistemas\n Observacion: El talonario 38604 es al que no se le había migrado el item "Serv.Urbano y\nVialidad Rural"  en su cuota nro 4 por $ 709.08 .\nPara solucionarlo en el momento se agregó el item por el "administrador de\ndeuda".\n\nPara estar seguros de que no existan otras diferencias como\nesta,necesitamos que realicen un control de la migración.', '', NULL, NULL, NULL, NULL, NULL),
(98, '2017-04-21', '2017-07-11 14:24:16', 18, 127, 'Solicita: alicia\n Area Emisora: direccion de sistemas\n Observacion:  al realizar un procesa deuda a un bien de tasa por serv.a la\npropiedad , apareció relacionado otro procesa deuda que no tiene nada que\nver, inclusive esta pagado hace años.\n\nAdjunto captura de pantalla de lo sucedido.\n\nSi bien esto no ocasionó mayores problemas, ya que se cobró lo que\ncorrespondía, será conveniente ver que es lo que pasó.\n Mensaje de avarano: Pgm dijo que no sabe que paso , pero Hector descubrio que tiene que ver con los id_process.\nCoincidio id_proces nuevo con alguno ya existente.', '', NULL, NULL, NULL, NULL, NULL),
(104, '2017-04-21', '2017-07-11 14:24:16', 18, 115, 'Solicita: Erica\n Area Emisora: depto de contribuciones\n Observacion: desde el área de contribuciones solicitan el siguiente\nrequerimiento sobre las notificaciones por planes de pago.\nActualmente la notificación tiene los datos del titular del bien y no del\nencargado del plan de pago. Es necesario que la notificacion este a nombre\nde quien sea firmante del plan de pago. Este requerimiento obedece a la\nnecesidad de notificar correctamente a quien tramito el plan de pago.\n', '', NULL, NULL, NULL, NULL, NULL),
(105, '2017-04-21', '2017-07-11 14:24:16', 18, 127, 'Solicita: Lilian Baroni\n Area Emisora: direccion de sistemas\n Observacion: Tenemos reiteradas solicitudes de que se pueda volver a estado "Adeudado" \ncuotas que estén en cualquier estado excepto "Cobrado" y "Financiado".', '', NULL, NULL, NULL, NULL, NULL),
(106, '2017-04-21', '2017-07-11 14:24:16', 18, 127, 'Solicita: alicia\n Area Emisora: direccion de sistemas\n Observacion: En el padrón de residuos urbanos, que se liquidan las cuotas considerando\nlos adicionales facturados, aunque la cuota esté pagada, el adicional se\npuede pasar a adicional pendiente y después borrarlo.\nDe esta forma, se pierde el dato de los m3 recolectados.\nSerá posible que, cuando la boleta relacionada al adicional esté pagada,\nel sistema no deja pasar el adicional facturado a pendiente?', '', NULL, NULL, NULL, NULL, NULL),
(107, '2017-04-21', '2017-07-11 14:24:16', 18, 115, 'Solicita: alicia\n Area Emisora: direccion de sistemas\n Observacion: Al hacer un tipo de talonario con tasa de interés 0, y financiar una deuda\nde 31800$ dan 12 cuotas de 2649.99 en lugar de 2650.\nHaciendo lo mismo con el usuario prueba da bien.\nHay alguna configuración que tenga que cambiar?', '', NULL, NULL, NULL, NULL, NULL),
(108, '2017-04-21', '2017-07-11 14:24:16', 18, 120, 'Solicita: Erica\n Area Emisora: depto de contribuciones\n Observacion: Necesitamos que la ayuda de "Listado de tipos de conexiones por obra"\ndisponible para la realización de reportes muestre el concepto y no solo\nel tipo de conexión, para poder identificar la obra buscada.\nSe utiliza esta ayuda en el reporte "Contr-Listado datos por Obra".', '', NULL, NULL, NULL, NULL, NULL),
(109, '2017-04-21', '2017-07-11 14:24:16', 18, 127, 'Solicita: alicia\n Area Emisora: direccion de sistemas\n Observacion: Una consulta sobre la unificación de personas. En el sistema anterior\ncuando se unificaba, la persona original se borraba de la tabla de\npersonas. Ahora no es asi?\nPorque encontramos unos 450 que suponiamos se debían haber borrado, pero\nsiguen estando.\nAdjunto reporte con los registros encontrados, que saque con el siguiente\nselect:\n\nselect a.tipo_documento,a.documento,\nb.tipo_documento_original,b.documento_original,\nb.tipo_documento_nuevo,b.documento_nuevo,estado,fecha_proceso\nfrom personas a join cambio_clave b on a.tipo_documento =\nb.tipo_documento_original and a.documento = b.documento_original\nwhere  b.documento_original <> b.documento_nuevo\nand estado <> \'P\'\n\n Mensaje de avarano: Ejecutamos el proceso de unificacion a las 15:00 hs, verifique varios \ncasos de las personas cargadas para unificar y no se registraron \nproblemas. No obstante, sigan ejecutando el proceso fuera del horario de \natención al público y sin otro proceso masivo ejecutándose en paralelo, \ntal como me informaron que lo vienen haciendo.\n\n\n', '', NULL, NULL, NULL, NULL, NULL),
(110, '2017-04-21', '2017-07-11 14:24:16', 18, 126, 'Solicita: alicia\n Area Emisora: direccion de tesoreria\n Observacion: En el día de ayer el cajero "garanda" recaudo en una operación una boleta\nde talonario y una cuota de convenio de pago y no se imprimió el duplicado\ndel ticket correspondiente  al convenio. Tampoco salió cuando se hizo la\nreimpresión.\nFaltará alguna configuración?', '', NULL, NULL, NULL, NULL, NULL),
(111, '2017-04-21', '2017-07-11 14:24:16', 18, 115, 'Solicita: alicia\n Area Emisora: depto de contribuciones\n Observacion: Se puede hacer una carátula de talonario, distinta de la estandar, que no\ndetalle los períodos incluído en el plan  y tampoco muestre los importes\noriginal, total financiado anticipo y descuento?\nEsto es porque para cumplir (o casi) con una forma de financiación\nestablecida por resolucion, para obra de cloaca , se hicieron condiciones\nparticulares de financiacion , que incluyen descuentos en el monto a\nfinanciar. De esta manera se llega a montos  similares a los que pagarían\ncon las 12 primeras cuotas sin interés y luego 12, 24 o mas cuotas.(ver\ncorreo del 15/2 asunto nueva obra donde se adjunta resolución).\n Mensaje de avarano: dice Fernando que no se puede, pero hay que resolverlo.', '', NULL, NULL, NULL, NULL, NULL),
(112, '2017-04-21', '2017-07-11 14:24:16', 18, 127, 'Solicita: Lilian\n Area Emisora: hacienda\n Observacion: Se puede hacer un seguimiento de las notificaciones enviadas por el\n"Listado/Notificación de deuda"? Es para saber quienes pagaron la boleta\nde deuda generada en la notificación.', '', NULL, NULL, NULL, NULL, NULL),
(113, '2017-04-21', '2017-07-11 14:24:16', 18, 128, 'Solicita: Martin Velazquez\n Area Emisora: direccion de tesoreria\n Observacion: Verificar si corresponde nota debito 0940390001 de padron TSM 22945 , con item Seg.e Higiene.\n Mensaje de avarano: Se hizo por error, correspondia al padron de comercio 22945 del Banco Patagonia.\nEl usuario que lo hizo fue lbaroni, el 15/03/17.\n', '', NULL, NULL, NULL, NULL, NULL),
(114, '2017-04-21', '2017-07-11 14:24:16', 18, 117, 'Solicita: todos\n Area Emisora: sistemasEn el padrón de comercio, cuando se busca una cuenta hay que completar con los ceros. Podrá ser que se autocompleten , como en el padrón de tasa por servicios municipales?\n Observacion: En el padrón de comercio, cuando se busca una cuenta hay que completar con los ceros.\nPodrá ser que se autocompleten , como en el padrón de tasa por servicios municipales?', '', NULL, NULL, NULL, NULL, NULL),
(115, '2017-04-21', '2017-07-11 14:24:16', 27, 129, 'Solicita: Raquelina\n Area Emisora: tribunal faltas 2\n Observacion: Agregar comisaria 42 como entidad de cobro de multas en el webdoc.', '', NULL, NULL, NULL, NULL, NULL),
(116, '2017-04-21', '2017-07-11 14:24:16', 27, 112, 'Solicita: Juan Carlos\n Area Emisora: direccion de sistemas\n Observacion: Configurar maquina virtual con servidor web para el sistema de COMUNICAR', '', NULL, NULL, NULL, NULL, NULL),
(117, '2017-04-21', '2017-07-11 14:24:16', 21, 89, 'Solicita: Estefania Klein\n Area Emisora: direccion de sistemas\n Observacion: Mostrar ultima interfaz de ticketneitor', '', NULL, NULL, NULL, NULL, NULL),
(118, '2017-04-24', '2017-07-11 14:24:16', 18, 109, 'Solicita: Lilian- Marta\n Area Emisora: Politicas tributarias\n Observacion: Listado por obra cloaca san francisco contado y por plan , cantidad ,pagado ,consolidado.\ncuenta,nomenclatura,talonario,deuda original,cuotas cobradas, cuotas adeudadas.\n Mensaje de avarano: Genere listado en pgm  Contr-Padron Financiacion Cloacas San Francisco. ', '', NULL, NULL, NULL, NULL, NULL),
(119, '2017-04-24', '2017-07-11 14:24:16', 3, 110, 'Solicita: Marta Montenegro\n Area Emisora: dpto. fiscalizacion\n Observacion: La cuenta de tasa inmueble 19542 tiene una nota de credito por año. ¿Porque?', '', NULL, NULL, NULL, NULL, NULL),
(120, '2017-04-24', '2017-07-11 14:24:16', 21, 130, 'Solicita: JCURIQUEO\n Area Emisora: direccion obras particulares\n Observacion: Pidieron que le reseteemos la clave porque ya hace varios dias que le falla.', '', NULL, NULL, NULL, NULL, NULL),
(121, '2017-04-24', '2017-07-11 14:24:16', 18, 109, 'Solicita: Alejandra Galvan\n Area Emisora: Politicas Tributarias\n Observacion: Notas de credito/debito entre fechas con padron,descripcion y monto', '', NULL, NULL, NULL, NULL, NULL),
(122, '2017-04-24', '2017-07-11 14:24:16', 21, 48, 'Solicita: Viviana Soto\n Area Emisora: mesa entrada corralon\n Observacion: Le desapareció el permiso para dar de alta personas a MESACORRALON-S1', '', NULL, NULL, NULL, NULL, NULL),
(123, '2017-04-24', '2017-07-11 14:24:16', 3, 106, 'Solicita: Marcos Pavonº\n Area Emisora: deportes\n Observacion: Buen dia Matias, por favor necesito que puedas habilitar en el pegm para ver el registro de proveedores no solo la op. Buscar los pagos por proveedor para ver los pendientes y lo pagado. Hoy solo puedo visualizar por op.\n \nTe pido también que habilites de igual forma a los usuarios: Soledadr, fperez, cgonzalez, jcorrillo\n \nMuchas gracias.\n \n \nMarcos Pavon \n', '', NULL, NULL, NULL, NULL, NULL),
(124, '2017-04-24', '2017-07-11 14:24:16', 29, 48, 'Solicita: Seguimiento cuenta\n Area Emisora: Tesoreria\n Observacion: Se necesita que el listado de Seguimiento de Cuenta, tenga los importes individuales de cada dia, ademas de los acumulados.', '', NULL, NULL, NULL, NULL, NULL),
(125, '2017-04-24', '2017-07-11 14:24:16', 3, 92, 'Solicita: Daniela\n Area Emisora: recursos humanos\n Observacion: Por medio del presente, solicito servicio técnico en el área de Medicina Laboral para verificar conexión de impresora en el área administrativa (HP1212), e impresora HP Deskjet F380 (oficina del Dr.) por fallas en el funcionamiento.\n \nMuchas gracias!!!!\n \nDaniela', '', NULL, NULL, NULL, NULL, NULL),
(128, '2017-04-26', '2017-07-11 14:24:16', 3, 113, 'Solicita: Lorenzo Oscar Zapata\n Observacion: Buena. \n\nas tardes me comunico a fin de solicitar usuario para poder ingresar a mis horarios de fichada de manera digital.\n\n\n\n\nSin mas espero su respuesta\n\nSaludos.\n\n\n\n\nZapata Lorenzo Oscar\n\nDNI 30479647\n\nlegajo 508\n', '', NULL, NULL, NULL, NULL, NULL),
(129, '2017-04-26', '2017-07-11 14:24:16', 15, 118, 'Solicita: Listado Debitos nos realizados\n Area Emisora: depto de contribuciones\n Observacion: Envie un email a soporte@municipalidad.com	:\n\nBuenas tardes,\n\nQueria consultarles como podemos ver el resultado de los debitos directos rechazados, y la razon informada por el banco.\n\nMuchas gracias,\n\nEnzo A. Kayser\nSistemas MSCB \n', '', NULL, NULL, NULL, NULL, NULL),
(130, '2017-04-26', '2017-07-11 14:24:16', 3, 110, 'Solicita: Servicios Publicos\n Area Emisora: servicios p\n Observacion: DE: DIRECCIÒN DE SERVICIOS PÙBLICOS\n  A: DIRECCIÒN DE SISTEMAS\n \n \n    Por la presente me dirijo a Ud, solicitando se ANULE el tema en Recibo Digital, Cementerio-Derecho de Exhumaciòn.\n    Cambiar  valor  en Recibo Digital al tema, Cementerio Derecho de Inhumaciòn e Ingreso- Corresponde el valor a este derecho, segun Ordenanza Nº2810-CM-16  $ 4090,00.\nEn Administraciòn de Deuda agregar Derecho de Introducciòn y separar Derecho de Testimonio e Inhumaciòn.\n \n \n \n    Atentamente\n \n \n \nServicios Pùblicos', '', NULL, NULL, NULL, NULL, NULL),
(133, '2017-04-28', '2017-07-11 14:24:16', 18, 110, 'Solicita: Andrea\n Area Emisora: depto de contribuciones\n Observacion: revisar cuotas generadas en obras de cloacas, que se correspondan con tipo plan (ejec y no ejec) , items separados y no solo uno\n\n Mensaje de avarano: En estas 3 cuentas  no coinciden el tipo de obra con el tipo de plan.\nNo se cual corresponde y habria que revisar la fecha de vencimiento de la deuda generada.\n \n904002531                                         \n904002618                                         \n904002713\n', '', NULL, NULL, NULL, NULL, NULL),
(134, '2017-04-28', '2017-07-11 14:24:16', 18, 110, 'Solicita: Marcela\n Area Emisora: dpto. tributario\n Observacion: Volver a estado emitidas declaraciones juradas de la 5/2016 a 12/2016 de la cuenta 007049, ', '', NULL, NULL, NULL, NULL, NULL),
(135, '2017-04-28', '2017-07-11 14:24:16', 18, 115, 'Solicita: Marta\n Area Emisora: depto de contribuciones\n Observacion: Se caducaron los talonarios 46668/9 pero el sistema solo anulo las cuotas de talonario y no paso los talonarios a anulados y las cuotas originales a adeudada\n', '', NULL, NULL, NULL, NULL, NULL),
(136, '2017-05-02', '2017-07-11 14:24:16', 27, 127, 'Solicita: Cecilia \n Area Emisora: tributario\n Observacion: Blanqueo de cuentas: 027695 \n022399 \n018252', '', NULL, NULL, NULL, NULL, NULL),
(208, '2017-05-04', '2017-07-11 14:24:16', 27, 131, 'Solicita: Raquelina\n Area Emisora: tribunal faltas 2\n Observacion: Solicita la modificacion de un documento de plantilla en Webdoc', '', NULL, NULL, NULL, NULL, NULL),
(209, '2017-05-04', '2017-07-11 14:24:16', 27, 113, 'Solicita: Susana Elizabeth Marin\n Area Emisora: sociales\n Observacion: Solicita usuario para ver sus fichadas.', '', NULL, NULL, NULL, NULL, NULL),
(227, '2017-05-05', '2017-07-11 14:24:16', 18, 110, 'Solicita: Andrea\n Area Emisora: depto de contribuciones\n Observacion: Modificar fecha vencimiento cuota al 17/04/17  cuenta 9040002713 ejecutada', '', NULL, NULL, NULL, NULL, NULL),
(228, '2017-05-05', '2017-07-11 14:24:16', 18, 109, 'Solicita: Erica\n Area Emisora: depto de contribuciones\n Observacion: padron talonarios por obra ( las margaritas)', '', NULL, NULL, NULL, NULL, NULL),
(229, '2017-05-05', '2017-07-11 14:24:16', 18, 128, 'Solicita: ruth\n Area Emisora: direccion de tesoreria\n Observacion: Boleta 0933602166  de Lallana Ernesto transito $7800. Aparentemente se cobró con recibo digital 00000418 ticket T000962565', '', NULL, NULL, NULL, NULL, NULL),
(230, '2017-05-05', '2017-07-11 14:24:16', 18, 110, 'Solicita: Monica\n Area Emisora: deleg. cerro catedral\n Observacion: Necesita recibo digital para baja habilitacion comercial', '', NULL, NULL, NULL, NULL, NULL),
(231, '2017-05-05', '2017-07-11 14:24:16', 18, 109, 'Solicita: alicia\n Area Emisora: direccion de sistemas\n Observacion: recibos manos a la obra', '', NULL, NULL, NULL, NULL, NULL),
(232, '2017-05-05', '2017-07-11 14:24:16', 18, 102, 'Solicita: karina\n Area Emisora: mesa de entradas \n Observacion: Cuando generamos una boleta tipo Tasa personal por el administrador de\ndeuda, después de Aceptar, no aparece el link "Ver Boleta" , que es el que\npermite el acceso rápido a la boleta para imprimirlo, ni el nro. de boleta\nen la parte superior de la página. Nos dicen que antes salía.\n', '', NULL, NULL, NULL, NULL, NULL),
(233, '2017-05-05', '2017-07-11 14:24:16', 18, 109, 'Solicita: Erica\n Area Emisora: depto de contribuciones\n Observacion: listado talonarios por tipo de talonario', '', NULL, NULL, NULL, NULL, NULL),
(234, '2017-05-05', '2017-07-11 14:24:16', 21, 132, 'Solicita: Ariel Gomis / Fabiana Velazquez\n Area Emisora: dpto de sueldos\n Observacion: Por medio de la presente y a pedido de la Secretaría de Hacienda se autoriza a la Dirección de Sistemas a dar los permisos necesarios para que dicha Secretaría pueda visualizar la pantalla Resumen.\n \nAtte.\n \nFabiana VELAZQUEZ\nA/C Departamento de Sueldos\nMSCB', '', NULL, NULL, NULL, NULL, NULL),
(235, '2017-05-05', '2017-07-11 14:24:16', 21, 134, 'Solicita: Juan Carlos Ramos\n Area Emisora: direccion de sistemas\n Observacion: En "Modificar Animal" agregar quién realizó el chipeado: \'Chip aplicado por:\'\nCambiar "Propietarios" por "Personas"', '', NULL, NULL, NULL, NULL, NULL),
(236, '2017-05-05', '2017-07-11 14:24:16', 21, 135, 'Solicita: Juan Carlos Ramos\n Area Emisora: direccion de sistemas\n Observacion: Limpiar la base y poner datos correctos para mostrar a veterinaria', '', NULL, NULL, NULL, NULL, NULL),
(237, '2017-05-05', '2017-07-11 14:24:16', 21, 134, 'Solicita: Estefanía Klein\n Area Emisora: direccion de sistemas\n Observacion: Agregar en Cargar Animal y en Modificar Animal, para subir la foto del mismo.\n Mensaje de eklein: Además, debe poder subirse más de una foto, el útil para los equinos.', '', NULL, NULL, NULL, NULL, NULL),
(238, '2017-05-05', '2017-07-11 14:24:16', 3, 27, 'Solicita: Fabiana Gonzalez\n Observacion: A quien corresponda:\nPor este medio solicto alta en PGM para la agente que se detalla a continuación.\nConfección proyectos de resolución.\n \nStella Maris Testore\nDNI 32030611\nLEGAJO 14382\n \nAtte.-\n \nFabiana González\nA/C Depto. Administrativo\nJefatura de Gabinete', '', NULL, NULL, NULL, NULL, NULL),
(239, '2017-05-05', '2017-07-11 14:24:16', 3, 106, 'Solicita: Juan Francisco\n Area Emisora: secretaria de hacienda\n Observacion: Con el fin de verificar las solicitudes de adelantos de Sueldos, que se gestionan desde esta Secretaría, solicitamos habilite la opción para poder visualizar el padrón de sueldos, a los usuarios AGOMIS, DBREIDE, KLOPEZ, AMARQUEZ, y JFRANCISCO.\n \n \nSaludos\n \nJuan Francisco.-\n \nRespuesta por mbenditti: Dale tefi hacelo', '', NULL, NULL, NULL, NULL, NULL),
(240, '2017-05-08', '2017-07-11 14:24:16', 27, 112, 'Solicita: Juan \n Area Emisora: direccion de sistemas\n Observacion: Crear y preparar servidor de desarrollo para el sitio Comunicar', '', NULL, NULL, NULL, '00---------', NULL),
(241, '2017-05-08', '2017-07-11 14:24:16', 18, 127, 'Solicita: Karina\n Area Emisora: mesa de entradas n\n Observacion: Cuando generamos una boleta tipo Tasa personal por el administrador de\ndeuda, después de Aceptar, no aparece el link "Ver Boleta" , que es el que\npermite el acceso rápido a la boleta para imprimirlo, ni el nro. de boleta\nen la parte superior de la página. Nos dicen que antes salía.', '', NULL, NULL, NULL, NULL, NULL),
(242, '2017-05-08', '2017-07-11 14:24:16', 18, 110, 'Solicita: Marta\n Area Emisora: depto de contribuciones\n Observacion: En la notificacion de deuda para escribania incluir otras deudas ademas de tasa. Podria ser seleccionando por nomenclatura como en procesa\nVer si no hay algo ya en el sistema nuevo.', '', NULL, NULL, NULL, NULL, NULL),
(243, '2017-05-08', '2017-07-11 14:24:16', 21, 69, 'Solicita: Gloria\n Area Emisora: dpto de sueldos\n Observacion: Se necesitan las partidas presupuestarias para las novedades de pasantes listadas.', '', NULL, '243.pdf', NULL, NULL, NULL),
(244, '2017-05-09', '2017-07-11 14:24:16', 3, 27, 'Solicita: Lucas Perez\n Area Emisora: terminal omnibus\n Observacion: Sres.\nDireccion de Sistemas\nS                /              D\n \n \nA quien corresponda: \n \n                                 Solicitamos nos remitan USUARIO Y PASSWORD, para ejecutar en el sistema PGM nuevo. Para el Agente Sergio Ortiz de Elguea (Leg 1129). Jefe de la Division Administrativa (OMIDUC), con las siguientes atribuciones:\n \n \nProyecto de Resolucion. \nPedidos de Abstecimiento. \nFichadas de Personal. \nPadron de Comercios. \nweb doc: habilitaciones. \nHomologaciones.\n                              Sin otro particular, saludamos a Uds. atentamente.\n \n                                                                                                                                                     Guillermo W. Perea\n                                                                                                                                                       Director OMIDUC', '', NULL, NULL, NULL, NULL, NULL),
(245, '2017-05-09', '2017-07-11 14:24:16', 3, 29, 'Solicita: Lucas Perez\n Area Emisora: terminal omnibus\n Observacion: buenos días, me dirijo a ustedes por este medio a fin de solicitarles tengan a bien poder agregar a mi pgm permisos para ver proyectos de resoluciones sin mas los saludo\n \nATENTAMENTE \nLUCAS PEREZ \n Mensaje de mbenditti: buen dia mi usuario es lperez', '', NULL, NULL, NULL, NULL, NULL),
(246, '2017-05-09', '2017-07-11 14:24:16', 3, 106, 'Solicita: Lorena Arias\n Area Emisora: secretaria de turismo\n Observacion: Por medio de la presente solicito me habiliten en PGM, poder visualizar el libro de rubro egresos, a fin de poder sacar la información que necesito para realizar rendición de eventos. \n \npongo en copia Marcela Giovannini quien es la Directora de la cual dependo.\n \nAtte. \n \nLorena Arias\nA/c dpto. Administració y eventos\nSecretaria de Turismo y Producción', 'Sin', NULL, NULL, NULL, NULL, NULL),
(247, '2017-05-09', '2017-07-11 14:24:16', 3, 110, 'Solicita: Erica Salvo\n Area Emisora: depto de contribuciones\n Observacion: Buenos días:\nMediante la presente solicito se modifique en el nº de cedulón 0940525517 en descripción subtasa donde dice 21682/2016 192N272020000, debe decir 21682/2017 191F 0006 005.\nAtentamente.\nErica Salvo – Departamento Contribuciones', '', NULL, NULL, NULL, NULL, NULL),
(248, '2017-05-11', '2017-07-11 14:24:16', 27, 48, 'Solicita: Andrea\n Area Emisora: direccion inspeccion general\n Observacion: Andrea solicita modificar cuenta de comercio para que pueda cambiar el tipo de publicidad.', '', NULL, NULL, NULL, NULL, NULL),
(249, '2017-05-11', '2017-07-11 14:24:16', 27, 127, 'Solicita: Andrea\n Area Emisora: direccion inspeccion general\n Observacion: Andrea solicita modificar cuenta de comercio para cambiar el tipo de publicidad', '', NULL, NULL, NULL, NULL, NULL),
(251, '2017-05-11', '2017-07-11 14:24:16', 21, 104, 'Solicita: Dpto de Sueldos - Fabiana Velazquez\n Area Emisora: dpto de sueldos\n Observacion: Por medio de la presente y según lo conversado con el Director del área, Cdor.Cristian PAREDES, solicito habilitar la autorización para acceder a la ventana Resumen del sistema de sueldos\na la Dirección de Recursos Humanos.\nAsí mismo y de ser factible, habilitar igual autorización a los Jefes del Depto de Personal:\n \nCOLIN, Ana Laura Legajo 11195\nDE MARIO, María Magdalena Legajo 11041\nMARTINEZ, Blanca Eva Legajo 170\nHUENCHULLAN, Jorge 947\n \n \nAtte.\n \nFabiana VELAZQUEZ\nA/C Departamento de Sueldos\nMSCB', '', NULL, NULL, NULL, NULL, NULL),
(252, '2017-05-11', '2017-07-11 14:24:16', 21, 132, 'Solicita: Cristian Paredes\n Area Emisora: direccion de contaduria -\n Observacion: Estefania\n \nHabilitale tambien a mgonzalez, Mariana tambien me ayuda con algunos temas de sueldos y utiliza la info para proyectar algunos gastos del presupuesto.\n \ncristian\n', '', NULL, NULL, NULL, NULL, NULL),
(253, '2017-05-11', '2017-07-11 14:24:16', 21, 136, 'Solicita: Estefania Klein\n Area Emisora: direccion de sistemas\n Observacion: Envié mail a Soporte de PGM:\nHola Matías, envío el probema comentado por teléfono:\n\nCuando queremos cortar un recibo de sueldo de una liquidación abierta, en\nel Padrón de Sueldos --> Historial de Cargos, sólo para algunos legajos,\nnos muestra el siguiente error:\nError del servidor\n500 - Error interno del servidor.\nHay un problema con el recurso que busca y no se puede mostrar.\n\nLo estamos haciendo desde baja de Liquidación por el momento como me\nindicaste.', '', NULL, NULL, NULL, NULL, NULL),
(254, '2017-05-11', '2017-07-11 14:24:16', 21, 136, 'Solicita: Estefania Klein\n Area Emisora: direccion de sistemas\n Observacion: Envié mail a Soporte de PGM:\n\n\nHola Matías, de acuerdo a lo conversado telefónicamente, te envío el\nscreenshot del error que hubo mientras se estaba liquidando Planta\nPermanente.\nCuando estaba al 60% mostró lo que adjunto.', '', NULL, '254.jpg', NULL, NULL, NULL),
(255, '2017-05-12', '2017-07-11 14:24:16', 21, 136, 'Solicita: Vanesa Noves\n Area Emisora: dpto de sueldos\n Observacion: Hola Hernán, ¿cómo estás?, estuve viendo con Vanesa unos legajos con el\ntema de los hijos Mayores a 18 años. Tengo varios casos.\n\nCASO 1: Los legajos para que mires son: 1531 y 8436 (NOV. 1810)\n\néstos tienen hijos que cumplen 18 años en Mayo, y en la liquidación de\nMayo no los está incluyendo, deberían cobrar por hijos con MAYO inclusive.\n\nCASO 2: Legajo 20604 y 287 tiene a la NIETA/NIETO a cargo y no le está\nincluyendo la novedad 1810.\n\nCASO 3: Legajo 300\n\nTiene un NIETO con Discapacidad y no le incluye la novedad 1920.\n\nPodrás revisar la fórmula CantidadHijosEscolaresMenores18() ?\n\nporque antes era Unidad = Empleado.Hijos y se ve que los NIETOS los\ncargaban como hijos.\n\nMuchas gracias.\n\nSaludos!\nEstefanía Klein\n Mensaje de eklein: Estefanía:\n\nEstá modificada la función para contemplar todos los casos. Por favor reliquiden y\nverifiquen nuevamente cada caso.\n\nSaludos.-\nFernando Gonzalez', '', NULL, NULL, NULL, NULL, NULL),
(256, '2017-05-15', '2017-07-11 14:24:16', 21, 110, 'Solicita: Vanesa Noves\n Area Emisora: dpto de sueldos\n Observacion: Hola, ejecutaron desde sueldos el reporte "Sueld-Resumen Liquidacion por\nLugar de Cobro" con los parámetros:\n\n2017\n05\nPeriodo Mensual\nAPI\n\nY el "Total Gral" suma TODOS los NETO, no sólo los "TOTAL" como debería,\nlo corrí con otros parámetros y hace lo mismo, por ejemplo:\n\n2017\n04\nPeriodo Mensual\nPlanta, Contratados, politicos\n\nNo sé si ésto sucederá con todos los reportes. Necesitamos que la suma sea\nla correcta ya que los resportes se envían a otras áreas.\n\nSaludos\nEstefanía', '', NULL, NULL, NULL, NULL, NULL),
(257, '2017-05-15', '2017-07-11 14:24:16', 3, 27, 'Solicita: Clara M. Perez\n Area Emisora: direccion obras particulares\n Observacion: Por la presente solicito permiso en PGM para el Item de Listado de Recibos Digitales para la máquina opart-11.\n(Clara)\n \nAtentamente.\n \nClara María Pérez\nCoord.Administrativa\nObras Particulares.\n \nSan Carlos de Bariloche, 12 de Mayo de 2017.\n ', '', NULL, NULL, NULL, NULL, NULL),
(258, '2017-05-16', '2017-07-11 14:24:16', 3, 110, 'Solicita: Erica Salvo\n Area Emisora: direccion de sistemas\n Observacion: Buenos días:\nDe acuerdo al proyecto de Resolución Nº 3348-2017 solicito se modifique la fecha de vencimiento de la obra cloacas San Francisco obra no ejecutada que venció el 15/05/17 a la fecha 17/07/17.\nSaludos, Erica', '', NULL, NULL, NULL, NULL, NULL),
(259, '2017-05-16', '2017-07-11 14:24:16', 21, 104, 'Solicita: Fabiana Velazquez\n Area Emisora: dpto de sueldos\n Observacion: Por medio de la presente y conforme la Resolución 2484-I-2017, solicito dar de alta clave PGM a la agente LINARES, Elizabeth Legajo Nº 21492 para realizar identicas funciones que la agente \nNICOLE, Laura Legajo Nº 11478.-\n \nAtte.\n \nFabiana\n\nHola Fabiana, ya le di los mismos permisos que ustedes en el PGM Nuevo, ¿en el viejo necesita algo?.\nSaludos!\n\nSi para ver Resoluciones y Proyectos.\nGracias,\nAh! otra cosa, además podrías darle de baja los permisos que trae de otra area?\nGracias Estefanía.\n \nFabi', '', NULL, NULL, NULL, NULL, NULL),
(260, '2017-05-16', '2017-07-11 14:24:16', 21, 104, 'Solicita: Daniela Vega\n Area Emisora: dpto de sueldos\n Observacion: Por medio del presente, solicito acceso al Padrón de Sueldos según fuera acordado con la jefa de Departamento Sueldos, en una primera etapa,  según el siguiente detalle:\n \n- Mariela Muñoz, legajo 12699 \n- Daniela Vega, legajo 1042\n- Dalia Hernandez, legjo 616\n- Daniela Ortiz, legajo 1125\n \nCabe aclarar que los accesos serán solicitados una vez que se determine la vinculación directa con la tarea, dado el carácter restrictivo de la información que allí se aloja.\n \nMuchas gracias!\n \nAtte.\n \nDaniela Vega \nA/C DIRECCION DE RECURSOS HUMANOS\nint. 430-432\n', '', NULL, NULL, NULL, NULL, NULL),
(261, '2017-05-16', '2017-07-11 14:24:16', 21, 132, 'Solicita: Lilian Baroni\n Area Emisora: secretaria de hacienda\n Observacion: Hola Claudia, \n\n\n\n\n\nMe podes dar el acceso al padron de sueldos.\n\n\n\n\nmuchas gracias ! \n\n\n\n\n\nSaludos, Lilian. ', '', NULL, NULL, NULL, NULL, NULL),
(262, '2017-05-16', '2017-07-11 14:24:16', 18, 109, 'Solicita: erica\n Area Emisora: depto de contribuciones\n Observacion: talo-talonarios sociales sacar tipo microcreditos\ntalo-estado cuotas... solo las generadas', '', NULL, NULL, NULL, NULL, NULL),
(263, '2017-05-17', '2017-07-11 14:24:16', 21, 132, 'Solicita: Fabiana Velazquez\n Area Emisora: dpto de sueldos\n Observacion: Estefi, buen día, necesito le habilites a RRHH el siguiente listado:\n \nTipo de Reporte: 02ES - Listados específicos\nNombre del Reporte: Listado vencimiento contratos\n \nPara los usuarios VEGA, MUÑOZ, ORTIZ, HERNANDEZ.\n \nMuchas gracias!\n \nFabi', '', NULL, NULL, NULL, NULL, NULL),
(264, '2017-05-17', '2017-07-11 14:24:16', 21, 68, 'Solicita: Fabiana Velazquez\n Area Emisora: dpto de sueldos\n Observacion: Estefanía:\nTe paso los datos para el cambio de importe del seguro de vida.\n \nAporte Patronal COD:4060 APORTE SEGURO VIDA HORIZONTE.\nPara mayo/2017 el valor debe ser $ 9,09 por agente.-\n \nHabría que crear un código que se llame APORTE SEG.VIDA RETROACTIVO para cargarle $ 4,52 por agente.-\n \nGracias!\n \nFabi\n \n \n \n \nFabiana VELAZQUEZ\nA/C Departamento de Sueldos\nMSCB', '', NULL, NULL, NULL, NULL, NULL),
(265, '2017-05-17', '2017-07-11 14:24:16', 18, 132, 'Solicita: gabriela baez\n Area Emisora: direccion de tesoreria\n Observacion: Permiso de cambio de año para ella y Pabla Vargas.', '', NULL, NULL, NULL, NULL, NULL),
(266, '2017-05-17', '2017-07-11 14:24:16', 18, 110, 'Solicita: Mariela\n Area Emisora: direccion de contaduria -\n Observacion: No se puede tomar afectación 98 del 25/11/16 al hacer compromiso a proveedor Pichaud', '', NULL, NULL, NULL, NULL, NULL),
(267, '2017-05-17', '2017-07-11 14:24:16', 18, 110, 'Solicita: Inés\n Area Emisora: direccion de contaduria -\n Observacion: No puede imprimir recibo de ingreso por retención fondo reparo . Recibos 74 y 85 del 2014. Sale en Libro banco caja 83, 20 al 22 de enero 2014\n', '', NULL, NULL, NULL, NULL, NULL),
(268, '2017-05-17', '2017-07-11 14:24:16', 18, 109, 'Solicita: Cristian Paredes\n Area Emisora: direccion de contaduria -\n Observacion: listados de deuda no documentada y documentada al 31122016.\nseparar generado antes del 01012016.\nespecificar saldo de origen,cobranza,saldo a cobrar.\nPentaho?', '', NULL, NULL, NULL, NULL, NULL),
(269, '2017-05-18', '2017-07-11 14:24:16', 18, 110, 'Solicita: erica\n Area Emisora: depto de contribuciones\n Observacion: Modificacion de situacion judicial a normal de la boleta 0037016796 de la cuenta 064581D2003 \ny la boleta 0037087022 de la cuenta 064577D2003 para poder prescribir.\n \n', '', NULL, NULL, NULL, NULL, NULL),
(270, '2017-05-18', '2017-07-11 14:24:16', 18, 109, 'Solicita: erica\n Area Emisora: depto de contribuciones\n Observacion: no funciona salida excel reporte contri-listado datos por obra.', '', NULL, NULL, NULL, NULL, NULL),
(271, '2017-05-18', '2017-07-11 14:24:16', 18, 48, 'Solicita: Matias\n Area Emisora: division patrimoniales\n Observacion: Da error al grabar bien 50954', '', NULL, NULL, NULL, NULL, NULL),
(272, '2017-05-18', '2017-07-11 14:24:16', 18, 110, 'Solicita: M.j.lopez\n Area Emisora: delegacion cerro otto\n Observacion: No se realizaron debitos automaticos de talonario de partida 32264. ', '', NULL, NULL, NULL, NULL, NULL),
(273, '2017-05-18', '2017-07-11 14:24:16', 18, 131, 'Solicita: Raquelina\n Area Emisora: tribunal faltas 2\n Observacion: En plantilla sentencia alcoholemia modificar donde dice res 2714 debe decir 2810.\nAgregar a todas las plantillas el mail de trib.faltas. Pedi que lo envien por mail .\n Mensaje de avarano: Modifique plantilla alcoholemia', '', NULL, NULL, NULL, NULL, NULL),
(274, '2017-05-18', '2017-07-11 14:24:16', 18, 138, 'Solicita: Alicia\n Area Emisora: direccion de sistemas\n Observacion: sería lindo que las listas estuvieran ordenadas alfabeticamente...:)\nGracias! (por si lo decidis hacer)', '', NULL, NULL, NULL, NULL, NULL),
(275, '2017-05-18', '2017-07-11 14:24:16', 18, 139, 'Solicita: Erica\n Area Emisora: depto de contribuciones\n Observacion: no puede ingresar con nro de legajo', '', NULL, NULL, NULL, NULL, NULL),
(276, '2017-05-18', '2017-07-11 14:24:16', 18, 110, 'Solicita: Marcela\n Area Emisora: depto de contribuciones\n Observacion: El expediente de faltas 133859H2016  asignado a HERNANDEZ MARTIN GINES (DNI 24986393) ( con plan de pago) \ncorresponde en realidad a HERNANDEZ MORENO GINES (PAS 6412098) .\nVerificar en webdoc y faltas y modificar.', '', NULL, NULL, NULL, NULL, NULL),
(277, '2017-05-18', '2017-07-11 14:24:16', 18, 110, 'Solicita: erica\n Area Emisora: depto de contribuciones\n Observacion: En certificado de legales de obra de cloaca no sale Reglamentacion juridica aplicable.\nEjemplos :cuenta cloaca 904002314 , cuenta trib.faltas (si sale) 124863G2015\n Mensaje de avarano: solicitado a Pgm cordoba\n Mensaje de avarano: lo estan solucionando', '', NULL, NULL, NULL, NULL, NULL),
(278, '2017-05-19', '2017-07-11 14:24:16', 21, 132, 'Solicita: Cristian Paredes (Chamatropulos)\n Area Emisora: direccion de contaduria -\n Observacion: Por medio de la presente solicito habilite acceso para consulta al padron de sueldos a la agente fgonzalez\n \nSaludos\n \nCristian\n----- Original Message ----- \nFrom: Fabiana Gonzalez \nTo: Direccion de Contaduria Gral. MSCB \nSent: Thursday, May 18, 2017 2:27 PM\n\n\nA: DIRECCIÓN DE CONTADURÍA GENERAL\nSR. CRISTIAN PAREDES\n \nDE: JEFATURA DE GABINETE\n \nPor este medio solicito tenga a bien arbitrar los medios necesarios a fin de autorizar a la Agente González Fabiana - Legajo Nº 20506,  para poder acceder a la visión del padrón de sueldos.\nDicha solicitud se basa en que en diversas oportunidades es necesario ingresar al sistema por cuestiones operativas, como por ejemplo horas extras si fueran autorizadas o no para el correspondiente control inmediato, diferencia en haberes por distintos reclamos de los agentes municipales, etc.\nSaluda atentamente.\n \nPablo L. Chamatrópulos\nJefe de Gabinete\nMunicipalidad de San Carlos de Bariloche       ', '', NULL, NULL, NULL, NULL, NULL),
(279, '2017-05-19', '2017-07-11 14:24:16', 18, 110, 'Solicita: alicia\n Area Emisora: direccion de sistemas\n Observacion: Agregar en notificacion de deuda el telefono y mail del area. Confirmar con Lilian.', '', NULL, NULL, NULL, NULL, NULL),
(280, '2017-05-19', '2017-07-11 14:24:16', 18, 110, 'Solicita: Roxana\n Area Emisora: dpto. fiscalizacion\n Observacion: Necesitamos que se libere el estado de los periodos 06/87  a 06/92 – 02/94 a 06/94 de la partida 26084,\nse encuentra en estado adeudado judicial, necesitamos su pase a rentas.\n\n Mensaje de avarano: pedido a pgm', '', NULL, NULL, NULL, NULL, NULL),
(281, '2017-05-19', '2017-07-11 14:24:16', 18, 109, 'Solicita: lilian\n Area Emisora: Politicas Tributarias\n Observacion: Reporte las margaritas adeudado cobrado financiado', '', NULL, NULL, NULL, NULL, NULL),
(282, '2017-05-19', '2017-07-11 14:24:16', 18, 109, 'Solicita: roxana\n Area Emisora: dpto. fiscalizacion\n Observacion: padron por titular/encargdo con deuda por nro_de documentos acturalizado al 31/5 separado capital interes total', '', NULL, NULL, NULL, NULL, NULL),
(283, '2017-05-19', '2017-07-21 11:40:42', 3, 93, 'Solicita: Erica Salvo\n Area Emisora: depto de contribuciones\n Observacion: Buenas tardes:\nMediante la presente solicito la instalación de internet en la máquina del usuario JSOTO.\nAtentamente.\nErica Salvo', '', NULL, NULL, NULL, '00---------', NULL),
(284, '2017-05-19', '2017-07-11 14:24:16', 18, 110, 'Solicita: monica\n Area Emisora: deleg. cerro catedral\n Observacion: anulo boleta de declaracion jurada 1/17 y no puede presentar rectificativa. cuenta 27739.', '', NULL, NULL, NULL, NULL, NULL),
(287, '2017-05-19', '2017-07-11 14:24:16', 18, 110, 'Solicita: Marcel\n Area Emisora: direccion de contaduria -\n Observacion: no pudieron rectificar dos veces en el dia, informamos a pgm', '', NULL, NULL, NULL, NULL, NULL),
(288, '2017-05-23', '2017-07-11 14:24:16', 18, 48, 'Solicita: Gabriela\n Area Emisora: recursos humanos\n Observacion: tipos de resoluciones realizadas por año', '', NULL, NULL, NULL, NULL, NULL),
(289, '2017-05-23', '2017-07-11 14:24:16', 18, 137, 'Solicita: Mariana\n Area Emisora: direccion de tesoreria\n Observacion: mail de contribuyente por que  no aparecen boletas en pago mis cuentas. Padrones 58132,58545,58204,58156.', '', NULL, NULL, NULL, NULL, NULL),
(290, '2017-05-23', '2017-07-11 14:24:16', 18, 109, 'Solicita: erica\n Area Emisora: depto de contribuciones\n Observacion: ver diferencias en reportes talonarios sociales y otro de talonario', '', NULL, NULL, NULL, NULL, NULL),
(291, '2017-05-23', '2017-07-11 14:24:16', 18, 128, 'Solicita: erica\n Area Emisora: depto de contribuciones\n Observacion: quien anulo talonarios 39851-39865. no correspondia\nRespuesta por avarano: se anularon en legales', '', NULL, NULL, NULL, NULL, NULL),
(292, '2017-05-24', '2017-07-21 11:41:10', 3, 93, 'Solicita: No aclara\n Area Emisora: secretaria de hacienda\n Observacion: \nBuen día! solicitamos por favor el arreglo de una de las pc de la oficina por problemas de conectividad , ya que la misma desde el día de ayer comenzo con problemas y no funciona nada vinculado a la red (sin PGM, internet, mail).\nDesde ya esperando su pronta respuesta, saluda atte,\nSecretaría de Hacienda\n', '', NULL, NULL, NULL, '00---------', NULL),
(293, '2017-05-24', '2017-07-11 14:24:16', 3, 110, 'Solicita: Alejandro Reyna\n Area Emisora: direccion de tesoreria\n Observacion: Alicia, \nNo encuentro la diferencia que le aparece a Cristian, me podras ayudar?\n \nGracias\n \nAlejandro\n ', '', NULL, '293.odt', NULL, NULL, NULL),
(296, '2017-05-24', '2017-07-11 14:24:16', 21, 29, 'Solicita: Paola Cid\n Area Emisora: direccion de sistemas\n Observacion: Por medio de la presente se solicita autorizar a la agente municipal Villalobo Mariana Legajo Nº 12305, el permiso en su clave PGM, para aprobar Pedidos de Abastecimientos generados desde las áreas dependientes de ésta Subsecretaria.\nDesde ya muchas gracias, Paola Cid Desarrollo Local', '', NULL, NULL, NULL, NULL, NULL),
(297, '2017-05-24', '2017-07-11 14:24:16', 21, 132, 'Solicita: Ana Geron\n Area Emisora: cultura\n Observacion: DIRECCION DE SISTEMAS:\n\nPor medio de la presente y con motivo de no poder acceder a las tareas a realiza mediante el PGM solicitamos, a la brevedad posible,  acceso a: \nemitir recibo digital\nreporte de deudas\ncarga de personas (artesanos, artistas entre otros)\nodenes de pago de resoluciones\n \nLas agentes municipales asignados son:\nGraciela Chodilef.........leg. 384\nMarisa Ranquehue......leg. 11577\nAlicia Fernandez..........leg. 266\n \nAtentamente\n \nAna Geron\nSubsecretaria de Cultura \n', '', NULL, NULL, NULL, NULL, NULL),
(298, '2017-05-26', '2017-07-11 14:24:16', 21, 70, 'Solicita: Vanesa Noves SUELDOS\n Area Emisora: Direccion de Sistemas\n Observacion: Buen Dia Estefania: te envio nombre y legajo del agente que el sistema no  le liquidó prenatal en Abril, ni en Mayo:\nAVILES, JOSE FARIS Legajo Nº14113\n \nMuchas Gracias\n \nVANESA LORENA NOVES\nDEPARTAMENTO DE SUELDOS', '', NULL, NULL, NULL, NULL, NULL),
(299, '2017-05-26', '2017-07-11 14:24:16', 18, 128, 'Solicita: maria\n Area Emisora: politicas tributarias\n Observacion: quien hizo la boleta nº 6002190466.\n', '', NULL, NULL, NULL, NULL, NULL),
(300, '2017-05-26', '2017-07-11 14:24:16', 21, 70, 'Solicita: Mauricio Caupan\n Area Emisora: Direccion de Sistemas\n Observacion: Estefanía: te envío mail solicitando la revisión de las siguientes novedades del sistema, ya que la fórmula presenta un error en el cálculo:\n-1765: Adic. Responsabilidad Jerárquica (Dirección)\n-1766: Adic. Responsabilidad Jerárquica (Departamento)\n-1767: Adic. Responsabilidad Jerárquica (División)\n-1768: Adic. Responsabilidad Jerárquica (Sección)\n \nAtte. Mauricio\n ', '', NULL, NULL, NULL, NULL, NULL),
(301, '2017-05-26', '2017-07-11 14:24:16', 21, 139, 'Solicita: Guarderia Iglesias\n Area Emisora: Direccion de Sistemas\n Observacion: Por la presente, se informa que el personal que a continuación se detalla no ha podido ingresar con el número de usuario por ustedes informado:\n \nMaría del Carmen Quiñehual \nRoque Castaño \nSilvana Tellez\nAtte.\nSandra Blasquiz', '', NULL, NULL, NULL, NULL, NULL),
(302, '2017-05-26', '2017-07-11 14:24:16', 21, 114, 'Solicita: Ana Sangoi\n Area Emisora: Direccion de Sistemas\n Observacion: DE: TRIBUNAL DE FALTAS Nº1\nA: DIRECCION DE SISTEMAS\n \nPOR MEDIO DE LA PRESENTE SOLICITO SE ME HABILITE EN EL SISTEMA PGM LA VERIFICACION DEL FICHADO DE LOS LEGAJOS DEL PERSONAL DE ESTA DIRECCION, Y QUE SE DETALLAN A CONTINUACION: Nº460, 664, 468, 14618, 14619, 467, 972, 864, 163, 11382, 21595, 11589, 8569, 562, A FIN DE REALIZAR EL CONTROL CORRESPONDIENTE.\n \nATTE.\n \nANA L. SANGOI\nusuario (asangoi)\nSECRETARIA\n', '', NULL, NULL, NULL, NULL, NULL),
(303, '2017-05-26', '2017-07-11 14:24:16', 21, 134, 'Solicita: Veterinaria\n Area Emisora: Direccion de Sistemas\n Observacion: Agregar Tamaño para equinos (alzada) con medida.\nVacunas de Felinos (triple y leucemia)\nVacunas de Equinos (anemia infecciosa, inlfuenza equina, adenitis equina,encefalomielitis.\nAgregar para Equinos, si tienen libreta sanitaria.', '', NULL, NULL, NULL, NULL, NULL);
INSERT INTO `tickets` (`id_ticket`, `fecha`, `hora`, `creador`, `servicio`, `observacion`, `patrimonio`, `tiempoResolucion`, `adjunto`, `nota_entrada`, `nota_salida`, `fkEdificio`) VALUES
(304, '2017-05-26', '2017-07-11 14:24:16', 18, 137, 'Solicita: yo\n Area Emisora: Direccion de Sistemas\n Observacion: REVISAR ARCHIVOS DE RESULTADO DE DEBITO  Y DEUDA GENERADA. \nHACER LISTADO.', '', NULL, NULL, NULL, NULL, NULL),
(305, '2017-05-26', '2017-07-11 14:24:16', 18, 137, 'Solicita: erica\n Area Emisora: Departamento de Contribuciones\n Observacion: LIstado de talonarios que no se enviaron a débito(por seleccionar solo activos al enviar)', '', NULL, NULL, NULL, NULL, NULL),
(306, '2017-05-26', '2017-07-11 14:24:16', 18, 132, 'Solicita: lili toro\n Area Emisora: habilitaciones\n Observacion: permiso para hacer notas de credito de habilitacion comercial a una cuenta comercio', '', NULL, NULL, NULL, NULL, NULL),
(307, '2017-05-26', '2017-07-11 14:24:16', 18, 137, 'Solicita: maria\n Area Emisora: politicas tributarias\n Observacion: no corresponde deuda por debit.incid.en acred a la partida 53049\n Mensaje de avarano: VER EXCEL PADRON 53049\n\n Mensaje de avarano: BUSCAR POR PROCESA\n', '', NULL, NULL, NULL, NULL, NULL),
(308, '2017-05-26', '2017-07-11 14:24:16', 18, 137, 'Solicita: Lilian\n Area Emisora: politicas tributarias\n Observacion: padrones 15938 15939 verificar que debitos se hicieron y cuales fueron rechazados.', '', NULL, NULL, NULL, NULL, NULL),
(309, '2017-05-29', '2017-07-11 14:24:16', 18, 137, 'Solicita: berenice\n Area Emisora: politicas tributarias\n Observacion: Alicia,\nNecesito que la cuota 03 de la cta. Nº 15939 (0935456422) que tiene orden de no pagar me aparezca en el PGM como adeudada.\nY lo mismo para la cuota 02 y 03 de  cta. Nº 15938 (0935456309) que no se debitaron por falta de fondos, necesito que aparezcan en PGM como adeudadas.\nTengo que computar unas notas de crédito que genere y ya corregí de acuerdo a lo que me informaste. \nGracias\n\n Mensaje de avarano: Las cuotas cobradas no se pueden volver a adeudadas, en ningún caso.\nPor eso se cargan las cuotas DÉBITO INCIDENCIA EN ACREDITACIÓN ,    para generar nuevamente la deuda, en estos casos en que el sistema las dió, erroneamente,  por cobradas.\n\nPara utilizar las notas de crédito tenés que seleccionar esas cuotas.\n\nEn el caso de estos padrones, Pgm Córdoba tiene que generar todavía los DÉBITOS INCIDENCIA EN ACREDITACIÓN  correspondientes a la cuota 3/2017, para volver a generar la deuda.\nDurante la mañana de hoy te confirmo cuando lo harán.\n', '', NULL, NULL, NULL, NULL, NULL),
(310, '2017-05-29', '2017-07-11 14:24:16', 18, 111, 'Solicita: nancy\n Area Emisora: ejecuciones fiscales\n Observacion: No está la ficha 49259 del bien 25029\n Mensaje de avarano: pedido a Pgm', '', NULL, NULL, NULL, NULL, NULL),
(311, '2017-05-29', '2017-07-11 14:24:16', 21, 104, 'Solicita: Cristian Paredes\n Area Emisora: Direccion de Contaduria\n Observacion: Atte.\n \nEn el dia de la fecha comenzaron su pasantia dos personas de la UNRN por lo que solicito usuario y clave de PGM para ellas dos:\n \n- Brenda Winkelman\n- Marina Eggers\n \nCon los permisos iguales al usuario malcacer\n \nSaludos\n \nCr. Paredes Cristian\nDireccion de Contaduria', '', NULL, NULL, NULL, NULL, NULL),
(315, '2017-05-30', '2017-07-11 14:24:16', 18, 110, 'Solicita: betty\n Area Emisora: catastro\n Observacion: solicitan poder generar tasa personal por derechos de mensura.', '', NULL, NULL, NULL, NULL, NULL),
(316, '2017-05-30', '2017-07-11 14:24:16', 18, 132, 'Solicita: gladys quezada\n Area Emisora: turismo\n Observacion: no pueden dar de alta personas', '', NULL, NULL, NULL, NULL, NULL),
(317, '2017-05-30', '2017-07-11 14:24:16', 18, 137, 'Solicita: erica\n Area Emisora: Departamento de Contribuciones\n Observacion: se mando al debito la boleta 9006177858?', '', NULL, NULL, NULL, NULL, NULL),
(318, '2017-05-30', '2017-07-11 14:24:16', 18, 109, 'Solicita: Lilian\n Area Emisora: Politicas tributarias\n Observacion: reporte de tish y tsm catedral facturado y cobrado\n\n Mensaje de avarano: ver reporte Tribu-Total facturado por comercio por Ingreso x r', '', NULL, NULL, NULL, NULL, NULL),
(319, '2017-05-31', '2017-07-11 14:24:16', 21, 69, 'Solicita: Fabiana Velazquez\n Area Emisora: Direccion de Sistemas\n Observacion: Te adjunto los legajos, son solo los pintados.\nGracias!\nFabi\n \n Fabiana VELAZQUEZ\nA/C Departamento de Sueldos\nMSCB\n\nNovedad 1240', '', NULL, NULL, NULL, NULL, NULL),
(320, '2017-05-31', '2017-07-19 16:54:43', 21, 110, 'Solicita: Estefania Klein\n Area Emisora: Direccion de Sistemas\n Observacion: Hola, necesitamos por favor si nos pueden modificar el reporte que se saca\ndesde:\n\nSueldos y Jornales --> Orden de Pago --> Vinculación de Sueldos con\nContabilidad el reporte: "ERRORES VINCULACION DE SUELDOS CON CONTABILIDAD"\n\nQue saque el reporte del estilo:\n\nArea Administrativa / Codigo de la novedad numérico / Concepto Novedad\n\nY que no lo duplique por cada empleado.\n\nDe ésta forma facilitamos el trabajo del Dpto. de Sueldos cuando llega la\nhora del cierre.\n\nDesde ya muchas gracias.\n\nEstefanía\n Mensaje de eklein: Estefanía:\n\nEs correcta la observación. Se elaboró la solicitud de requerimiento respectiva para\nsu desarrollo. Informaremos al respecto cuando tengamos novedades de actualización.\n\nSaludos.-\n\nIng. Fernando M. Gonzalez\nConsultor Senior\nProgram Consultores S.A.\nJuan del Campillo 779\n(X5000GTO) Cordoba - Argentina\nTel/fax (0351) 4474200 y rotativas\nWeb.Site: www.municipalidad.com', '', NULL, NULL, NULL, '00---------', NULL),
(321, '2017-05-31', '2017-07-11 14:24:16', 18, 110, 'Solicita: erica\n Area Emisora: Departamento de Contribuciones\n Observacion: Hay que cargar un certificado viejo de la cuenta  902037498 de obras y servicios boleta nº 0030749021. El nro. de certificado es 7779,por $ 3368.20 fecha 31/03/1992.\n\n Mensaje de avarano: se pidio a pgm', '', NULL, NULL, NULL, NULL, NULL),
(322, '2017-05-31', '2017-07-11 14:24:16', 21, 66, 'Solicita: Gloria Vera\n Area Emisora: Departamento de Sueldos\n Observacion: El Reporte Sueld-Listado de Aportes incluye API (1301-1306) y no debería.', '', NULL, NULL, NULL, NULL, NULL),
(323, '2017-05-31', '2017-07-11 14:24:16', 21, 121, 'Solicita: Fabiana Velazquez\n Area Emisora: Departamento de Sueldos\n Observacion: Hola Alejandro, te cuento lo que pasó:\n\nLe pregunté a Gloria de Sueldos, ayer ella corrió el proceso de\n"Vinculación de Sueldos con Contabilidad" y le dió los siguientes montos:\n\nPlanta: 54904478.17\nContratados: 11632688.99\nPoliticos: 4275703.96\nPasantes: 70892.10\n------------------------\nTotal 70883763.22 (coincide con la suma de Aportes en Totales por concepto)\n (ADJUNTO ARCHIVOS)\n\nEl tema es que hace media hora yo lo corrí nuevamente para ver si me daba\ndiferencias y si el problema estaba en la vinculación, pero me dieron los\nmismos montos, conclusión el problema no estaba en la vinculación a menos\nque no funcionara bien el proceso.\n\nEl reporte Sueld-Listado de Aportes, tengo entendido que es un reporte\nnuevo que pidió Contaduría a PGM para poder discriminar de la IMPUTACION\ndel NETO, los aportes.\n\nEstuvimos corriendo este reporte toda la mañana y fue cambiando los\nvalores, dando distinto de ayer, el tema es que ni en sueldos ni nosotros\nestuvimos cambiando cosas.\nLo único que hicimos fue correr el proceso de vinculacion nuevamente, y\nluego dió bien ese reporte, pero si hubiese sido eso, me tendrían que\nhaber dado distintos los valores de Totales Contabilidad Presupuesto.\n\nNos gustaría tener un informe de qué sucedió realmente, ya que desde aquí\nno logramos detectar cuál fue el problema.\n\nDesde ya muchas gracias y quedamos a la espera.\n\nSaludos\nEstefanía\n\n> Hola Alejandro, te envío el listado de aportes que sacaron ayer que\n> coincidían los montos, si comparás con los montos de Planta y Contratados,\n> hay diferencias con el reporte que saca ahora.\n>\n> Según los de sueldos no han tocado nada.\n>\n> Ayer se hizo una vinculación de una novedad nueva - Aportes patronales -\n> Novedad 4230, creo que el tema está ahí.\n>\n> Hoy necesitan enviar los informes a contaduría para hacer las órdenes de\n> pago al banco.\n>\n> Quedo a la espera.\n> Muchas gracias!\n> Estefanía\n>\n>\n', '', NULL, '323.pdf', NULL, NULL, NULL),
(324, '2017-05-31', '2017-07-11 14:24:16', 21, 127, 'Solicita: Estefania Klein\n Area Emisora: Direccion de Sistemas\n Observacion: Hola, necesitamos si nos pueden actualizar la base del usuario "prueba"\ncon el backup del día 30 de Mayo de 2017.\n\nDesde ya muchas gracias.\n\nSistemas\n', '', NULL, NULL, NULL, NULL, NULL),
(325, '2017-05-31', '2017-07-11 14:24:16', 21, 121, 'Solicita: Estefania Klein\n Area Emisora: Direccion de Sistemas\n Observacion: El 30/05/2017 a las 10:32, Consultas Municipalidad Bariloche escribió:\n> Hola Fernando/Hernán:\n> Estamos vinculando una novedad y necesitaríamos si nos pueden hacer\n> opciones en Area Administrativa para el próximo mes.\n> Por ejemplo, hay novedades que se imputan para todos los Contratados a una\n> sola cuenta, o para todos los Políticos/Planta, no se discriminan por área\n> administrativa.\n>\n> Estaría bueno tener opciones por tipo de empleado por ejemplo:\n>\n> Todas Contratados\n> Todas Politicos\n> Todas Planta Permanente\n> Todas API\n> Todas Pasantes\n>\n> Y que "Todas" NO incluya las que dicen INACTIVA.\n>\n>\n> Muchas gracias.\n> Saludos\n> Estefanía\n>\n> Sistemas', '', NULL, NULL, NULL, NULL, NULL),
(326, '2017-05-31', '2017-07-11 14:24:16', 21, 121, 'Solicita: Gloria Vera\n Area Emisora: Departamento de Sueldos\n Observacion: Hola, cuando corren desde sueldos el proceso de inicio de novedades, llega\nhasta cierto porcentaje, luego aparece el cartel que dice que en proceso\nha finalizado y cuando se le da aceptar, completa la barra de progreso al\n100%.\n\nQuisiera saber si este proceso se termina de ejecutar correctamente aunque\nno llegue la barra al 100%.\n\nAdjunto screenshots.\n\nSaludos\nEstefanía', '', NULL, '326.jpg', NULL, NULL, NULL),
(327, '2017-06-01', '2017-07-11 14:24:16', 18, 110, 'Solicita: Ruth\n Area Emisora: Tesoreria\n Observacion: Recaudacion en mas partida 51108', '', NULL, NULL, NULL, NULL, NULL),
(328, '2017-06-01', '2017-07-21 11:41:39', 3, 104, 'Solicita: Ruth Saavedra\n Area Emisora: Direccion de Tesoreria\n Observacion: Sr Dtor de Sistemas por intermedio de la pte autorizo clave PGM para Ag. Carlos Llancalahuen , para realizar cierre de planillas, bajar pago y  clave para cajero en linea .-\n\n atte. ruth saavedra Tesorera.-', '', NULL, NULL, NULL, '00---------', NULL),
(329, '2017-06-02', '2017-07-11 14:24:16', 18, 110, 'Solicita: Erica\n Area Emisora: Departamento de Contribuciones\n Observacion: La cuenta 10573 de tasa por serv.municipal pagó las cuotas del 2017 por\ncajero "ario" el 30/5/2017 con cheque al día. Cuando van a guardar el\nlibre deuda sale un aviso que dice que "posee pagos con cheques que aun no\nfueron acreditados".\nEsto no es así para esta cuenta. Por donde miramos esto? Y si fuera el\ncaso, donde se registra la acreditación?\n Mensaje de avarano: consultado a Pgm', '', NULL, NULL, NULL, NULL, NULL),
(330, '2017-06-02', '2017-07-11 14:24:16', 18, 110, 'Solicita: Erica\n Area Emisora: Departamento de Contribuciones\n Observacion: Actualizar datos para notificaciones de talonarios', '', NULL, NULL, NULL, NULL, NULL),
(331, '2017-06-02', '2017-07-11 14:24:16', 21, 82, 'Solicita: Claudia Inalaf\n Area Emisora: Departamento de Sueldos\n Observacion: Buen día. Solicito la creación de la categoría: 27 PUNTOS ( Equivalente a $11.613.60)\nY respecto a categoría: 28 puntos, corresponde el valor $12.043.73; el otro poner No Usar.\n \nGracias.\nClaudia', '', NULL, NULL, NULL, NULL, NULL),
(332, '2017-06-05', '2017-07-11 14:24:16', 21, 140, 'Solicita: Fabiana Velazquez\n Area Emisora: Departamento de Sueldos\n Observacion: En el reporte Sueld-Reporte Horizonte con Novedades no aparece la novedad 4230 en el combo.', '', NULL, NULL, NULL, NULL, NULL),
(333, '2017-06-05', '2017-07-11 14:24:16', 18, 109, 'Solicita: Roxana\n Area Emisora: fiscalizacion\n Observacion: padron con cuotas adeudadas judicial', '', NULL, NULL, NULL, NULL, NULL),
(334, '2017-06-05', '2017-07-11 14:24:16', 18, 110, 'Solicita: roxsana\n Area Emisora: fiscalizacion\n Observacion: generacion cuotas\n', '', NULL, NULL, NULL, NULL, NULL),
(335, '2017-06-05', '2017-07-11 14:24:16', 18, 137, 'Solicita: Erica - Martin\n Area Emisora: Departamento de Contribuciones- tesoreria\n Observacion: Mandar debitos altas del 23 al 31 que no se mandaron', '', NULL, NULL, NULL, NULL, NULL),
(336, '2017-06-05', '2017-07-11 14:24:16', 18, 137, 'Solicita: yo\n Observacion: ver porque en csv tiene registros sin el dato de boleta, ver el archivo que genera txt', '', NULL, NULL, NULL, NULL, NULL),
(337, '2017-06-05', '2017-07-11 14:24:16', 18, 137, 'Solicita: yo\n Observacion: Modificar manual pagos electronicos', '', NULL, NULL, NULL, NULL, NULL),
(338, '2017-06-05', '2017-07-11 14:24:16', 18, 137, 'Solicita: lilian\n Observacion: resultado del debito', '', NULL, NULL, NULL, NULL, NULL),
(339, '2017-06-05', '2017-07-11 14:24:16', 21, 107, 'Solicita: Gloria Vera\n Area Emisora: Departamento de Sueldos\n Observacion: BUEN DIA: SOLICITO NOMBRE DE CALLE: CAMACUA, BARRIO LAS VICTORIAS\n \nSALUDOS\n\nGLORIA VERA\nDEPARTAMENTO DE SUELDOS', '', NULL, NULL, NULL, NULL, NULL),
(340, '2017-06-05', '2017-07-11 14:24:16', 21, 80, 'Solicita: Gloria Vera\n Area Emisora: Departamento de Sueldos\n Observacion: ESTEFANIA: NECESITO QUE ME AGREGUES NUEVO ITEM EN ÁREA ADMINISTRATIVA DE HISTORIAL DE CARGOS QUE DIGA: PAS-CONCEJO MUNICIPAL.-\nGRACIAS\nSALUDOS\nGLOARIA VERA\nDEPARTAMENTO DE SUELDOS', '', NULL, NULL, NULL, NULL, NULL),
(341, '2017-06-06', '2017-07-11 14:24:16', 18, 110, 'Solicita: marta\n Area Emisora: fiscalizacion\n Observacion: no liquida cuotas 11  y12 del 2016 , padron 96402.', '', NULL, NULL, NULL, NULL, NULL),
(342, '2017-06-06', '2017-07-11 14:24:16', 18, 110, 'Solicita: roxana\n Area Emisora: fiscalizacion\n Observacion: pasar a situacion normal para prescribir\nPARTIDA 26113 PERIODOS 06/87 A 06/92 Y 02/94 A 06/94\nPARTIDA 26083 PERIODOS 06/87 A 06/92 Y 02/94 A 06/94\nPARTIDA 36985 PERIODOS 01/97 A 01/2003\n', '', NULL, NULL, NULL, NULL, NULL),
(343, '2017-06-06', '2017-07-11 14:24:16', 18, 110, 'Solicita: Julieta\n Area Emisora: Direccion de Contaduria\n Observacion: importe distinto en compromiso 2527 y op 3831', '', NULL, NULL, NULL, NULL, NULL),
(344, '2017-06-07', '2017-07-11 14:24:16', 21, 110, 'Solicita: Claudia Inalaf\n Area Emisora: Departamento de Sueldos\n Observacion: Hola, necesitamos que en los selectores de fecha, de la página de\n"Historial de Cargos", dentro del padrón de sueldos, nos figure desde año\n1989, ya que tienen un caso que necesitan poner la antigüedad desde ese\naño, y sólo muestra desde 1993.\n\nDesde ya muchas gracias.\nEstefanía\n', '', NULL, NULL, NULL, NULL, NULL),
(345, '2017-06-08', '2017-07-11 14:24:16', 21, 79, 'Solicita: Mauricio Caupan\n Area Emisora: Departamento de Sueldos\n Observacion: Estefanía:\n Buenos días, necesitamos que se cree una nueva función en el sistema:\n- Es una función Técnica y el concepto es: Seguridad e Higiene.\nGracias.\nSaludos Mauricio', '', NULL, NULL, NULL, NULL, NULL),
(346, '2017-06-09', '2017-07-11 14:24:16', 18, 110, 'Solicita: Erica\n Area Emisora: Departamento de Contribuciones\n Observacion: No da la opcion de pdf al notificar', '', NULL, NULL, NULL, NULL, NULL),
(347, '2017-06-09', '2017-07-11 14:24:16', 18, 110, 'Solicita: Mariana\n Area Emisora: Direccion de Tesoreria\n Observacion: Hay un problema con las cuotas generadas cómo "Débito incidencia en\nacreditación" correspondientes a los talonarios de Tasa Personal.\nEsta tasa tienen un montón de items distintos, que se imputan a cuentas\ndistintas, pero las mencionadas cuotas tienen un único item. Esto no\npermite cargar las distintas imputaciones correspondientes.', '', NULL, NULL, NULL, NULL, NULL),
(348, '2017-06-09', '2017-07-11 14:24:16', 18, 137, 'Solicita: Lilian\n Area Emisora: Politicas tributarias\n Observacion: Listado de rechazados debitos', '', NULL, NULL, NULL, NULL, NULL),
(349, '2017-06-09', '2017-07-11 14:24:16', 18, 137, 'Solicita: Lilian\n Area Emisora: Politicas tributarias\n Observacion: Debitos talonarios no enviados', '', NULL, NULL, NULL, NULL, NULL),
(350, '2017-06-09', '2017-07-11 14:24:16', 18, 137, 'Solicita: alicia\n Area Emisora: sistemas\n Observacion: Tenemos problemas con el envío de datos de TALONARIOS a entidades\nexternas, ya que no se puede realizar ningún pago.\n\nLINK:\nEn el archivo de exportación de datos no aparece el código de pago link.\n\nAl intentar pagarla , si el talonario es de tasa por servicio municipal\nsólo aparece el importe de la cuota de tasa por servicio municipal.\n\nSi el talonario es de otra tasa u obra, aparece el siguiente mensaje. " Se\nha ingresado un código de pago inválido"\n\nBANELCO:\nEl archivo si tiene el código, pero no está disponible para pagarlo en\nPago Mis cuentas.\n\nSi el talonario es de tasa por servicio municipal sólo aparece el importe\nde la cuota de tasa por servicio municipal .\n\nSi el talonario es de otra tasa u obra, aparece el siguiente mensaje\n"No encontramos la factura indicada. Por favor verificá que: la factura\nesté dentro de los vencimientos a pagar permitidos por la empresa o que no\nhaya sido abonada con anterioridad (Consultá la sección Comprobantes). "', '', NULL, NULL, NULL, NULL, NULL),
(351, '2017-06-09', '2017-07-11 14:24:16', 27, 125, 'Solicita: Julieta\n Area Emisora: Direccion de Contaduria\n Observacion: Se solicito a cordoba,revision de datos sobre un proveedor para la correcta carga de facturas en una orden de pago asociado a éste.', '', NULL, NULL, NULL, NULL, NULL),
(352, '2017-06-12', '2017-07-11 14:24:16', 18, 137, 'Solicita: erica\n Observacion: mandar talonarios que faltan de junio', '', NULL, NULL, NULL, NULL, NULL),
(353, '2017-06-12', '2017-07-11 14:24:16', 18, 132, 'Solicita: nancy\n Area Emisora: legales\n Observacion: No puede ver ficha obras y servicios ni procesar deuda de ficha 5136', '', NULL, NULL, NULL, NULL, NULL),
(354, '2017-06-12', '2017-07-11 14:24:16', 18, 109, 'Solicita: Erica\n Observacion: En reporte talonarios sociales ,filtrar por talonarios hechos hasta 30/09/2010\n', '', NULL, NULL, NULL, NULL, NULL),
(355, '2017-06-12', '2017-07-11 14:24:16', 18, 128, 'Solicita: Erica\n Observacion: padron tasa 30195 cambio de encargado era gonzalez sergio raul y ahora es sergio reynaldo.', '', NULL, NULL, NULL, NULL, NULL),
(356, '2017-06-12', '2017-07-11 14:24:16', 18, 110, 'Solicita: Sergio\n Observacion: preguntar si los pagos son despues del vencimiento o boloetas originales que las genere fisca la impresion\n\n\nTenemos varios contribuyentes que tienen 50 o más cuentas de tasa por serv. a la propiedad y pagan por transferencia. Para recaudarlo, en tesorería imprimen las boletas mediante el procesa deuda. Generan todas las boletas pero al imprimir con la lupa solo hace el pdf para 11 boletas y las demás dan error. Entonces para imprimirlas hay que ir tildando y destildando del listado de boletas de deuda para poder imprimir todo.\nEse es un nro. determinado por el sistema, puede modificarse?', '', NULL, NULL, NULL, NULL, NULL),
(357, '2017-06-13', '2017-07-11 14:24:16', 27, 131, 'Solicita: Raquelina\n Area Emisora: Tribunal de faltas II \n Observacion: Cambiar encabezados de plantillas de documentos para Tribunal de faltas 2', '', NULL, NULL, NULL, NULL, NULL),
(358, '2017-06-13', '2017-07-11 14:24:16', 31, 171, 'Solicita: Magolla\n Area Emisora: Direccion de Sistemas\n Observacion: Prueba mant 1', '', NULL, NULL, NULL, NULL, NULL),
(359, '2017-06-14', '2017-07-11 14:24:16', 18, 110, 'Solicita: sergio\n Area Emisora: Direccion de Tesoreria\n Observacion: Ordenar carga de pagos por transferencias\nestan cargando con cajero comun con fecha del dia y no del pago\nimptresion de boletas no vencidas fisca por titular\n', '', NULL, NULL, NULL, NULL, NULL),
(360, '2017-06-14', '2017-07-11 14:24:16', 18, 110, 'Solicita: Lilian\n Observacion: como se cobra muelles\npedir pgm que se muestre fecha varios hasta', '', NULL, NULL, NULL, NULL, NULL),
(361, '2017-06-14', '2017-07-11 14:24:16', 18, 137, 'Solicita: yo\n Observacion: revisar faltan generar cuotas de debito por incidencias', '', NULL, NULL, NULL, NULL, NULL),
(362, '2017-06-19', '2017-07-11 14:24:16', 27, 54, 'Solicita: Lucas Perez\n Area Emisora: Dpto Terminal de Omnibus\n Observacion: Pedidos de movimientos de conductores:\nSolicitan las entradas y salidas de los siguientes conductores de distintas empresas;\nRuiz Diaz Jeremias 28696692, Robledo Alfredo 23681936 y Arrighi Mario 20312488.', '', NULL, NULL, NULL, NULL, NULL),
(363, '2017-06-22', '2017-07-11 14:24:16', 31, 159, 'Solicita: 1706211601 \n Area Emisora: Delegación Catedral\n Observacion: Empleo solicita adecuar espacio esqui social\n Mensaje de farroyo: 20 litros de pintura exterior blanca\n20 litros pintura inrerior blanca\n2 pinceles Nº 30\n1 rodillo\n\n Mensaje de farroyo: \n$\n3000', '', NULL, NULL, NULL, NULL, NULL),
(364, '2017-06-22', '2017-07-11 14:24:16', 31, 221, 'Solicita: 1706211319\n Area Emisora: Turismo Centro Cívico\n Observacion: solicitan instalación de:\n2 dos protectores para enchufes pàra niños\n2 Tomas de aplicar externos\n1 tira de cable canal\n\n Mensaje de farroyo: 2 ncncambre\n\n Mensaje de farroyo: $3000\n Mensaje de farroyo: 143-DMI-17\nPA2356', '', NULL, NULL, NULL, NULL, NULL),
(365, '2017-06-22', '2017-07-11 14:24:16', 31, 221, 'Solicita: 1706211319\n Area Emisora: Turismo Centro Cívico\n Observacion: Dirección de Mantenimiento\nÁrea de Electricidad\n \nDe acuerdo a lo conversado con Alberto (de la División Electricidad) en su última visita al Departamento de Informes y Atención al Turista, para la mejora de la instalación eléctrica en cocina del Personal de Informes Turísticos, solicitamos nos confirmen la descripción correcta de los materiales necesarios para el arreglo, a fin de solicitar la compra de los materiales a Suministros:\n-(2) dos protectores para enchufes (tapas de protección para niños para tomas de salón)\n-(2) dos tomas de aplicar externos (uno para cocina otro para salón para enchufar luz de emergencia)\n-(1) una tira de cable canal (medidas?)\n \nDesde ya muchas gracias.\nAtentamente.\n\n', '', NULL, NULL, NULL, NULL, NULL),
(366, '2017-06-22', '2017-07-11 14:24:16', 31, 177, 'Solicita: 1706211319\n Area Emisora: Turismo Centro Cívico\n Observacion: Departamento de Mayordomía\nPor la presente informamos que continúa roto el sistema de descarga de agua del depósito de uno de los inodoros en el baño público de mujeres, Centro Cívico. (una varilla del flotante está quebrada). Por lo cual el mismo se encuentra clausurado.\n\nAtentamente.\n \nLic. Verónica Martín a/c\nDepto. de Informes y Atención al Turista\nSecretaría de Turismo y Producción\n\n Mensaje de farroyo: Corresponde a Orden de Trabajo 3557', '1000', NULL, NULL, NULL, '0215-DMI-17', NULL),
(367, '2017-06-22', '2017-07-11 14:24:16', 31, 146, 'Solicita: 1706212319\n Area Emisora: Turismo Centro Cívico\n Observacion: Departamento de Mayordomía\n Informamos que algunas de las ventanas de los baños públicos en centro cívico les falta la chapita que traba la falleba, (dificultando que queden correctamente cerradas), y el pasador de la puerta del baño accesible está roto.\nAtentamente.\n \nLic. Verónica Martín a/c\nDepto. de Informes y Atención al Turista\nSecretaría de Turismo y Producción\n\n Mensaje de farroyo: corresponde a Orden de Trabajo 3654', '', NULL, NULL, NULL, NULL, NULL),
(368, '2017-06-22', '2017-07-11 14:24:16', 31, 157, 'Solicita: 1706221200\n Area Emisora: Terminal de Omnibus\n Observacion: Por la presente se solicita el relevamiento para tomar medidas para la fabricacion de muebles, para guardar los insumos de limpieza en terminal de omnibus sector donde se encuentran los agentes de limpieza y en transito y transporte hablar con flavia para que se lo oriente o llamar a javier celular:154308226. en estos muebles se guardarian lo insumos en general.\n \n \nsin mas me despido atentamente\n Departamento de Mayordomia - division limpeza \n\n Mensaje de farroyo: Corresponde a Orden de trabajo 3655\n', '', NULL, NULL, NULL, NULL, NULL),
(369, '2017-06-22', '2017-07-11 15:41:18', 31, 221, 'Solicita: 1706211319\n Area Emisora: Turismo Centro Cívico\n Observacion: Dirección de Mantenimiento\nÁrea de Electricidad\n \nDe acuerdo a lo conversado con Alberto (de la División Electricidad) en su última visita al Departamento de Informes y Atención al Turista, para la mejora de la instalación eléctrica en cocina del Personal de Informes Turísticos, solicitamos nos confirmen la descripción correcta de los materiales necesarios para el arreglo, a fin de solicitar la compra de los materiales a Suministros:\n-(2) dos protectores para enchufes (tapas de protección para niños para tomas de salón)\n-(2) dos tomas de aplicar externos (uno para cocina otro para salón para enchufar luz de emergencia)\n-(1) una tira de cable canal (medidas?)\n \nDesde ya muchas gracias.\nAtentamente.\n\n\n Mensaje de fmunch: T360 refacción enchufes de personal informes turísticos\n \n2 dos protectores para enchufes (tapas de protección para niños) \n2 dos tomas de aplicar externos \n1 una tira de cable canal de 3/4\n \n Mensaje de fmunch: 10/07/2017 12:42 enviado a pizutti\n Mensaje de farroyo: Corresponde a OT 3650\n\n Mensaje de fmunch: PRECIO TOTAL: $ 700', '550', NULL, NULL, NULL, '0228-DMI-17', NULL),
(370, '2017-06-22', '2017-07-11 14:24:16', 31, 222, 'Solicita: 1706221109\n Area Emisora: Concejo Municipal\n Observacion: Buenos días Fernando, por favor necesito arreglar algunas cuestiones de \nelectricidad en la oficina de un concejal, dado que están teniendo \nvarios inconvenientes y se les apaga la computadora continuamente, \nporque se quedan sin luz.\n\n\n\nGracias\n\n-- \nClaudia Haneck\nSecretaria Legislativa\nConcejo Municipal Bariloche\n\n Mensaje de asambueza: se fue al lugar se soluciono el tema.se informo que no conecten calobentores en la linea de computos\n Mensaje de farroyo: corresponde a OT3651\n', '', NULL, NULL, NULL, NULL, NULL),
(371, '2017-06-22', '2017-07-11 14:24:16', 31, 144, 'Solicita: 1706221109\n Area Emisora: Concejo Municipal\n Observacion: Buenos días Fernando, por favor tenemos que reparar con urgencia algunas goteras que \ntiene el pasillo de ingreso a la sala de sesiones.\n\nGracias\n\n-- \nClaudia Haneck\nSecretaria Legislativa\nConcejo Municipal Bariloche\n\n Mensaje de farroyo: Corresponde a OT 3010\n', '', NULL, NULL, NULL, NULL, NULL),
(372, '2017-06-22', '2017-07-11 14:24:16', 31, 211, 'Solicita: 1706221121\n Area Emisora: CDI Iglesias\n Observacion: A: Dirección de mantenimiento\n \n   Por medio de la presente solicitamos que se pueda acercar a la institución , lo antes posible,  un electricista, ya que la tecla de luz de sala deambuladores esta realizando un corto circuito, dejando sin luz a dos salas.\n \n \nSaluda atte.\nPatricia  Parra.\n Mensaje de farroyo: corresponde a OT3652\n', '', NULL, NULL, NULL, NULL, NULL),
(373, '2017-06-22', '2017-07-11 14:24:16', 31, 225, 'Solicita: 1706211403\n Area Emisora: Terminal de Omnibus\n Observacion: A:Dirección de Mantenimiento\n\nCC:Jefe de Terminal de Ómnibus MSCB\n \nDirección de Mantenimisnto\nPor la presente solicitamos la revisión del puesto de Informes deTerminal de Ómnibus, ubicado en sala de espera sector central, a fin de realizar mejoras y repaciones varias:\n \nElectricidad\nPor favor verificar la instalación eléctrica de dicho puesto (estado y seguridad), tener en cuenta que necesitamos un toma para enchufar pc, celular y otro para eventualmente en invierno conectar un caloventor o pava electrica. \nQuiero comentarles al respecto de los tomas a la vista del público, tenemos el inconveniente que cuando el personal de Informes no está en el puesto, los pasajeros que esperan se meten en el puesto a enchufar sus celulares. \nTener en cuenta además la necesidad de mejora de la iluminación sobre el puesto ya sea agregando o cambiando tubo fluorescente de luz sobre dicho puesto (tubo mediano fino). \nVer además, estado actual de cable telefónico y ficha de conexión a internet en puesto (factibilidad de conexión a internet si hubiera).\n \nDesde ya muchas gracias, aguardo sus comentarios. \nAtentamente.\n  \nLic. Verónica Martin a/c\nDepartamento de Informes y Atención al Turista\nSecretaría de Turismo y Producción\nMunicipalidad de San carlos de Bariloche\ninformesturmscb@bariloche.gov.ar\nTE (0294) 4625508\n \n \n\n Mensaje de farroyo: corresponde a OT3653\n', '1100', NULL, NULL, NULL, '0228-DMI-17', NULL),
(374, '2017-06-22', '2017-07-11 14:24:16', 31, 145, 'Solicita: 1706211403\n Area Emisora: Terminal de Omnibus\n Observacion: A:Dirección de Mantenimiento\n\nCC:Jefe de Terminal de Ómnibus MSCB\n \nDirección de Mantenimisnto\nPor la presente solicitamos la revisión del puesto de Informes deTerminal de Ómnibus, ubicado en sala de espera sector central, a fin de realizar mejoras y repaciones varias:\n \n\nCarpintería\nAsimismo solicitamos la reparación y mejora del mueble mostrador de dicho puesto, el mismo tiene un estante caído, falta de barniz y pintura blanca en mal estado. Por favor verificar el estado de dicho mueble e informar los materiales necesarios requeridos a fin de gestionar su pronta reparación.\n \n\nDesde ya muchas gracias, aguardo sus comentarios. \nAtentamente.\n  \nLic. Verónica Martin a/c\nDepartamento de Informes y Atención al Turista\nSecretaría de Turismo y Producción\nMunicipalidad de San carlos de Bariloche\ninformesturmscb@bariloche.gov.ar\nTE (0294) 4625508\n \n \n\n Mensaje de farroyo: corresponde a OT3656\n', '', NULL, NULL, NULL, NULL, NULL),
(375, '2017-06-26', '2017-07-11 14:24:16', 31, 197, 'Solicita: Sociales; Ivana\n Area Emisora: sociales\n Mensaje de farroyo: corresponde a OT 3657\n', '', NULL, NULL, NULL, NULL, NULL),
(376, '2017-06-26', '2017-07-11 14:24:16', 31, 224, 'Solicita: Tránsito; Archivo PB\n Area Emisora: Tránsito\n Mensaje de farroyo: corresponde a OT3658\n', '', NULL, NULL, NULL, NULL, NULL),
(377, '2017-06-26', '2017-07-11 14:24:16', 31, 202, 'Solicita: CDI Malvinas\n Observacion: Encender caldera\n Mensaje de farroyo: corresponde a OT3659\n', '', NULL, NULL, NULL, NULL, NULL),
(378, '2017-06-26', '2017-07-11 14:24:16', 31, 202, 'Solicita: Moreno y Ruiz Moreno\n Area Emisora: Departamento de Sueldos, Fabiana\n Observacion: Encender Caldera sector Sueldos\n Mensaje de farroyo: corresponde a OT3660\n', '', NULL, NULL, NULL, NULL, NULL),
(379, '2017-06-27', '2017-07-11 14:24:16', 31, 204, 'Solicita: CDI Malvinas-Pomeba\n Area Emisora: Promeba\n Observacion: Me dirijo a esta Dirección por indicación del Ing. Milano, para solicitar la conexión de los servicios de Energía Eléctrica y Gas en el portal (contenedor) ubicado en las intersecciones de las calles Malvina Soledad e Islas del Sur, B° Nahuel Hue, en cercanías del CAAT N°8. \n\n\nEste Portal tiene como destino ser las oficinas del equipo de campo de PROMEBA.\n\n\nLa urgencia del pedido radica en que hasta que no tenga luz y gas no se puede utilizar.\n\n\nAdjunto imágenes de las instalaciones internas.\n\n\nQuedo a la espera de su respuesta.\n\n\n\n\nCordialmente\n', '', NULL, '379.jpg', NULL, NULL, NULL),
(380, '2017-06-27', '2017-07-11 14:24:16', 31, 157, 'Solicita: Catastro\n Area Emisora: Catastro\n Observacion: Solicitan 12 elevadores de madera para monitores nuevos\n Mensaje de farroyo: corresponde a OT3672\n', '', NULL, NULL, NULL, NULL, NULL),
(381, '2017-06-27', '2017-07-11 14:24:16', 31, 224, 'Solicita: Tránsito\n Area Emisora: Tránsito\n Observacion: Flavia de Transito solcita ver corte de energía en un sector\n Mensaje de farroyo: corresponde a OT3671\n', '', NULL, NULL, NULL, NULL, NULL),
(382, '2017-06-27', '2017-07-11 14:24:16', 31, 222, 'Solicita: Palacio Minicipal\n Area Emisora: Despacho de Gobierno\n Observacion: Zapatilla no funciona en despacho de Gobierno\n Mensaje de asambueza: para cambiar zapatilla y mejorar la instalacion de dicho reclamo es nesesario la compra de los siguientes materiales.\n4 tiras de cable canal 18x21 con autoadecivo.\n15 metros de cable tpr 3x1,5 mm \n1 zapatilla tipo cambre con cable de 3 metros \n30 tornillos t2\n\n Mensaje de fmunch: (se envio a pizuti) 06/07/2017 8:43 \n Mensaje de fmunch: PRECIO TOTAL: $800\n Mensaje de asanders: Se genero Nota Nº 229-DMI-17.  A Jefatura de gabinete. 10/07/2017', '1000', NULL, NULL, NULL, '0229-DMI-17', NULL),
(383, '2017-06-27', '2017-07-11 14:24:16', 31, 212, 'Solicita: Mecánica\n Area Emisora: Macánica\n Observacion: Herreria de Mecánica cambiar farola\n Mensaje de farroyo: Responder OT3669\n', '', NULL, NULL, NULL, NULL, NULL),
(384, '2017-06-27', '2017-07-11 14:24:16', 31, 150, 'Solicita: Obras por Contrato\n Area Emisora: Vanesa\n Observacion: Colocar Pizarra en ofician de Obrad por Contrato, \n Mensaje de farroyo: Correspnde OT3668\n', '', NULL, NULL, NULL, NULL, NULL),
(385, '2017-06-27', '2017-07-11 14:24:16', 31, 141, 'Solicita: Palacio Municipal\n Area Emisora: Despaco de Gobierno\n Observacion: Solicitan poner cerradura de tammbor a un mueble . Fabiana\n Mensaje de farroyo: Responder OT3667\n', '', NULL, NULL, NULL, NULL, NULL),
(386, '2017-06-27', '2017-07-11 14:24:16', 31, 189, 'Solicita: Verterdero Municipal\n Area Emisora: Bascula Oficina\n Observacion: Sector Oficina de bascula sin agua\n Mensaje de farroyo: Corresponde a OT3666\n', '', NULL, NULL, NULL, NULL, NULL),
(387, '2017-06-27', '2017-07-11 14:24:16', 31, 204, 'Solicita: Cenctro Cultural 270 Viv.\n Area Emisora: Cultura\n Observacion: Solcitan ver para instalar tubos robados del centro los elementos faltantes\n', '2000', NULL, NULL, NULL, '0221-DMI-17', NULL),
(388, '2017-06-27', '2017-07-11 14:24:16', 31, 214, 'Solicita: Esqui Social\n Area Emisora: Delegación Catedral\n Observacion: Solcitan mejorar iluminación sector de esqui social en cerro caterdral\n Mensaje de farroyo: Corresponde OT3662\n', '', NULL, NULL, NULL, NULL, NULL),
(389, '2017-06-27', '2017-07-11 14:24:16', 31, 177, 'Solicita: esqui Social\n Area Emisora: Delgación Catedral-Sociales\n Observacion: Refugio del programa Esquí Social. Solicitan reparación de cocina y conexión de agua en la bacha. 2944694562', '', NULL, NULL, NULL, NULL, NULL),
(390, '2017-06-27', '2017-07-11 14:24:16', 31, 175, 'Solicita: Esqui Social-Catedral\n Area Emisora: Delegación catedral Sociales\n Observacion: Solictan reparaciones verias. Prado', '', NULL, NULL, NULL, NULL, NULL),
(391, '2017-06-27', '2017-07-11 14:24:16', 31, 141, 'Solicita: Esquí Social-Catedral\n Area Emisora: Delegación Catdral Sociales\n Observacion: Solcitan pintura del sector Esqui´social en el cerro CatedraL\n', '', NULL, NULL, NULL, NULL, NULL),
(392, '2017-06-27', '2017-07-11 14:24:16', 31, 159, 'Solicita: Esqui Social -Catedral\n Area Emisora: Delegación Catedral-Sociales\n Observacion: Solcitan Pintar el sector de esquis social en el cerro catedral', '', NULL, NULL, NULL, NULL, NULL),
(393, '2017-06-28', '2017-07-11 14:24:16', 31, 157, 'Solicita: 1705191406-pudu pudu\n Area Emisora: Pudu Pudu\n Observacion: Norma solcita adeduar un mueble, cortarlo.', '', NULL, NULL, NULL, NULL, NULL),
(394, '2017-06-28', '2017-07-11 14:24:16', 31, 236, 'Solicita: Club de Día 2 de Abril-Nota:507-SDSDyC/DAC\n Area Emisora: Sociales\n Observacion: Se solicita adecuacion de ingreso. 154502239 o 154393857.', '', NULL, NULL, NULL, NULL, NULL),
(395, '2017-06-28', '2017-07-11 14:24:16', 31, 178, 'Solicita: Cintia Tabella Subsecretaria de PLANEAMIENTO\n Area Emisora: Subsecretaria de Planeamiento\n Observacion: Solcitan reparar perdidad de ola mochila del bañito del sector', '', NULL, NULL, NULL, NULL, NULL),
(398, '2017-06-28', '2017-07-11 14:24:16', 31, 188, 'Solicita: TURISMO VILLEGAS 1706221204\n Area Emisora: MAYORDOMIA\n Observacion: SOLICITAN REPARACIÓN DE CUERITO DE CANILLA DE BACHA Y MANIJA DE DESCARGA EN BAÑO DE VARONES', '', NULL, NULL, NULL, NULL, NULL),
(399, '2017-06-28', '2017-07-11 14:24:16', 31, 178, 'Solicita: CAAT 1\n Area Emisora: SOCIALES NOTA: 522-SDSDy DAC-17\n Observacion: Solicita reparación de inodoro', '', NULL, NULL, NULL, NULL, NULL),
(400, '2017-06-28', '2017-07-11 14:24:16', 31, 208, 'Solicita: Centro Comunitario Eva Perón\n Area Emisora: sociales Nota: 523-SDSDyC DAC-17\n Observacion: colocar una cocina. Tel 2944505377. Llamara antes de ir\n', '', NULL, NULL, NULL, NULL, NULL),
(401, '2017-06-28', '2017-07-11 14:24:16', 31, 152, 'Solicita: Centro Comunitario Barrio Unón\n Area Emisora: socuiales. Nota: 537-SDSDyC DAC-17\n Observacion: Solicita construcción de estantes y colocación. Tel 2944639700. Llamar antes de ir', '', NULL, NULL, NULL, NULL, NULL),
(402, '2017-07-03', '2017-07-11 14:24:16', 31, 178, 'Solicita: Marcelo\n Area Emisora: cancejo municipal\n Observacion: Pierde baño Nº 11 primer piso del concejo\n Mensaje de farroyo: Buen día Fernando, te comento estamos con algún problema en uno de los \nbaños del concejo xq se está inundando. Necesitamos si hoy sin falta si \nlo pueden venir a ver.\n\nGracias\n\n-- \nClaudia Haneck\nSecretaria Legislativa\nConcejo Municipal Bariloche\n', '', NULL, NULL, NULL, NULL, NULL),
(403, '2017-07-03', '2017-07-11 14:24:16', 31, 218, 'Solicita: Delegción Lago Moreno-Valle\n Area Emisora: Delegción Lago Moreno\n Observacion: Tiene un corto en el Hipodromo, Salta disjuntor todo el tiempo. Pasr a buscar la llave en la Delegación Lago Moreno', '', NULL, NULL, NULL, NULL, NULL),
(404, '2017-07-03', '2017-07-11 14:24:16', 31, 227, 'Solicita: CDI Iglesias-Rojel\n Area Emisora: CDI Iglesias\n Observacion: Solicitan ejecución de una rampa de acceso por calle Mascardi para mercancias y Amurar portones solictado sobre esa \ncalle y sobre calle Parraviccini.\n', '', NULL, NULL, NULL, NULL, NULL),
(405, '2017-07-03', '2017-07-12 12:25:21', 31, 169, 'Solicita: CDI Iglesias-rojel\n Area Emisora: CDI Iglesias\n Observacion: Solicitan ejecucion de Portones nuevos sobre calle Mascardi y sobre Calle Parraviccini.\n Mensaje de fmunch: materiales y cotizacion\not:405 portón corredizo en caño estructural para guardería iglesias\n\n-4 caños estructurales 80 x 40 x 6ml \n-3 caño estructural 40 x 40 x 6ml \n-2 lts antioxido negro \n-6 barras de hierro Angulo de 1” x 1/8”x 6ml \n-2 barras de hierro Angulo de  1” x 1/4” \n-2 planchuelas lisas de 1”x 1/4” x 6ml \n-20 m2  de malla de metal expandido rombo de 13 x 7 \n-4 ruedas tipo v de 50 mm para portón corredizo con rulemanes \n-2 pares de ruedas de polietileno con pernos \n-3 kg electrodos de 2,5mm punta azul \n-3 discos de corte de 7” \n-3 discos de corte de 4,5”\n\nPRECIO TOTAL: $11.000\n', '', NULL, NULL, NULL, NULL, NULL),
(406, '2017-07-03', '2017-07-11 14:24:16', 31, 177, 'Solicita: 543-SDSDyC DAC-Alejandra Sandobal\n Area Emisora: Centro Comunitario Barrio Unión\n Observacion: Solicitan reparar los baños del Centro Comunitario Bario Unión- Dependientes del CAAT 9- 2944639700', '', NULL, NULL, NULL, NULL, NULL),
(407, '2017-07-03', '2017-07-11 14:24:16', 31, 152, 'Solicita: 542-SDSDyC DAC-Alejandra Sandobal\n Area Emisora: Centro Cominutari Integral-CIC 34HAS\n Observacion: Solicitan Arreglos de mesas y escritorios en Centro Cominutari Integral-CIC 34HAS dependiente del CAAT 9 -2944639700', '', NULL, NULL, NULL, NULL, NULL),
(408, '2017-07-03', '2017-07-11 14:24:16', 31, 222, 'Solicita: Palacio Municipal- Gabriela\n Area Emisora: Secretaria de Gobierno\n Observacion: Solicitan ver Zapatilla de Gobierno porque no funciona y no pueden usar computadora ni telefono de la Intendencia.', '', NULL, NULL, NULL, NULL, NULL),
(409, '2017-07-03', '2017-07-11 14:24:16', 31, 221, 'Solicita: PROMEBA EN CDI MALVINAS- Milano 1706261651\n Area Emisora: Secretaría der Obras Publicas\n Observacion: Me dirijo a esta Dirección por indicación del Ing. Milano, para solicitar la conexión de los servicios de Energía Eléctrica y Gas en el portal (contenedor) ubicado en las intersecciones de las calles Malvina Soledad e Islas del Sur, B° Nahuel Hue, en cercanías del CAAT N°8. \n\n\nEste Portal tiene como destino ser las oficinas del equipo de campo de PROMEBA.\n\n\nLa urgencia del pedido radica en que hasta que no tenga luz y gas no se puede utilizar.\n\n\nAdjunto imágenes de las instalaciones internas.\n\n\nQuedo a la espera de su respuesta.\n\n\n\n\nCordialmente\n-- \n\nRicardo D. Martín\n(294) 15 425 0797\n Mensaje de farroyo: Alberto: En principio se va a conectar desde un tablero provisorio que colocará la CEB en el Poste donde despues conectaremos al CDI\nosea que debemos tener o pedir un sintenac desde el Poste al Conetiner con capacidad para dos split de 3000W. Supungo\n Mensaje de farroyo: Me dicen que son los que se pusieron en personal cuando no había Gas\n Mensaje de asambueza: tenemos los materiales se solicita que nos avisen cuando este colocado el medidor de obra\n Mensaje de fmunch: por ahora no pido materiales', '', NULL, '409.jpg', NULL, NULL, NULL),
(410, '2017-07-03', '2017-07-11 14:24:16', 31, 208, 'Solicita: Eduardo-1706261418\n Area Emisora: Biblioteca Alfonsín\n Observacion: Biblioteca Alfonsín OT:8 Reclamo\nEstimado Fernando Arroyo \nAqui te escribo pidiendo la instalación, funcionamiento del termotanque que instalaron el pasado año habida cuenta que el personal de limpieza no tiene aún suministro de agua caliente en la cocina.\nAgradezco pronta respuesta y ..¡bienvenidos! \nAtentamente, \nEduardo \n \n\n\n', '', NULL, NULL, NULL, NULL, NULL),
(411, '2017-07-03', '2017-07-13 17:02:06', 31, 178, 'Solicita: Turismo Edificio Centro Cívico Lic. Verónica Martín -1706271149\n Area Emisora: Depto. de Informes y Atención al Turista\n Observacion: Departamento de Mayordomía\nPor la presente informamos que el día de ayer por la tarde apareció rota la palanca del sistema de descarga de agua del otro inodoro del baño público de mujeres en c.cívico. Y el flexible del lavatorio de ese mismo baño pierde agua.\nAsimismo continúa roto el sistema de descarga de agua del depósito del inodoros del baño público de mujeres (una varilla del flotante está quebrada). Por lo cual el mismo se encuentra clausurado.\nAtentamente.\n \nLic. Verónica Martín a/c\nDepto. de Informes y Atención al Turista\nSecretaría de Turismo y Producción\nMunicipalidad de San Carlos de Bariloche\ninformesturmscb@bariloche.gov.ar\nTE (0294) 4428675\n\n Mensaje de lsandoval: reparasion provisoria se pidieron materiales para un obtimo funsionamiento\n Mensaje de fmunch: ¿se selicitaron los materiales a turismo?', '', NULL, NULL, NULL, NULL, NULL),
(412, '2017-07-03', '2017-07-11 14:24:16', 31, 150, 'Solicita: Nora Redondo-1706281236\n Area Emisora: Delegación Lago Moreno\n Observacion: Buen día: el motivo de este mail es pedirles o bien recordar que falta terminar la división que realizaron en la oficina.\nLo más importante sería el cajón para el cajero con cerradura y el tambor o cerradura para el mueble.\nPor favor. no nos olviden \n \nnora redondo\n Mensaje de fmunch: ot: 412 refacción de mueble lago moreno\n\n1 cola de carpintero A20 fortex x 1/2 kg \n50 tornillos dorados para madera (19) 3,5 x 35 \n2 cerradura tipo marle 511 x 20 aplicar \n1 cerradura tipo evergood 105 cromada \n1 lts de setol caoba satinado \n1 lts aguarras \n1 pincel nº20\ntotal: $1.200\nnota: lo compran ellos con sus fondos mandar meil\n \n\n Mensaje de asanders: viernes, 07 de julio de 2017 12:02\nBuenos días:\n                       Por medio del presente y según lo acordado se envía listado de materiales para la reparación de mueble para esa Delegación:\n \n Refacción de mueble Lago Moreno: Ticket Nº  412.\n  1 Cola de carpintero A20 fortex x 1/2 kg. \n50 Tornillos dorados para madera (19) 3,5 x 35. \n  2 Cerradura tipo marle 511 x 20 aplicar. \n  1 Cerradura tipo evergood 105 cromada. \n  1 Lts de "Cetol" color  caoba satinado. \n  1 Lts aguarras. \n  1 Pincel nº20.\ntotal: $1.200  \n \n', '1200', NULL, NULL, NULL, NULL, NULL),
(413, '2017-07-03', '2017-07-11 14:24:16', 31, 221, 'Solicita: MIRIAM-1706282059\n Area Emisora: CDI Malvinas\n Observacion: SOLICITO LA INSTALACIÒN DE UN ENCHUFE  ARRIBA DE LA MESADA EN LA COCINA.SALUDOS CORDIALES MIRIAM\n Mensaje de asambueza: se coloco el toma pedido con materiale nuestro y se necesita la repocicion los materiales son los siguiente.\n3 tiras de cable canal 18x21 con autoadecivo\n10 metros de cable tpr 3x1,5 mm\n1 toma de aplicar doble \n\n\n Mensaje de fmunch: 06/07/2017 10:01\n Mensaje de fmunch: a pizutti\n Mensaje de fmunch: PRECIO TOTAL:$400', '', NULL, NULL, NULL, NULL, NULL),
(414, '2017-07-03', '2017-07-11 14:24:16', 31, 177, 'Solicita: CAAT Nº 5-1706291357\n Area Emisora: Sociales\n Observacion: Buenas Tardes: Por medio de la presente solicitamos tenga a bien gestionar personal para llevar a cabo mantenimiento en el baño del CAAT Nº 5, de forma urgente,  ya que el inodoro se encuentra inutilizable. Para coordinacion comunicarse con Juanita cel: 2944-605384\n \n', '', NULL, NULL, NULL, NULL, NULL),
(415, '2017-07-03', '2017-07-11 14:24:16', 31, 222, 'Solicita: 545-SDSDyC DAC-17-Alejandra Sandoval\n Area Emisora: Hotelitos 10 de Diciembre-Casa841-Dpto3\n Observacion: Solcitan cambio de enchufe y Presupuesto y colocación de luz de emergencia\n Mensaje de farroyo: nro contacto:2944502239\n Mensaje de asambueza: se fue al area y se coloco un toma nuevo', '', NULL, NULL, NULL, NULL, NULL),
(416, '2017-07-03', '2017-07-11 14:24:16', 31, 187, 'Solicita: 544-SDSDyC DAC-17-Alejandra Sandoval\n Area Emisora: Club de día 2 de Abril\n Observacion: Solicitan colocación de lavarropas: conexión de agua y desagüe te: Contacto 2944502239\n Mensaje de farroyo: COORDINAR VISITA CON ELECTRICOS', '', NULL, NULL, NULL, NULL, NULL),
(417, '2017-07-03', '2017-07-11 14:24:16', 31, 221, 'Solicita: 544-SDSDyC DAC-17-Alejandra Sandoval\n Area Emisora: Club de día 2 de Abril\n Observacion: Solicitan colocación de Lavarropa: Toma corrienten tel- de contacto: 2944502239. COORDINAR VISITA CON LOS PLOMEROS', '', NULL, NULL, NULL, NULL, NULL),
(418, '2017-07-03', '2017-07-11 14:24:16', 31, 178, 'Solicita: Scum-Prado\n Area Emisora: SCUM\n Observacion: Solcitan reparación de depósito de inodoro', '', NULL, NULL, NULL, NULL, NULL),
(419, '2017-07-04', '2017-07-11 14:24:16', 31, 175, 'Solicita: Cristian Ampuero\n Area Emisora: Seguridad e Higiene\n Observacion: Solicita adecuar un tacho 200 L para pruba de matafuegos', '', NULL, NULL, NULL, NULL, NULL),
(420, '2017-07-04', '2017-07-11 15:43:07', 31, 177, 'Solicita: Juanita cel: 2944-605384 \n Area Emisora: CAAT 5\n Observacion: Buenas Tardes: Por medio de la presente solicitamos tenga a bien gestionar personal para llevar a cabo mantenimiento en el baño del CAAT Nº 5, de forma urgente,  ya que el inodoro se encuentra inutilizable. Para coordinacion comunicarse con Juanita cel: 2944-605384\n \n\n Mensaje de lsandoval: se hiso pedido correspondiente', '', NULL, NULL, NULL, NULL, NULL),
(421, '2017-07-04', '2017-07-11 14:24:16', 31, 207, 'Solicita: Ampuero-1706301909\n Area Emisora: Moreno y Ruiz Moreno\n Observacion: Solicitan revisar cocina, se cerro la llave de paso.', '', NULL, NULL, NULL, NULL, NULL),
(422, '2017-07-04', '2017-07-11 15:34:53', 31, 213, 'Solicita: Lucía 1707031100\n Area Emisora: CDI Araucaria\n Observacion: Hola!\nNecesito realizar los siguientes pedidos de mantenimiento:\n\nCDI Araucaria:\n-Necesitamos arreglar dos luces (hall frio y exterior) y realizar el\nrelevamiento de materiales para cocolor una luz exterior mas\n\nGracias!\nLucía\n\n Mensaje de asambueza: materiales nesesarios para la colocacion de iluminacion de exterior.\n20 metros de cable tpr de 3x1,5 mm\n1 farola tipo calle culote goleat \n1 lampara de 65 wats culote goleat\n1 cinta aisladora 3m grande \n1 caja de grampas para tpr de 3x1,5 mm\n1 fotocelula con base de 10 amperes\n Mensaje de fmunch: T 422 CDI Araucaria:\nMensaje de asambueza: materiales necesarios para la colocación de iluminación de exterior.\n \n20 metros de cable tpr de 3x1,5 mm \n1 farola tipo calle culote goleat \n1 lámpara de 65 wats culote goleat \n1 cinta aisladora 3m grande \n1 caja de grampas para tpr de 3x1,5 mm \n1 fotocelula con base de 10 amperes\n\n Mensaje de fmunch: 10/07/2017 13:06 enviado a pizutti\n Mensaje de fmunch: PRECIO TOTAL: $ 3.200', '', NULL, NULL, NULL, NULL, NULL),
(423, '2017-07-04', '2017-07-11 14:24:16', 31, 200, 'Solicita: Lucia 1707031100\n Area Emisora: CDI Arco Iris\n Observacion: Hola!\nNecesito realizar los siguientes pedidos de mantenimiento:\n\nCDI Arco Iris Magico:\n- Les recuerdo de la revisión del calefactor del pasillo que no funciona\n\nGracias!\nLucía\n', '', NULL, NULL, NULL, NULL, NULL),
(424, '2017-07-04', '2017-07-11 14:24:16', 31, 221, 'Solicita: Montes Taller Vial\n Area Emisora: Dinara\n Observacion: Avisa que llego amoladora de banco. Solicitan instalación', '', NULL, NULL, NULL, NULL, NULL),
(425, '2017-07-04', '2017-07-11 14:24:16', 31, 222, 'Solicita: Servicio Técnico 1707040828\n Area Emisora: Delegación Catedral\n Observacion: Hola buen día\n\n                     Por este medio  se solicita la provisión e \ninstalación de una zapatilla eléctrica para la alimentación del reloj en \nla Delegación Catedral .-\n\nAtentamente\n\nServicio Técnico.\n\n\n Mensaje de fmunch: T 425 delegacion catedral coneccion de zapatilla\n\n- 1 zapatilla tipo cambre de 5 modulos\n- 1 tira de cable canal de 18 x 21 con autohadecuvo\n\nPRECIO TOTAL: $500\n\n', '', NULL, NULL, NULL, NULL, NULL);
INSERT INTO `tickets` (`id_ticket`, `fecha`, `hora`, `creador`, `servicio`, `observacion`, `patrimonio`, `tiempoResolucion`, `adjunto`, `nota_entrada`, `nota_salida`, `fkEdificio`) VALUES
(426, '2017-07-04', '2017-07-11 14:24:16', 31, 142, 'Solicita: Maciel\n Area Emisora: Mecánica\n Observacion: Solicita poder poenr cerraduras al cajón de su escritorio\n Mensaje de fmunch: ot: 426 taller Maciel refacción de cerraduras\n\n1 cerradura tipo marle 511 x 20 aplicar \n2 cerradura tipo evergood 105 cromada \n\ntotal: $1.000\n\n\n\n Mensaje de fmunch: me olvide de decirte q lo compran ellos ok\n Mensaje de asanders: Buenos días:\n                     Por medio del presente, en referencia a las cerraduras para escritorio de su oficina,  se solicita la compra de:\n\n  \n1 Cerradura tipo marle 511 x 20 aplicar. \n2 Cerradura tipo evergood 105 cromada. \n \nCosto aproximado : $1.000\n \natte. Sanders Alejandra.\nAdministración Mantenimiento. \n \n\n Mensaje de asanders: lunes, 10 de julio de 2017 10:03\nBuenos días:\n                     Por medio del presente, en referencia a las cerraduras para escritorio de su oficina,  se solicita la compra de:\n\n  \n1 Cerradura tipo marle 511 x 20 aplicar. \n2 Cerradura tipo evergood 105 cromada. \n \nCosto aproximado : $1.000\n \natte. Sanders Alejandra.\nAdministración Mantenimiento. \n \n\n Mensaje de asanders: lunes, 10 de julio de 2017 10:03\nBuenos días:\n                     Por medio del presente, en referencia a las cerraduras para escritorio de su oficina,  se solicita la compra de:\n\n  \n1 Cerradura tipo marle 511 x 20 aplicar. \n2 Cerradura tipo evergood 105 cromada. \n \nCosto aproximado : $1.000\n \natte. Sanders Alejandra.\nAdministración Mantenimiento. \n \n', '', NULL, NULL, NULL, NULL, NULL),
(427, '2017-07-04', '2017-07-11 14:24:16', 31, 209, 'Solicita: Daniela Ortíz\n Area Emisora: Recursos Humanos \n Observacion: Solcita reparar radiador que no calienta', '', NULL, NULL, NULL, NULL, NULL),
(428, '2017-07-04', '2017-07-11 14:24:16', 31, 178, 'Solicita: Irene\n Area Emisora: Defensoria del pueblo\n Observacion: Solictan ver perdida de agua en caniila de la oficina de la defensora', '', NULL, NULL, NULL, NULL, NULL),
(429, '2017-07-04', '2017-07-11 14:24:16', 31, 222, 'Solicita: Irene\n Area Emisora: Defensoria del pueblo\n Observacion: Solciotan cambiar foco y ver toma', '', NULL, NULL, NULL, NULL, NULL),
(430, '2017-07-04', '2017-07-11 14:24:16', 31, 193, 'Solicita: Gladis\n Area Emisora: CAAT 5\n Observacion: Solcitan destapar baño', '', NULL, NULL, NULL, NULL, NULL),
(431, '2017-07-04', '2017-07-11 15:33:45', 31, 178, 'Solicita: Falvia\n Area Emisora: Tránsito\n Observacion: Baño de hombres pierde agua\n Mensaje de lsandoval: se reparo provisoria mente y se pidieron los materiales ', '', NULL, NULL, NULL, NULL, NULL),
(432, '2017-07-04', '2017-07-11 14:24:16', 31, 194, 'Solicita: Pato\n Area Emisora: CDI Pichi Che Ruca\n Observacion: Vacha pierde agua\n Mensaje de lsandoval: 10-7-17 Hoy llamó Patricia reclamando', '', NULL, NULL, NULL, NULL, NULL),
(433, '2017-07-04', '2017-07-11 14:24:16', 31, 155, 'Solicita: Silvia\n Area Emisora: Recursos Humanos\n Observacion: Solicta repara mesa', '', NULL, NULL, NULL, NULL, NULL),
(434, '2017-07-04', '2017-07-11 14:24:16', 31, 155, 'Solicita: silvia Recursos Humanos\n Area Emisora: Moreno y ruiz Moreno\n Observacion: Solcita reparar mesa', '', NULL, NULL, NULL, NULL, NULL),
(435, '2017-07-04', '2017-07-11 14:24:16', 31, 217, 'Solicita: Miguel\n Area Emisora: Gimnasio 1\n Observacion: sin energía pasillos y baños', '', NULL, NULL, NULL, NULL, NULL),
(436, '2017-07-05', '2017-07-11 14:24:16', 31, 186, 'Solicita: Miguel\n Area Emisora: Gimanasio 1\n Observacion: Perdida de agua en la pared ', '', NULL, NULL, NULL, NULL, NULL),
(437, '2017-07-05', '2017-07-13 18:16:36', 31, 193, 'Solicita: Wodikca\n Area Emisora: Delegación El Condor\n Observacion: Solcitan destapar el baño de la oficina.', '', NULL, NULL, NULL, '00---------', NULL),
(438, '2017-07-05', '2017-07-11 14:24:16', 31, 235, 'Solicita: Patricia\n Area Emisora: CDI Iglesias\n Observacion: Solicitan eliminar todas los escalones del patio e ingreso por Rampas\n Mensaje de fmunch: listado de materiales guarderia iglesis T438\n\n- 25 boldad de cemento\n- 5 barras de hierro de diametro 10\n- 5 barras de hierro de diametro 6\n\ntotal:$ 7.000\n', '', NULL, NULL, NULL, NULL, NULL),
(439, '2017-07-05', '2017-07-13 18:16:26', 31, 212, 'Solicita: Viviana\n Area Emisora: Amulen\n Observacion: Dos dormitorios sin Luz\n Mensaje de asambueza: se fue al lugar y se repararon las luces de los dormitorios\n', '', NULL, NULL, NULL, '00---------', NULL),
(440, '2017-07-05', '2017-07-11 15:52:23', 31, 214, 'Solicita: Andres Mendoza\n Area Emisora: Corralón\n Observacion: Solicita iluminacion en vereda sur de Obras Particulares\n Mensaje de asambueza: para la iluminacion del sector se nesecitan los siguientes materiales.\n3 artefactos 10 wats \n20 metros de cable tpr 3x1,5 mm\n1 caja de grampas calop para tpr de 3x1,5\n Mensaje de fmunch: 10/07/2017 14:44 enviado a pizutti para presupuestar\n Mensaje de fmunch: adecuacion listado de materiales\n\n-3 reflectores a led de 30 wats \n-20 metros de cable tpr 3x1,5 mm\n-1 caja de grampas calop para tpr de 3x1,5\n\n\n Mensaje de fmunch: PRECIO TOTAL: $3.600', '', NULL, NULL, NULL, NULL, NULL),
(441, '2017-07-05', '2017-07-11 14:24:16', 31, 141, 'Solicita: María Elena\n Area Emisora: Obrazs Particulares\n Observacion: Solicitan Reparar cerradura de puerta hacia el Sur salida de los baños de obras particulares, Patio trasero\n Mensaje de fmunch: t: 441 obras publicas cambio de cerradura\n\n- 1 cerradura kallay 4003\ntotal: $600\n Mensaje de farroyo: Sugiero que la cerradura sea marca Candex de 187mm entre agujeros', '', NULL, NULL, NULL, NULL, NULL),
(444, '2017-07-06', '2017-07-11 14:24:16', 31, 217, 'Solicita: Javier Mayordomia\n Area Emisora: Tribunal l\n Observacion: El sereno corto la luz por chisperio. solictan ir a dar energía viendo el sistema.\n Mensaje de asambueza: se fue al lugar se cambio socalo de tubo 105 se soluciono el problema', '', NULL, NULL, NULL, NULL, NULL),
(445, '2017-07-06', '2017-07-13 18:15:56', 31, 213, 'Solicita: Norma Mitri\n Area Emisora: Pudu Pudu\n Observacion: Solicita instalar artefacto nuevo en el pasillo', '', NULL, NULL, NULL, '00---------', NULL),
(446, '2017-07-06', '2017-07-11 14:24:16', 31, 227, 'Solicita: Silva\n Area Emisora: Aserradero Municipal\n Observacion: Socilicitan ejecución de viga de fundacion de umbral para ejecución de de Portón corredizo, la longitud de esta viga es de 10 metros\n Mensaje de ohuenuman: Para la ejecución de esta tarea se necesitan los siguientes materiales:\n7 bolsas de cemento\n4 barras de diámetro 6\n6 barras de diámetro 10\n1Kg de almbre de atar\n1 m3 de ripio con arena \n Mensaje de fmunch: 06/07/2017 12:52 enviado a presupuestar a casa palm\n Mensaje de fmunch: Presupuesto Aserradero municipal ejecución de viga\n\n7 bolsas de cemento                     $ 1600\n4 barras de diámetro 6                 $ 400\n6 barras de diámetro 10               $ 1000\n2 Kg de almbre de atar                 $ 200\n1 m3 de ripio con arena               $ 600\n\nTOTAL: $3.800', '', NULL, NULL, NULL, NULL, NULL),
(447, '2017-07-06', '2017-07-13 18:15:16', 31, 186, 'Solicita: Valeria \n Area Emisora: 24 de Setiembre\n Observacion: Gotea el techo en sector de técnica de Tierras y Vvivendas\n Mensaje de lsandoval: se arreglo flotante que rebalsaba del depósito empotrdo de inodoro de planta alta', '', NULL, NULL, NULL, '00---------', NULL),
(448, '2017-07-06', '2017-07-11 14:24:16', 63, 152, 'Solicita: sanders\n Area Emisora: administracion\n Observacion: solicitamos puerta corrediza para mueble de la oficina', '', NULL, NULL, '0000---------', NULL, NULL),
(452, '2017-07-06', '2017-07-11 14:24:16', 31, 221, 'Solicita: Santiago fuentes\n Area Emisora: Puerto San Carlos\n Observacion: Buen dia Fer aca te envio un presupuesto para la calefacción de una de las Oficinas del Puerto... si podes verlas para que haga el pedido ... mas que nada para ver si la potencia se banca la  potencia ...la instalación; y quedo a la espera de los de la otra parate electrica.- Gracias \n\n\nSantiago \nInnovación Productiva \n 219387 - Radiador Eléctrico Energy Safe 2000W ES-SM20 B\nPotencia: 2000 W. Selector de Potencia. Cable Ignífugo. Protección por Sobrecalentamiento. Dimensiones. Alto: 50 cm.\nAncho: 72 cm. Profundidad: 10 cm.\n\n232518 - Radiador Eléctrico Energy Safe ESSM10A B\nPotencia: 1000 W. Selector de Potencia. Cable Ignífugo. Protección por Sobrecalentamiento. Timer. Dimensiones. Alto: 50 cm.\nAncho: 42 cm. Profundidad: 13 cm.\n\n\n\nTransf. Bancaria 1 5.298,00 5.298,00\nTotal 5.298,00\nOBSERVACIONES GENERALES\n\n\n Mensaje de farroyo: Alberto: esto es para que veamos como mejoramos la alimentación de Punto Pyme para lograr poner estós equpios que insumen untotal de 3000watt\n', '', NULL, NULL, '0000---------', NULL, NULL),
(453, '2017-07-07', '2017-07-12 13:34:53', 31, 150, 'Solicita: Alejandra Sandoval\n Area Emisora: Hotelitos 10 de diciembre\n Observacion: En el Dto 841-3 solicitan cambio de puerta corrediza del baño. coordinar con Nº2944502239.\n\n Mensaje de mllanquitur: 12-7-17 llame y no contestaron 10:00hs', '', NULL, NULL, '0554-SDSDYC17', NULL, NULL),
(454, '2017-07-07', '2017-07-11 14:24:16', 31, 162, 'Solicita: Alejandra Sandoval\n Area Emisora: Club de día Bº 2 de Abril\n Observacion: Solicitan pintar con antioxidop negro todas las rejas.', '', NULL, NULL, '0551-SDSDYC17', NULL, NULL),
(455, '2017-07-07', '2017-07-11 14:24:16', 31, 231, 'Solicita: Alejandra Sandoval\n Area Emisora: Club de día Bº 2 de abril \n Observacion: Solicitan alambrar todo el predio Telefono de Canrtacto 2944502239', '', NULL, NULL, '0551-SDSDYC17', NULL, NULL),
(456, '2017-07-07', '2017-07-12 13:31:28', 31, 144, 'Solicita: Alejandrqa Sandoval\n Area Emisora: Club de día Bº 2 de abril \n Observacion: Solicitan Verificación y arreglo del techo por goteras tel de Contacti 2944502239\n Mensaje de mllanquitur: 12-7-17 llame y no contestaron 10:00hs', '', NULL, NULL, '0551-SDSDYC17', NULL, NULL),
(457, '2017-07-07', '2017-07-14 13:06:18', 31, 216, 'Solicita: Alejandra Sandoval\n Area Emisora: Hotelitos 10 de Diciembre \n Observacion: Solcitan colocacón de dos reflectores con sensor de movimiento. tel de Contacto 2944502239.\n Mensaje de asambueza: para colocar refectores se necesitan los siguientes materiales.\n2 reflectores de led con sensor de movimiento 10 wats\n10 metros de cable tpr 3x1,5 mm\n1 cinta aisladora 3m  \n Mensaje de fmunch: 12/07/2017 9:38 enviado a presupuestar a pizutti\n Mensaje de fmunch: PRECIO TOTAL: $ 1.800', '', NULL, NULL, '0559-SDSDYC17', NULL, NULL),
(458, '2017-07-07', '2017-07-11 15:30:29', 31, 187, 'Solicita: Raul Ascencio\n Area Emisora: Gimnasio 2 \n Observacion: Solictan conectar agua a nuevo baño de discapacitados \n Mensaje de lsandoval: se compraron mal los materiales y se mandaron a cambiar ', '', NULL, NULL, '0000---------', NULL, NULL),
(459, '2017-07-07', '2017-07-11 14:24:16', 31, 161, 'Solicita: Alejandra Sandoval\n Area Emisora: CAAT 5 \n Observacion: Arreglo del Piso de Madera, cuntan con los materiales. Tal de Contacto 2944605384', '', NULL, NULL, '0558-SDSDYC17', '00---------', NULL),
(460, '2017-07-07', '2017-07-11 14:52:25', 31, 141, 'Solicita: Bartoreli, Roberto\n Area Emisora: Corralón\n Observacion: Solicita reparación o cambio de puerta de la gamela de Aravales a cargo de la cuadrilla de Saneo.\n Mensaje de fmunch: 1 puerta de chapa inyectada de 0.90 x 205 izquierda con manijas \nenviada a presupuestar CASA PALM  10/07/2017 10:20\n\n Mensaje de fmunch: COSTO TOTAL: $ 4.500', '', NULL, NULL, '0356-DSP-17', NULL, NULL),
(461, '2017-07-07', '2017-07-11 14:24:16', 31, 175, 'Solicita: Alejandro Cardenas\n Area Emisora: Recolección \n Observacion: Solcitan una mesa con base metálico de 0.80m x 1.80m con tapa de fibroplus crema', '', NULL, NULL, '0104-DRUD-17', NULL, NULL),
(462, '2017-07-07', '2017-07-11 14:24:16', 31, 155, 'Solicita: Alejandro Cardenas\n Area Emisora: Recolección \n Observacion: Solcitan una mesa con base metálico de 0.80m x 1.80m con tapa de fibroplus crema', '', NULL, NULL, '0104-DRUD-17', NULL, NULL),
(463, '2017-07-07', '2017-07-11 14:24:16', 31, 230, 'Solicita: Comiquil Hector\n Area Emisora: Servicios \n Observacion: Solcitan reparación de revoque donde antes estaba el Termotanque en la oficina de Dirección de Servicios', '', NULL, NULL, '0000---------', NULL, NULL),
(464, '2017-07-10', '2017-07-11 14:24:16', 27, 54, 'Solicita: Lucas Perez\n Area Emisora: Dpto Terminal de Omnibus\n Observacion: Solicitan pedido de movimientos del chofer Fabian Bernabey', '', NULL, NULL, NULL, NULL, NULL),
(465, '2017-07-10', '2017-07-11 14:24:16', 31, 235, 'Solicita: Alfedo Milano\n Area Emisora: Corralón\n Observacion: Solcitan adecuar pendiente de vereda y ejecutar canteros segun Proyecto en calle Gallardo del Corralón desde El estadio Municipal hasta la calle Rivadavia.', '', NULL, NULL, '0000---------', NULL, NULL),
(466, '2017-07-10', '2017-07-11 14:24:16', 31, 157, 'Solicita: Viviana\n Area Emisora: Amulen\n Observacion: Solcitan traer para reparar un sillón o (futón) de Chubut 45', '', NULL, NULL, '0000---------', NULL, NULL),
(467, '2017-07-10', '2017-07-11 14:24:16', 31, 231, 'Solicita: Alfredo Milano\n Area Emisora: Corralón\n Observacion: Solcitan reparar el cerco sobre calle Gallardo. ', '', NULL, NULL, '0000---------', NULL, NULL),
(468, '2017-07-10', '2017-07-11 14:24:16', 31, 168, 'Solicita: Alfredo Milano\n Area Emisora: Corralón\n Observacion: Solcitan reparar el cerco sobra calle Gallardo. hablar con Prado', '', NULL, NULL, '0000---------', NULL, NULL),
(469, '2017-07-10', '2017-07-11 14:24:16', 3, 104, 'Solicita: Alejandra Sanders\n Area Emisora: Direccion de Mantenimiento e Infraestructura\n Observacion: Buenos días:\n                      Por medio del presente, a fin de poder utilizar el nuevo PGM se solicita nueva clave para los siguientes usuarios:\n \nFernando Arroyo Leg Nº 686. \nPedidos  de Abastecimiento. \nPedidos de Suministros. \nProyectos de Resoluciones. \nResoluciones en General. \nFichadas de todo el personal de la Dirección de Mantenimiento. (Se adjunta Listado).-\nSanders Alejandra Leg Nº 11221. \nPedidos  de Abastecimiento. \nPedidos de Suministros. \nProyectos de Resoluciones. \nResoluciones en General. \nFichadas de todo el personal de la Dirección de Mantenimiento. \nElisabeth Mella  Leg Nº 11103. \nPedidos  de Abastecimiento. \nPedidos de Suministros. \nProyectos de Resoluciones. \nResoluciones en General. \nFichadas de todo el personal de la Dirección de Mantenimiento. \nPrado Osvaldo Leg Nº 352. \nPedidos  de Abastecimiento. \nPedidos de Suministros. \nProyectos de Resoluciones. \nResoluciones en General. \nFichadas de todo el personal de la Dirección de Mantenimiento. \nFabian Munch Leg Nº 11532. \nVer Pedidos  de Abastecimiento. \nVer Pedidos de Suministros. \nVer Proyectos de Resoluciones. \nVer Resoluciones en General. \nFichadas de propias y las de su personal a cargo Millahual Ceferino Leg Nº 365   \nAtte. Sanders Alejandra.\nAdministración Mantenimiento.\n', '', NULL, '469.ods', '0000---------', '00---------', NULL),
(470, '2017-07-10', '2017-07-11 14:24:16', 3, 132, 'Solicita: Cristian Paredes\n Area Emisora: Direccion de Contaduria\n Observacion: Matias\n \nNecesito que habiliten a la Direccion de Recursos Humanos para que puedan ver   Inicio /Contabilidad /Presupuesto / Estado de cuenta\n \nSaludos\n \nCristian', '', NULL, NULL, '0000---------', '00---------', NULL),
(471, '2017-07-10', '2017-07-11 14:24:16', 31, 154, 'Solicita: Patricia Parra.\n Area Emisora: Cdi Iglesias\n Observacion: 10/07/2017\n \nA: Dirección de mantenimiento\n \n   Por medio de presente solicitamos que puedan reparar 10 sillas para niños de madera, que se necesitan  para el  uso diario de las actividades.\n   A la espera de una pronta y positiva respuesta.\n \n        Saluda atte.,\nPatricia Parra.\nCoordinadora Pedagógica.\n \n ', '', NULL, NULL, '1707-100952', NULL, NULL),
(472, '2017-07-10', '2017-07-11 14:24:16', 31, 146, 'Solicita: Subsecretario de deportes\n Area Emisora: Casa del Deporte\n Observacion: Buen día, el presente es para solicitar la reparación de una ventana de la casa del deporte y la colocación de contramarcos en ventanales de la oficina del subsecretario de deportes.\n \nQuedo a la espera de una respuesta, desde ya muchas gracias.\n \nSaludos ', '', NULL, NULL, '1707-061219', NULL, NULL),
(473, '2017-07-10', '2017-07-11 14:24:16', 31, 212, 'Solicita: Daniela A. Ortiz\n Area Emisora: Moreno y Ruiz Moreno\n Observacion: Estimados\nSolicito por medio del presente el cambio de dos tubos de luz de unas de las oficina de la Dir. Recursos Humanos (Moreno 1089 2º Piso).\n\nDaniela A. Ortiz - administrativa en el Dpto de Selección y Desarrollo del Personal - Dir. Recursos Humanos\nInterno: 432\n', '', NULL, NULL, '1707-071007', NULL, NULL),
(474, '2017-07-10', '2017-07-11 14:24:16', 31, 209, 'Solicita: Daniela A. Ortiz\n Area Emisora: Moreno y Ruiz Moreno\n Observacion: Estimados\n requerimos el purgado de uno de los radiadores de esta oficina para lograr su normal funcionamiento.\nAtte.\nDaniela A. Ortiz - administrativa en el Dpto de Selección y Desarrollo del Personal - Dir. Recursos Humanos\nInterno: 432\n', '', NULL, NULL, '1707-071007', '00---------', NULL),
(475, '2017-07-10', '2017-07-11 14:24:16', 3, 238, 'Solicita: Marisa Ceballos\n Area Emisora: Secretaría de Obras y Servicios Públicos\n Observacion: Buen día Matias, \nsoy Marisa de la Secretaría de Obras Públicas, te escribo con relación a los que hablaste con mi compañera Karina por dos Pedidos de Abastecimiento que son los Nro. 3454 y 3457,\nque se cargaron el 06/07/2017 en la área Secretaría de Obras y Servicios Públicos y que no pasaron por la aprobación de la Secretaría, necesitamos por favor que se haga de ésta forma, que  aunque sea en la misma área tengamos una instancia de aprobación, como teníamos hasta ahora.\n \nmuchas gracias, quedo a tu disposición por cualquier consulta.\nsaludos.\n \nMarisa Ceballos', '', NULL, NULL, '0000---------', '00---------', NULL),
(476, '2017-07-10', '2017-07-11 14:24:16', 18, 109, 'Solicita: patricia\n Area Emisora: suministros\n Observacion: En reporte "COMPRAS-Pedidos compras - por nro. suministro basi" no muestra ped. de suministros aprobados en julio.\nMuestra fecha de abastecimiento y no de suministro', '', NULL, NULL, '0000---------', '00---------', NULL),
(477, '2017-07-10', '2017-07-11 14:24:16', 3, 238, 'Solicita: Gladys Quezada\n Area Emisora: Secretaría de Turismo y Produccion\n Observacion: Hola Gustavo, como te comente telefonicamente, necesitamos  poder autorizar pedidos realizados por la  Secretaria Municipal de Turismo y Produccion, tal como se hizo historicamente.\n \nNuestra secretaria, realiza un pedido y las dos directoras de esta secretaria autorizamos los mismos, para que siga su curso correspondiente.\n \nLas directoras somos: Gladys Quezada  y MArcela Giovaninni.- quienes autorizamos los pedidos.\n \nQuedo al aguardo de poder autorizar los pedidos 3533 - 3535 y 3536.- realizados en el dia de la fecha.\n \nTambien agradeceré me informen cualquier cambio que debamos tener en cuenta , con la renovacion del programa.\nMuchas gracias\n \n \n \n                   Gladys Quezada\n           a/c Direccion Fiscalizacion\n       Secretaria Municipal de Turismo\n         Tel 0294 154417767 - 4429896', '', NULL, NULL, '0000---------', '00---------', NULL),
(478, '2017-07-10', '2017-07-11 14:24:16', 3, 104, 'Solicita: Gabriela Anguita\n Area Emisora: Jefatur de Gabinete\n Observacion: Estimados solicito se me de autorización  para el uso del pgm nuevo,  para poder acceder a pedidos de abastecimiento ; mi nombre es Gabriela Anguita legajo 14855 , usuario ; eanguita  .Se solicita bajo conocimiento  de la jefa de área fabiana  Gonzalez .', '', NULL, NULL, '0000---------', '00---------', NULL),
(479, '2017-07-10', '2017-07-18 17:27:10', 3, 104, 'Solicita: No aclara\n Area Emisora: Sub Secretaria de Desarrollo Local\n Observacion: Buen dia:\nInformo que la agente la Agente Paola Cid- legajo 11184 desde el mes de Julio de 2017, no presta funciones como colaboradora directa del Sr. Jose Luis Zubizarreta - Subsecretario de Desarrollo Local ,por que solcito gestiones todos los permisos necesarios en el sistema PGM, a fin  general , dar continuidas, tratamiento y seguimiento, a todas las acciones que competen a la funciòn.\n\n\nLos permisos solicitados son para  los agentes que a continuaciòn detallo:\n\n\nRomina Abarzua - Usuario : rabarzua\n\nSusana Urrutia - Usuario : surrutia\n\n\nSe enviara nota formal, con la firma del Sr, Jose Luis Zubizarreta. subsecretario de Desarrollo Local,  con lo requerido.\n\n\nSaludos.\n\n\nDepartamento Administrativo -OE\n\n', '', NULL, NULL, '0000---------', '00---------', NULL),
(480, '2017-07-10', '2017-07-13 13:07:27', 18, 110, 'Solicita: patricia\n Area Emisora: compras\n Observacion:  En impresión pedido suministros imprime los articulos seguidos y no se entiende\n\n Mensaje de avarano: pedido a pgm', '', NULL, NULL, '0000---------', '00---------', NULL),
(481, '2017-07-11', '2017-07-13 18:16:13', 31, 202, 'Solicita: Cholila\n Area Emisora: terminal de ómnibus \n Observacion: Solicitan encendeer la caldera.', '', NULL, NULL, '0000---------', '00---------', NULL),
(482, '2017-07-11', '2017-07-12 18:21:07', 63, 202, 'Solicita: Eva\n Area Emisora: Personal Moreno y R. Moreno\n Observacion: Eva de Pesonal Moreno solicita ver gotera de techo, filtración de agua y humedad desde el techo a un mueble de la oficina. \n Mensaje de farroyo:  hay que ver tema de la bomba del sistema de calefacción para mejorar el sistema', '', NULL, NULL, '0000---------', '00---------', NULL),
(484, '2017-07-11', '2017-07-11 16:31:25', 63, 193, 'Solicita:  Margot  \n Area Emisora: Seguridad e Higiene \n Observacion: Llamado por baño tapado en oficina. ', '', NULL, NULL, '0000---------', NULL, NULL),
(485, '2017-07-11', '2017-07-12 15:11:20', 21, 109, 'Solicita: Fabiana Velazquez\n Area Emisora: Departamento de Sueldos\n Observacion: Nota 482-DS-2017 Agregar permiso a ciertos listados al Dpto de Personal y a RRHH.', '', NULL, NULL, NULL, '00---------', NULL),
(486, '2017-07-12', '2017-07-12 11:32:47', 18, 110, 'Solicita: Claudia\n Observacion: unificación proveedores', '', NULL, NULL, '0000---------', NULL, NULL),
(487, '2017-07-12', '2017-07-12 11:55:17', 18, 110, 'Solicita: Andrea\n Area Emisora: Departamento de Contribuciones\n Observacion: Necesita reprogramar plan 38787 cuotas 11 y 12 para 15/8 y 15/9. Lo hizo mal , juntó las dos en una cuota.', '', NULL, NULL, '0000---------', '00---------', NULL),
(488, '2017-07-12', '2017-07-12 13:11:00', 63, 197, 'Solicita: gladys \n Area Emisora: Sociales\n Observacion: Solicitud  prender calefactor oficina Sociales Dto. Administración.', '', NULL, NULL, '0000---------', NULL, NULL),
(489, '2017-07-12', '2017-07-12 14:27:11', 63, 141, 'Solicita: Irene \n Area Emisora: Defensoria del Pueblo\n Observacion: Solicitud de reparación cerradura puerta entrada ', '', NULL, NULL, '0000---------', NULL, 75),
(490, '2017-07-12', '2017-07-14 14:30:24', 31, 173, 'Solicita: Ampuero\n Area Emisora: Seguridad e Higiene\n Observacion: Solicitan un portón ciego de 1.20m de ancho(1.10m de ancho libre) x 1.50m de altura, que será utilizado como salida de emergencia hacia el Oeste del CDI sobre calle Taique\nDeberá tenerse en cuenta que se amurará a ambos lados en un muro de mamposteria. \n Mensaje de fmunch: T 490 cdi eluney eva perón “ejecución de una puerta de emergencia”\n\n1 perfil c 80 x 40 x 6ml \n2 caño estructural de 50 x 30 x 6ml \n1 caño estructural 15 x 10 x 6ml \n1 chapa lisa calibre 18 de 2ml x 1,20 \n1 chapa lisa calibre 20 de 2ml x 1,20 \n3 bisagras de 4” munición ala corta para soldar \n2 kg electrodos de 2,5 mm punta azul \n2 lts antioxido color verde \n50 tornillos auto perforantes punta mecha ,  t1 de 10mm \n4 discos de corte de 7”\nenviado a CASA PALM 14/7/2017 , 11:32hs\n', '', NULL, NULL, '0000---------', NULL, 70),
(491, '2017-07-12', '2017-07-12 14:43:20', 31, 221, 'Solicita: Fernando Arroyo\n Area Emisora: Direccion de Mantenimiento e Infraestructura\n Observacion: Con motivo de colocar en el sector un mueble ejecutado por el Taller de Carpintería de obra (OT3267), se solicta realizar el corrimiento de una caja con tomas ubicada en la pared donde se ubicará el mueble', '', NULL, NULL, '0000---------', NULL, 39),
(492, '2017-07-12', '2017-07-12 15:00:14', 31, 227, 'Solicita: Ampuero Cristian\n Area Emisora: Seguridad e Higiene\n Observacion: CDI "ELUNEY"  \nSe solicita amurar portón a ejecutar por ticket Nº490 de Herrería. Además se deberá ejecutar una rampa de Hormigón desde la vereda existente hasta el portón a instalar. Esta rampa tendrá un ancho de 1.20m y una longitud aproximada de 5.15m, salvará una altura de 30cm. Se deberá tener espcial cuidado en el umbral del portón a fin de evitar el ingreso de agua desde la calle hacia el patio del CDI', '', NULL, NULL, '0000---------', NULL, 70),
(493, '2017-07-12', '2017-07-12 15:05:03', 31, 187, 'Solicita: Compañero de servicios\n Area Emisora: Direccion de Mantenimiento e Infraestructura\n Observacion: CORRALÓN MUNIC – CuadrSolcita la instalación de una canilla en su gamella, ubicada al lado del deposito de Inspeccion Gral contiguo al taller de electricidad.', '', NULL, NULL, '0000---------', NULL, 31),
(494, '2017-07-12', '2017-07-12 15:14:57', 31, 171, 'Solicita: Viviana\n Area Emisora: Amulen\n Observacion: CASA AMULEN\nSolicitan soldar estructura para elevar cerco del frente, para luego ser amurada. Hablar con Rojel', '', NULL, NULL, '0000---------', NULL, 108),
(495, '2017-07-12', '2017-07-12 15:59:03', 31, 145, 'Solicita: Fonte ;jose\n Area Emisora: Recolección\n Observacion: Recoleccion solicta atornillar tapa superior de mueble donde se guardan elementos de trabajo', '', NULL, NULL, '0000---------', NULL, 28),
(496, '2017-07-12', '2017-07-12 16:13:18', 31, 212, 'Solicita: JAVIER MAYORDOMIA\n Area Emisora: TURISMO INFORMES\n Observacion: TURISMO INFORMES:\nSOLICITAN CAMBIAR TUBO BAÑO DE MUJERES', '', NULL, NULL, '0000---------', NULL, 77),
(497, '2017-07-12', '2017-07-12 16:16:19', 31, 178, 'Solicita: JAVIER DE MAYORDOMIA\n Area Emisora: TURISMO CENTRO CIVICO\n Observacion: TURISMO CENTRO CIVICO\nSOLICITN REPARAR SANITARIO DE BAÑO DE MUJERES', '', NULL, NULL, '0000---------', NULL, 77),
(498, '2017-07-12', '2017-07-12 16:25:27', 3, 110, 'Solicita: Cecilia Mendez\n Area Emisora: Departamento de Contribuciones\n Observacion:  \nAlicia\n \nBuen dia, solicito la caducacion del Plan de pagos Nº47664 a nombre de SCARELLA MARIA FLORENCIA y el Plan de pagos Nº47665 a nombre de PEDERNERA ALMANZA JUAN ESTEBAN, por un error involuntario.-\nErica no esta por lo tanto no podemos caducarlo nosotras.-\n \nAtte\nDpto.Contribuciones\n ', '', NULL, NULL, '0000---------', '00---------', NULL),
(499, '2017-07-12', '2017-07-12 16:53:54', 63, 195, 'Solicita: silvia enfermera \n Area Emisora: Medicina\n Observacion: llamado de Llanquitur de parte de Silvia de Medicina,  solicitando cambio de fuelle de inodoro.-', '', NULL, NULL, '0000---------', NULL, 39),
(500, '2017-07-12', '2017-07-18 17:26:47', 3, 106, 'Solicita: No especifica\n Area Emisora: Sub Secretaria de Desarrollo Local\n Observacion: Estimados compañeros de sistemas solicitamos por este medio generen permisos de autorización para realizar pedidos de abastecimientos en nuevo PGM para los siguientes usuarios del Dpto de emprendimientos Productivos – Subsecretaria de Desarrollo Local: \n \nlrojas / jivanisse / jvojeda\n \nPor otro lado solicitamos se nos autorice a poder realizar consulta sobre estado de ejecución de las cuentas, opción que ya teníamos en pgm de la anterior versión y no podemos realizar ahora. \n \nSaludos \n \nCordiales y por cualquier consulta comunicarse al 4400160 (Int 531) o al 154913300', '', NULL, NULL, '0000---------', '00---------', NULL),
(501, '2017-07-12', '2017-07-13 18:19:16', 31, 236, 'Solicita: Fernando Arroyo\n Area Emisora: Direccion de Mantenimiento e Infraestructura\n Observacion: Se solicitan 10 bolsas de Cemento para uso General\n Mensaje de farroyo: Se subió el pedido 3571/2017', '5000', NULL, NULL, '0000---------', '3571-PA/2017', 32),
(502, '2017-07-12', '2017-07-12 18:34:54', 31, 225, 'Solicita: Alberto Sambueza\n Area Emisora: Direccion de Mantenimiento e Infraestructura\n Observacion: Materiales varios para Electricidad PA 3580 $4500', '', NULL, NULL, '0000---------', NULL, 32),
(503, '2017-07-13', '2017-07-13 12:26:15', 18, 137, 'Solicita: Andrea\n Area Emisora: Departamento de Contribuciones\n Observacion: Al dar de baja el debito del padron 23350 (titular Malimon Maria) da error\n', '', NULL, NULL, '0000---------', '00---------', NULL),
(504, '2017-07-13', '2017-07-13 17:13:10', 21, 136, 'Solicita: Cristian Paredes\n Area Emisora: Direccion de Contaduria\n Observacion: Hola, el mes pasado se importó la Novedad 5000 de ganancias, que se\nencuentra definida como "Solo un periodo", pero al abrir el nuevo mes e\ninicializar, ésta no se borró, no la importó como Solo un periodo.\n\nSe me ocurre que la importación no está tomando el tipo de la novedad, y\nsino agregar una opción para importarlas con el tipo que uno elija.\n\nDesde ya muchas gracias.\n\nEstefanía\n\n Mensaje de eklein: Estefanía:\n\nEl importador de novedades actualmente no considera el código de inicio \nde novedades. Elaboré la solicitúd de requerimientos correspondiente, \nles informaremos cuando tengamos avances.\n\nSaludos.-\n\nIng. Fernando M. Gonzalez', '', NULL, NULL, NULL, NULL, NULL),
(505, '2017-07-13', '2017-07-13 13:12:21', 27, 131, 'Solicita: Raquelina\n Area Emisora: Tribunal de faltas II \n Observacion: Solicita la modificacion de 5 plantillas de documentos de webdoc', '', NULL, NULL, NULL, NULL, NULL),
(506, '2017-07-13', '2017-07-13 13:39:38', 18, 110, 'Solicita: Andrea\n Area Emisora: Departamento de Contribuciones\n Observacion: Se equivoco al reprogramar cuotas de talonario 39336.\nHay que reprogramar cuotas 9-10-11 y 12 por 97.76$ vencimiento desde 15/08', '', NULL, NULL, '0000---------', '00---------', NULL),
(507, '2017-07-13', '2017-07-14 12:56:11', 34, 209, 'Solicita: javier de mayordomia\n Area Emisora: legales\n Observacion: solicitan purgar radiadores y no tienen agua caliente baño.\n Mensaje de fmunch: centro cívico (instalación de agua caliente)\n\n- 2 caños de Ø25 termo fusión \n- 6 codos Ø25 ff \n- 1 llave de paso Ø25 termo fusión \n- 2 te de Ø25-Ø20-Ø25 \n- 2 codos Ø25 rosca hembra de 1/2”\n\nPRECIO TOTAL: $  1.200\n', '', NULL, NULL, '0000---------', NULL, 76),
(508, '2017-07-13', '2017-07-13 16:06:53', 3, 106, 'Solicita: Ariel Gomis\n Area Emisora: Secretaria de Hacienda\n Observacion: Ariel Gomis solicita asignarle permisos para consulta de Sueldos a Hora Barrera, legajo 024.\n Mensaje de mbenditti: Probando historiales\n', '', NULL, NULL, '0251-SH2017', '00---------', NULL),
(509, '2017-07-13', '2017-07-13 14:24:34', 3, 109, 'Solicita: Monica \n Area Emisora: Delegacion Catedral\n Observacion: Buen dia compañer@s quisiera saber si existe la posibilidad de encuandrar en REPORTES de EJECUCION el LISTADO DE INSTRUCTORES de esqui/snow\n HABILITADOS ( los intructores cuando se les cobra hay un item que dice "instructor" por si les sirve de ayuda no pasa lo mismo con las escuelas) y tambien de ESCUELAS DE ESQUI/SNOWBOARD por separado;\n Porfa sería de gran ayuda para mi, Gracias!!! Espero su  respuesta Mony', '', NULL, NULL, '0000---------', '00---------', NULL),
(510, '2017-07-13', '2017-07-13 16:32:08', 31, 141, 'Solicita: Bascourt\n Area Emisora: cementerio\n Observacion: corresponde a OT 3377:se solicita reparar puerta de sector duchas, bisagras rotas. Puertas de ambos baños igual situación. Llegaron materiales\n\n', '1000', NULL, NULL, '1704-241236', '0PA:-2746', 66),
(511, '2017-07-13', '2017-07-13 17:28:23', 31, 144, 'Solicita: Alfredo Milano\n Area Emisora: Secretaría de Obras y Servicios Públicos\n Observacion: Solicitan Limpieza de pluviales del techo del edificio y retiro de supuestas maderas sueltas sobre Mitre. revisar camaras pluviales sobre calle Villegas', '', NULL, NULL, '0000---------', NULL, 160),
(512, '2017-07-13', '2017-07-13 17:36:14', 34, 175, 'Solicita: Alfredo Milano\n Area Emisora: Secretaría de Obras y Servicios Públicos\n Observacion: solicita reparacion de chimenea.', '', NULL, NULL, '0000---------', NULL, 160),
(513, '2017-07-13', '2017-07-13 17:54:11', 21, 49, 'Solicita: Claudia Inalaf\n Area Emisora: Departamento de Sueldos\n Observacion: El legajo 14400 tuvo un descuento el mes de Junio en la novedad 1115 con respecto al mes de Mayo, desde sueldos \nno modificaron esa novedad. Julio está saliendo con el descuento también.\n', '', NULL, NULL, NULL, NULL, NULL),
(514, '2017-07-14', '2017-07-14 11:18:33', 31, 234, 'Solicita: Fernando Arroyo\n Area Emisora: Direccion de Mantenimiento e Infraestructura\n Observacion: Se solicita revocar pared del fondo (SUR) del taller desde el Portón hacia el Este, sector donde se instalará elevador de vehículos. Además será necesario amurar la estructura del elevador. Consultar con Osvaldo Prado.', '', NULL, NULL, '0000---------', NULL, 34),
(515, '2017-07-14', '2017-07-14 11:55:58', 63, 202, 'Solicita: Choli \n Area Emisora: Dpto Terminal de Omnibus\n Observacion: Choli  señor mayordomía avisa se apagó caldera de la Terminal de Ómnibus.\n  ', '', NULL, NULL, '0000---------', NULL, 3),
(516, '2017-07-14', '2017-07-14 12:12:36', 31, 202, 'Solicita: Marcelo Fuentes\n Area Emisora: Concejo Muncipal\n Observacion: Solcita encender la caldera de Turismo PB.', '', NULL, NULL, '0000---------', NULL, 77),
(517, '2017-07-14', '2017-07-14 12:52:20', 31, 199, 'Solicita: Carlos Sanchez y Puente\n Area Emisora: Sociales CAAT 4\n Observacion: Solicitan reparar calefactores\n\n\n Mensaje de fmunch: centro comunitario CAAT 4 (club comunitario)\n\n2 varillas para comando de calefactor EMEG 5000 kal \n3 magiclic mecánico para calefactor EMGE 5000 kal l patagonica \n3 varillas roscadas de 6mm \n12 tuercas de 6 mm \n12 arandelas de 6mm\n\nPRECIO TOTAL:$ 9.300\n \n', '', NULL, NULL, '0391-SY-17', NULL, 63),
(518, '2017-07-14', '2017-07-14 13:19:05', 31, 197, ' Mensaje de farroyo: Solictan encender calefactores del SUM CIC 34 HAs', '', NULL, NULL, '0000---------', NULL, 131),
(519, '2017-07-14', '2017-07-14 12:45:24', 31, 178, 'Solicita: Magui\n Area Emisora: Personal\n Observacion: Solciota reparar canilla que pierde mucho.', '', NULL, NULL, '0000---------', NULL, 39),
(520, '2017-07-14', '2017-07-18 12:45:35', 31, 212, 'Solicita: Gladys Pineda\n Area Emisora: Caminera\n Observacion: Solcita camiar tubos de cocina y baño. (20Wats)\n Mensaje de asanders: 18/07/17 reiteración del pedido de tubos. \nLeandro  ya llevo 2 tubos de 20 wats. ', '', NULL, NULL, '0000---------', NULL, 1),
(521, '2017-07-14', '2017-07-14 15:57:45', 31, 224, 'Solicita: Valenzuela\n Area Emisora: Delegación Sur\n Observacion: Están sin luz en Delegación y sociales\n Mensaje de farroyo: Se avisó a Electromecánica para que llamen a la CEB porque faltaban dos fases', '', NULL, NULL, '0000---------', NULL, 113),
(522, '2017-07-14', '2017-07-14 13:08:20', 31, 217, 'Solicita: Javier \n Area Emisora: Mayordomia\n Observacion: Se solicita ver por corto en oficina de mayordomia, la termica no sube', '', NULL, NULL, '0000---------', NULL, 74),
(523, '2017-07-14', '2017-07-14 13:26:02', 31, 221, 'Solicita: Santiago Fuentes\n Area Emisora: subsecretario de innovación productiva \n Observacion: Corresponde a OT:3373\n\nsolicitan adecuar iluminación, oficina subsecretario de innovación productiva. Llegaron Materiales\n\n Mensaje de farroyo: Los materiales están en Juramento 102 Fab LAb. Santiago Fuentes 2944601823', '', NULL, NULL, '1704 -201125', NULL, 85),
(524, '2017-07-17', '2017-07-17 11:36:55', 63, 150, 'Solicita: Sarita\n Area Emisora: CENTRO KUMEN RUKA\n Observacion: Sarita Manquin,  solicita sacar nieve de techo y entrada del Centro. ', '', NULL, NULL, '0000---------', NULL, 56),
(525, '2017-07-17', '2017-07-17 11:46:45', 63, 150, 'Solicita: Ingrid\n Area Emisora: CORRALÓN MUNIC – Sociales\n Observacion: Solicita: Ingrid\nArea Emisora: Sociales\nObservaciones: solicita sacar nieve de veredas  y entrada oficinas calle Rivadavia.. ', '', NULL, NULL, '0000---------', NULL, 26),
(526, '2017-07-17', '2017-07-18 14:51:20', 63, 181, 'Solicita: Bety \n Area Emisora: Direccion de Sistemas\n Observacion: Gotera en escritorio de Baty  aparentemente hay un tanque de agua.\n Mensaje de asanders: Se aclara que la gotera es en oficina de Bety de Sistemas  ( Hacienda), ademas aclata que hay un tanque de reserva en techo  ', '', NULL, NULL, '0000---------', '00---------', NULL),
(527, '2017-07-17', '2017-07-18 16:13:53', 63, 211, 'Solicita: Bety\n Area Emisora: Direccion de Sistemas\n Observacion:  Beti \nOficina Sistemas Térmica de sala de servidores no funciona y el aire acondicionado tampoco.\n Mensaje de asanders: se resolvió Leandro  con materiales de sistemas', '', NULL, NULL, '0000---------', NULL, 72),
(528, '2017-07-17', '2017-07-17 12:19:56', 63, 202, 'Solicita: Bety y Miiriam\n Area Emisora: CDI "PEQUEÑOS CORAZONES"\n Observacion: Viernes 14/07/2017 solicitud prender caldera  y reiteración lunes 17/07/2017 prender caldera Jardín. ', '', NULL, NULL, '0000---------', NULL, 125),
(529, '2017-07-17', '2017-07-21 13:27:29', 63, 197, 'Solicita: Terminal\n Area Emisora: Dpto Terminal de Omnibus\n Observacion: Camuzzi retiró regulador de gas en Edi. Terminal \n Mensaje de asanders: Se generó pedido Nº 3698 1 Rosca con tuerca de 1 ½ x 2” Epoxi.\n3 codos HH de 2”,  Epoxi.\n3 Codos MH de 2”,  Epoxi.\n2 Rosca con tuercas de 2”,  Epoxi.\n4 Cuplas de 2 ½”  Epoxi.\n2 Codos HH de 2 ½”  Epoxi.\n2 Codos MH de  2 ½”  Epoxi\n1 Buje de 2 ½” a 2”  Epoxi.\n2 Bridas para conexión de gas de 2”.  Epoxi.\n1 Llave de paso para gas de 1 ½”.\n3 Roscas con tuercas de 2 ½” . Epoxi.\n1 Niple de 2 ½” x 20 cm.\n250 Cc de pintura Epoxi 2 componentes.\n250 Gr de litargirio.\n150 Cc de glicerina.\n5 Metros de caño de chapa de 8”.\n2 Codos de chapa de 8 “.\n1 “Fastix” de 340 cc de alta temperatura  para pistola.\n2 Metros de caño de chapa de  3”. \n4 Rejillas de 200 cm2, aprobadas.  \n\nDESTINO: Reparación sistema de calefacción Terminal de Ómnibus. \n               \nPEDIDO Nº:   3698     COSTO:$ 9000\nFECHA: 18/07/2017.\nDe construcción y Para instalaciones.\nCONSUMO : Nº 105.11.129.00.09\nOBRAS PÚBLICAS RECURSOS PROPIOS.\n Mensaje de asanders: 6 Tiras de caño de  Ø 2½”  x 6,40 mts  epoxi.\n9 Codos  HH de Ø 2 ½”  epoxi.\n2 Codos  MH de Ø 2 ½” epoxi.\n1 Tee de Ø de 2 ½” x 1”. epoxi.\n1 Tee de Ø de 1”  epoxi.\n3 Metros de caño de Ø 1”epoxi.\n3 Codos  HH de Ø 1”  epoxi.\n4 Codos  hH de Ø ¾ ” epoxi\n2 Bujes de Ø 1” x ¾”  epoxi.\n1 Bujes de Ø 2 ½” x 2 ”  epoxi.\n2 Llaves de paso para gas Ø ¾”\n2  Kg. de litargirio.\n1 Litro de glicerina.\n2 Rollos de polygur de 10 mts de largo por 5 cm de ancho,\n3 Rollos de teflon profesional\n100 Tornillos 20-55.\n100 Tarugos  plásticos de 8mm.\n4 Rollos de cinta  perforada metálica ..\n2 Litros de pintura epoxi 2 componentes.\nDESTINO:  Conexión de gas caldera Terminal de Ómnibus.\n\nPEDIDO Nº: 3756    COSTO:$ .70000\nFECHA: 18/07/2017.\nDe construcción y Para instalaciones.\nCONSUMO : Nº 105.11.129.00.09\nOBRAS PÚBLICAS RECURSOS PROPIOS.\n\n\n*************************************************************************************\n1 Termotanque de 8000 khs gas natural.\n1 Llave de paso para gas de Ø 2 ½. \n5 Pinceles de 2 cm de ancho, \nDESTINO:  Conexión de gas caldera Terminal de Ómnibus.\nPEDIDO Nº:  3757     COSTO:$ .16000\nFECHA: 20/07/2017.\nDe construcción y Para instalaciones.\nCONSUMO : Nº 105.11.129.00.09\nOBRAS PÚBLICAS RECURSOS PROPIOS.\n*********************************************************************************', '9000', NULL, NULL, '0000---------', NULL, 2),
(530, '2017-07-17', '2017-07-17 12:58:35', 63, 179, 'Solicita: Baños quimicos \n Area Emisora: Baños Químicos\n Observacion: Cañerias de agua congeladas y baños tapados avisó.  Prado.', '', NULL, NULL, '0000---------', NULL, 14),
(531, '2017-07-17', '2017-07-18 12:19:22', 63, 224, 'Solicita: Bascur\n Area Emisora: CEMENTERIO- ADMINIST.\n Observacion: llamado de Comiquil a prado informando que no hay luz en el Cementerio Municipal.\n Mensaje de asambueza: para el cementerio se solisita un pilar mono facico aereo nuevo\n Mensaje de asanders: Se generó  Pedido Nº:   3682, costo $ 7500. 18-07-2017', '7500', NULL, NULL, '0000---------', NULL, 65),
(532, '2017-07-17', '2017-07-17 13:05:07', 63, 196, 'Solicita: Sandra Blazquis \n Area Emisora: CDI DR IGLESIAS\n Observacion: desagote de cocina tapado.', '', NULL, NULL, '0000---------', NULL, 57),
(533, '2017-07-17', '2017-07-17 14:07:49', 63, 186, 'Solicita: Adolfo Mayordomía\n Area Emisora: Patio de Suministros \n Observacion: Llamó Adolfo de Mayordomía, canilla rota del patio de Suministros.  ', '', NULL, NULL, '0000---------', NULL, 72),
(534, '2017-07-17', '2017-07-18 16:11:21', 63, 225, 'Solicita: suministros \n Area Emisora: siEDIF. MITRE 545 SUMINISTROS\n Observacion: le avisaron a Prado  que hay un cable colgando en depósito de Suministros \n Mensaje de asanders: lo resolverá  Mayordomía porque los cables son de las cámaras de seguridad.', '', NULL, NULL, '0000---------', NULL, 73),
(535, '2017-07-17', '2017-07-17 17:11:09', 18, 110, 'Solicita: Roxana\n Area Emisora: Fiscalizacion\n Observacion: En Listado/notificación deuda que no salgan los que no están con la marca imprime en datos municipales del padron.\n Mensaje de avarano: solicitado a Pgm', '', NULL, NULL, '0000-95', NULL, NULL),
(536, '2017-07-18', '2017-07-18 12:23:09', 63, 209, 'Solicita: Juan\n Area Emisora: CORRALÓN MUNIC – Sociales\n Observacion: Edificio Sociales sin agua porque se bajo llave de paso por rotura en conexión de agua de toma camión aguatero.  \n Mensaje de asanders: Se generó Pedido Nº 3686 18/07/2017', '1000', NULL, NULL, '0000---------', NULL, 26),
(537, '2017-07-18', '2017-07-18 12:32:16', 63, 188, 'Solicita: Nilda Pacheco\n Area Emisora: EDIF. 24 DE SETIMBRE\n Observacion: Sifon de cocina pierde agua aparentemente está roto.', '', NULL, NULL, '0000---------', NULL, 163),
(538, '2017-07-18', '2017-07-18 12:52:32', 63, 209, 'Solicita: Cintia \n Area Emisora: EDIF. MITRE 535- TRIBUNAL FALTAS 1\n Observacion: Cintia avisa que caldera hace ruidos tipo explosión desde ayer , ruido no es habitual.  ', '', NULL, NULL, '0000---------', NULL, 71),
(539, '2017-07-18', '2017-07-18 13:27:55', 63, 216, 'Solicita: Patricia \n Area Emisora: CDI DR IGLESIAS\n Observacion:  \nA: Dirección de mantenimiento.\n \n  Por medio de la presente solicitamos que se puedan acercar lo antes posible para revisar una perdida de agua que tenemos en uno de los baños de los niño/as. \n \n   Por otra parte, necesitamos que un electricista puedan añadir  dos puntos ( enchufes) en dos  salas.\nSaluda atte.\nPatricia Parra.', '', NULL, NULL, '0000---------', NULL, 57),
(540, '2017-07-18', '2017-07-18 13:29:01', 63, 177, 'Solicita: patricia\n Area Emisora: CDI DR IGLESIAS\n Observacion:  \nA: Dirección de mantenimiento.\n \n  Por medio de la presente solicitamos que se puedan acercar lo antes posible para revisar una perdida de agua que tenemos en uno de los baños de los niño/as. \n \n   Por otra parte, necesitamos que un electricista puedan añadir  dos puntos ( enchufes) en dos  salas.\nSaluda atte.\nPatricia Parra.', '', NULL, NULL, '0000---------', NULL, 57),
(543, '2017-07-18', '2017-07-18 17:17:01', 23, 90, 'Solicita: direccion de promocion social\n Observacion: problemas con antivirus', '', NULL, NULL, '0573-2017', NULL, NULL),
(544, '2017-07-19', '2017-07-19 11:44:18', 18, 139, 'Solicita: Marta\n Area Emisora: Departamento de Contribuciones\n Observacion: Necesita más dedos enrolados.....', '', NULL, NULL, '0000---------', '00---------', NULL),
(545, '2017-07-19', '2017-07-19 12:08:36', 63, 200, 'Solicita: Flavia\n Area Emisora: EDIF TRANSITO Y TRANSPORTE\n Observacion: Flavia solicita limpieza de calefactor de la sala de inspectores carnet de conducir .', '', NULL, NULL, '0000---------', NULL, 7),
(546, '2017-07-19', '2017-07-19 12:33:11', 63, 225, 'Solicita: alfredo Fuentes \n Area Emisora: CENTRO CÏVICO – INTENDENCIA\n Observacion: Alfredo Fuentes de Mayordomía:\n                                               Avisa que el tubo que cambiaron hace  poco anda, pero aparentemente se sueltan las patitas y no hace contacto.\n pasillo del 2do. piso Palacio Municipal', '', NULL, NULL, '0000---------', NULL, 76),
(547, '2017-07-19', '2017-07-19 12:57:50', 24, 94, 'Solicita: veronica \n Area Emisora: Delegacion Catedral\n Observacion: La pc catedral 4 no imprime y tampoco recibe mails.-', '', NULL, NULL, NULL, NULL, NULL),
(548, '2017-07-19', '2017-07-19 13:23:45', 63, 150, 'Solicita: Parques\n Area Emisora: Parques y Jardines\n Observacion: Buen día, por medio de la presente se solicita tenga a bien realizar el relevamiento de la gamela de la Terminal correspondiente a nuestra Dirección para la colocación del cielo raso.\n \nDesde ya muchas gracias.\n \nAtte: Administración de Parques y Jardines.', '', NULL, NULL, '0000---------', NULL, NULL),
(549, '2017-07-19', '2017-07-20 11:59:02', 63, 186, 'Solicita: Adolfo Mayordomía\n Area Emisora: MORENO Y RUIZ MORENO\n Observacion:  Adolfo de Mayordomía:  Canilla de agua caliente pierde, pileta baño  \nSe aclara que son 2 baños que pierden agua PB y 1er, piso. Hablar con la señora Mercedes. \n Mensaje de asanders: Aclara personal de Sueldos que la perdida es en la cocina ', '', NULL, NULL, '0000---------', NULL, 39),
(550, '2017-07-19', '2017-07-19 14:20:30', 63, 225, 'Solicita: Enrique\n Area Emisora: CORRALÓN MUNIC – Servicios\n Observacion: Se aclara que es la Oficina de Obras Públicas sr. Milano, cable colgando en la entrada. ', '', NULL, NULL, '0000---------', NULL, 28),
(551, '2017-07-19', '2017-07-19 14:22:52', 23, 59, 'Solicita: jose luis zubizarreta\n Area Emisora: Sub Secretaria de Desarrollo Local\n Observacion: solicitud de cambio de cuenta de correo', '', NULL, NULL, '0186-2017', NULL, 39),
(552, '2017-07-19', '2017-07-21 14:22:57', 24, 90, 'Solicita: instalacion PGM Nuevo para cargar ped.abasteciminto\n Area Emisora: despacho de gobieno\n Mensaje de dalvarez: se actualizo pc\ndespacho2 100.158 / 100.13  winxp 2gb despachogob2mscb@bariloche.gov.ar\ndespacho1 100.137 / 100.13 winxp 2gb despachogobmscb@bariloche.gov.ar\ndespa-prn 100.157 / 100.13 winxp 384MB \nquedo sin actualizacion\ndespacho3 100.133 / 100.13 winxp 512MB (levanta usuarios temp como administrador) despachogob3mscb@bariloche.gov.ar', '', NULL, NULL, NULL, NULL, NULL),
(553, '2017-07-19', '2017-07-20 12:07:20', 63, 150, 'Solicita: CASA AMULEN\n Observacion: Por medio de la presente se solicita con URGENCIA los arreglos  a realizarse en Casa AMULEN, que en su gran mayoría responden al tema Seguridad y todo lo que se necesita para dichos arreglos están comprados.....frente a diferentes situaciones ocurridas en los últimos días, es necesario realizar con la mayor celeridad posible el cerramiento  de un pasadillo en donde hay que soldar y también subir y asegurar un cerco de malla de alambre que separa a la casa de la vereda.........\n \nMuchas gracias!!!\n \nPatricia Fernandez', '', NULL, NULL, '1707-1411199', NULL, 108),
(554, '2017-07-19', '2017-07-19 15:39:09', 24, 93, 'Solicita: flavia\n Area Emisora: transito\n Observacion: dice que en el area de señalizacion no tiene red', '', NULL, NULL, '0000---------', NULL, 7),
(555, '2017-07-19', '2017-07-19 16:45:25', 24, 137, 'Solicita: maria jose\n Observacion: El banco Santander en pagos mis cuentas no le recpciona el pago le pide mas numeros', '', NULL, NULL, '0000---------', NULL, 140),
(556, '2017-07-19', '2017-07-19 15:47:07', 24, 90, 'Solicita: gabriela\n Observacion: Reinicio la Pc y no aparece ningun icono', '', NULL, NULL, '0000---------', NULL, 71),
(557, '2017-07-19', '2017-07-19 16:53:11', 24, 91, 'Solicita: julian\n Area Emisora: Sub Secretaria de Medio Ambiente\n Observacion: trajo teclado en mano no funciona no tiene patrimonio', '', NULL, NULL, '0000---------', '00---------', NULL),
(558, '2017-07-19', '2017-07-19 16:50:56', 23, 54, 'Solicita: perez lucas\n Area Emisora: Dpto Terminal de Omnibus\n Observacion: les solicito envíen movimientos del mes de abril 2017 a la fecha de ingreso y egreso de micros de línea y chárter\n desde ya muchas gracias', '', NULL, NULL, '0000---------', NULL, NULL),
(559, '2017-07-19', '2017-07-19 16:54:31', 24, 239, 'Solicita: dora martinez\n Area Emisora: direc.Instituciones\n Observacion: reclamo sobre la linea 4429360 inter 547 sin tono. realize lo pedido a telefonica nº 24947719', '', NULL, NULL, '0000---------', '00---------', NULL),
(560, '2017-07-19', '2017-07-19 16:59:10', 23, 238, NULL, '', NULL, NULL, '0000---------', '00---------', NULL),
(561, '2017-07-19', '2017-07-19 17:02:05', 23, 102, 'Solicita: medio\n Area Emisora: Sub Secretaria de Medio Ambiente\n Observacion: compra de impresora multifuncion', '', NULL, NULL, '0000---------', '00---------', NULL),
(562, '2017-07-19', '2017-07-19 17:00:19', 21, 132, 'Solicita: Fabiana Velazquez\n Area Emisora: Departamento de Sueldos\n Observacion: Se solicita autorizar a Dpto. de Personal y RRHH a ejecutar ciertos listados de Sueldos.', '', NULL, NULL, '0482-DS', '00---------', NULL),
(563, '2017-07-19', '2017-07-19 17:01:40', 23, 238, 'Solicita: cecilia\n Area Emisora: tributario\n Observacion: compra de impresora', '', NULL, NULL, '0000---------', '00---------', NULL),
(564, '2017-07-19', '2017-07-19 17:02:04', 21, 134, 'Solicita: Estefania Klein\n Area Emisora: Direccion de Sistemas\n Observacion: La alta/modificación de Animal no persiste datos de equinos ni vacunas de equinos y felinos.\n', '', NULL, NULL, '0000---------', '00---------', NULL);
INSERT INTO `tickets` (`id_ticket`, `fecha`, `hora`, `creador`, `servicio`, `observacion`, `patrimonio`, `tiempoResolucion`, `adjunto`, `nota_entrada`, `nota_salida`, `fkEdificio`) VALUES
(565, '2017-07-19', '2017-07-19 17:06:35', 21, 134, 'Solicita: Estefania Klein\n Area Emisora: Direccion de Sistemas\n Observacion: Cuando guardo cambios en el animal, me agrega una imagen en blanco.', '', NULL, NULL, '0000---------', NULL, NULL),
(566, '2017-07-19', '2017-07-19 17:50:47', 21, 136, 'Solicita: Patricia Sueldos\n Area Emisora: Departamento de Sueldos\n Observacion: Envié mail a PGM:\nHola, estamos teneiendo un error cuando liquidamos las hroas extra, a\npartir del mes pasado se liquidan a parte del periodo. El mes pasado salió\ntodo correctamente. Les envío 2 legajos de ejemplo: 14591 y 14791.\nAdjunto error.\nLos datos en la novedad individual están bien cargados y las fórmulas no\nse tocaron.\n\nSaludos\nEstefanía', '', NULL, '566.jpg', '0000---------', NULL, NULL),
(567, '2017-07-20', '2017-07-20 11:34:27', 24, 90, 'Solicita: Alicia Fernandez\n Area Emisora: cultura', '', NULL, NULL, '0000---------', NULL, NULL),
(568, '2017-07-20', '2017-07-20 12:03:46', 63, 179, 'Solicita: aúl Soto\n Area Emisora: EDIF. MITRE 545 – HACIENDA\n Observacion: Sin agua en baño y cocina  de oficinas de Compras y Suministros.', '', NULL, NULL, '0000---------', NULL, 72),
(569, '2017-07-20', '2017-07-20 12:25:35', 63, 155, 'Solicita: Nora \n Area Emisora: DELEG. L. MORENO\n Observacion: Se adjunta nota de Del. Lago Moreno', '', NULL, '569.pdf', '0256-DLM-17', NULL, 145),
(570, '2017-07-20', '2017-07-20 12:31:42', 63, 150, 'Solicita: Ale Sandoval\n Area Emisora: CORRALÓN MUNIC – Sociales\n Observacion: Se adjunta nota de sociales', '', NULL, '570.pdf', '0571-DSDSYCCD', NULL, 26),
(571, '2017-07-20', '2017-07-20 12:43:41', 23, 110, 'Solicita: ines\n Observacion: padron de proveedores duplicados en PGM nuevo', '', NULL, NULL, '0607-DGC-17', NULL, 72),
(572, '2017-07-20', '2017-07-20 12:42:23', 63, 199, 'Solicita: Ale Sandoval\n Area Emisora: CORRALÓN MUNIC – Sociales\n Observacion: Se adjunta nota Cenrtro Comunictario Alborada.', '', NULL, '572.pdf', '0572-SDSDYCCD', NULL, 26),
(573, '2017-07-20', '2017-07-20 13:47:45', 24, 110, 'Solicita: santiago\n Area Emisora: renovacion productiva\n Observacion: derivado al interno 140/145', '', NULL, NULL, '0000---------', NULL, NULL),
(574, '2017-07-20', '2017-07-20 13:50:38', 63, 169, 'Solicita: Ale Sandoval\n Area Emisora: CORRALÓN MUNIC – Sociales\n Observacion: Se aclara que está para retiro la puerta en Hiper Tehuelche. ', '', NULL, '574.pdf', '0557-SDSDYC D', NULL, 26),
(575, '2017-07-20', '2017-07-20 15:26:21', 24, 90, 'Solicita: ana giron\n Area Emisora: sec.cultura\n Observacion: ademas hizo reclamo de la linea telefonica del interno 115 (4436862) se hizo reclamo a telefonica dijeron que no es la linea es el apato  ', '', NULL, NULL, '0000---------', NULL, NULL),
(576, '2017-07-20', '2017-07-20 16:00:00', 24, 103, 'Solicita: romina\n Area Emisora: tansito y tte.\n Observacion: no funciona internet esta todo caido no se debe nada a telecom problemas en la red.-', '', NULL, NULL, '0000---------', NULL, NULL),
(578, '2017-07-20', '2017-07-20 18:01:45', 18, 109, 'Solicita: pato\n Area Emisora: suministros\n Observacion: listado de pedidos de abastecimiento para aprobar por hacienda. ver en el pgm anterior', '', NULL, NULL, '0000---------', NULL, NULL),
(579, '2017-07-21', '2017-07-21 12:56:10', 24, 93, 'Solicita: karina\n Area Emisora: delegacion El Condor( arg.trabaja', '', NULL, NULL, '0000---------', NULL, NULL),
(580, '2017-07-21', '2017-07-21 13:29:41', 24, 93, 'Solicita: yolanda\n Area Emisora: Jefatura de Gabinete\n Observacion: noteboock', '', NULL, NULL, '0000---------', NULL, NULL),
(581, '2017-07-21', '2017-07-21 13:46:19', 28, 238, 'Solicita: Fabiana Gonzalez\n Area Emisora: Jefatura de Gabinete\n Observacion: Se genera un error al querer aprobar ciertos pedidos de abastecimiento. Se notifico a PGM cordoba. Se adjunta imagen de error', '', NULL, '581.jpg', '0000---------', NULL, NULL),
(582, '2017-07-21', '2017-07-21 13:58:13', 24, 90, 'Solicita: espinoza maria\n Area Emisora: Sub Secretaria de Desarrollo Local\n Observacion: es una notebook y pen drive perteneciente al CAAT nº 7', '', NULL, NULL, '0592-SDSDYDAc', NULL, 122),
(583, '2017-07-21', '2017-07-21 14:25:14', 24, 239, 'Solicita: eduardo tomatis\n Area Emisora: Direccion de Sistemas\n Observacion: solicita la instalacion del TICKETNEITOR  Y CURSO DE USO Y MANEJO DEL MISMO', '', NULL, NULL, '0000---------', NULL, NULL),
(584, '2017-07-21', '2017-07-21 14:51:30', 63, 209, 'Solicita: Graciela Gaitan\n Area Emisora: MORENO Y RUIZ MORENO\n Observacion: Olor feo  a baño ', '', NULL, NULL, '0000---------', NULL, 39),
(585, '2017-07-21', '2017-07-21 15:00:30', 63, 178, 'Solicita: Cultura \n Area Emisora: CENTRO CIVICO – CULTURA\n Observacion: Avisan a Eléctricos que hay pérdida de agua  en baño  de Sala Frey ', '', NULL, NULL, '0000---------', NULL, 78),
(586, '2017-07-21', '2017-07-21 15:01:57', 63, 213, 'Solicita: CENTRO CIVICO – CULTURA\n Area Emisora: CENTRO CIVICO – CULTURA\n Observacion: Avisan a eléctricos que no hay luz en Sala Frey.', '', NULL, NULL, '0000---------', NULL, 78);

-- --------------------------------------------------------

--
-- Estructura de tabla para la tabla `usuarios`
--

CREATE TABLE `usuarios` (
  `id_usuario` int(11) NOT NULL,
  `nombre_usuario` varchar(15) COLLATE utf8_spanish2_ci NOT NULL,
  `contrasenia` varchar(36) COLLATE utf8_spanish2_ci DEFAULT NULL,
  `fk_empleado` int(11) NOT NULL,
  `activo` tinyint(1) NOT NULL,
  `fk_rol` int(11) NOT NULL,
  `id_extreme` varchar(180) COLLATE utf8_spanish2_ci DEFAULT NULL
) ENGINE=InnoDB DEFAULT CHARSET=utf8 COLLATE=utf8_spanish2_ci;

--
-- Volcado de datos para la tabla `usuarios`
--

INSERT INTO `usuarios` (`id_usuario`, `nombre_usuario`, `contrasenia`, `fk_empleado`, `activo`, `fk_rol`, `id_extreme`) VALUES
(3, 'mbenditti', '090c36e3bb39377468363197afb3e91b', 1, 1, 3, NULL),
(15, 'ekayser', '6b5b0dd03c9c85725032ce5f3a0918ae', 1637, 1, 2, NULL),
(16, 'gdinardo', '4c96f8324e3ba54a99e78249b95daa30', 146, 1, 2, NULL),
(17, 'gcastro', '4c96f8324e3ba54a99e78249b95daa30', 2023, 1, 3, NULL),
(18, 'avarano', 'e94ef563867e9c9df3fcc999bdb045f5', 113, 1, 3, NULL),
(19, 'etomatis', '6d6354ece40846bf7fca65dfabd5d9d4', 1177, 1, 2, NULL),
(21, 'eklein', '7c69119c6c5c72543c78885901a513c0', 2851, 1, 3, NULL),
(22, 'hacuña', '3ab9071536d62f29aa8b3fd39141f6ad', 199, 1, 3, NULL),
(23, 'bmarin', 'e4f7614a887a8cc07a2eea93a1e31122', 983, 1, 2, NULL),
(24, 'gibanez', '05fe03b494c0f1a7d6cb49f0bf3fd70d', 395, 1, 2, NULL),
(25, 'dalvarez', 'aa47f8215c6f30a0dcdb2a36a9f4168e', 2555, 1, 2, NULL),
(27, 'bovando', 'e3928a3bc4be46516aa33a79bbdfdb08', 2852, 1, 3, NULL),
(28, 'administrador', '6f8725703f6dcc6bf2a329d2fe77fb39', 1, 1, 1, NULL),
(29, 'clorusso', '2b9ff3efc4a999ecfacd18c4bbc57a2e', 2853, 1, 2, NULL),
(30, 'jcramos', 'a94652aa97c7211ba8954dd15a3cf838', 1685, 1, 4, NULL),
(31, 'farroyo', '9de2dc4967b054f52ff994b4f42f27a6', 2854, 1, 4, NULL),
(33, 'fmunch', '2472ee727ed8de9a818fc657a6895646', 2856, 1, 2, NULL),
(34, 'oprado', '5bbf75fffcd51264fc20bfa75a78ec0f', 2857, 1, 2, NULL),
(36, 'mllanquitur', '85532ed2457219a5887f80d42190a869', 2855, 1, 2, NULL),
(37, 'lparedes', '51bf195bf5654e4909e3166db4604ee4', 2882, 1, 2, NULL),
(38, 'vpichi', 'bc00e0265043d6641b3743dce450c269', 2863, 1, 2, NULL),
(39, 'vruiz', '9a2a3ba925fdace5fda8c833c1f617c8', 2864, 1, 2, NULL),
(40, 'mcardenas', '1a261d825473769c560d9775120b1cd5', 2865, 1, 2, NULL),
(41, 'fmamani', '204c85a079e469684c55cb9b850c461e', 2866, 1, 2, NULL),
(42, 'azurano', '470c03220f6505d437eec941fd4837a7', 2867, 1, 2, NULL),
(43, 'mvargas', 'd49fab26ac2dfc1970ae462229264f35', 2868, 1, 2, NULL),
(44, 'mmacaya', '50045ede5cef2f0934754b05863163ff', 2869, 1, 2, NULL),
(45, 'minostroza', 'f5649659d2b2d03a03bf34de1cf9fdfb', 2870, 1, 2, NULL),
(46, 'jquesada', '623e7503419f51ffddede484d5755b77', 2871, 1, 2, NULL),
(47, 'dcatriman', '6d64e9dc207ad4efb707bf3ca62c8865', 2872, 1, 2, NULL),
(48, 'drosas', '9119489c05aad80a4f68c4b7cdff4fb0', 2873, 1, 2, NULL),
(49, 'dsilva', '5ecc4aa302d527a68a6538d72190310d', 2874, 1, 2, NULL),
(50, 'hsanchez', '0b4a7db11aaab6d963f000655d26bf3f', 2875, 1, 2, NULL),
(51, 'lsandoval', '64d2ae6e32d2de0bb11ec93ce809868b', 2876, 1, 2, NULL),
(52, 'dcomiquil', '9aa3bf37fd4928181a123ca000ff1672', 2877, 1, 2, NULL),
(53, 'rantimil', '7163bdb182889531317c2f7c7a02da66', 2878, 1, 2, NULL),
(54, 'asambueza', '51156a0dd083721be1f7d0910b108051', 2880, 1, 2, NULL),
(55, 'jmaldonado', '7ee17937af0e463c30a6ab124d125c62', 2881, 1, 2, NULL),
(57, 'lucianop', '51bf195bf5654e4909e3166db4604ee4', 2888, 1, 2, NULL),
(58, 'ohuenuman', 'cc15271dedf719bf55e30eaec9479dce', 2883, 1, 2, NULL),
(59, 'ngelvez', '2fa5cadc66447f2d9173a37332d777bf', 2884, 1, 2, NULL),
(60, 'jinostroza', 'f5649659d2b2d03a03bf34de1cf9fdfb', 2885, 1, 2, NULL),
(61, 'emuñoz', 'f330a70e380995187dffe6c6cd22a2db', 2886, 1, 2, NULL),
(62, 'lancavil', 'bc2dee56f4f0bd1d08bd85adc20795f7', 2887, 1, 2, NULL),
(63, 'asanders', 'f1ac8f7704510bbad3a9911c29de4889', 2859, 1, 5, NULL),
(64, 'emella', 'd455686c3e9d427446a2adc7b62f3a26', 2860, 1, 5, NULL),
(65, 'rgonzalez', 'a3f222e616de01ad575d2532fd68b591', 2889, 1, 2, NULL),
(66, 'montengro', '911aace6aecab5b89876ba6d3f137782', 2890, 1, 2, NULL),
(67, 'dcardenas', 'c26d483dd7cb0179994e7ed88fe8c7d4', 2891, 1, 2, NULL),
(68, 'clopez', '11b577068336d7b4d0d48c07feb6bb0e', 2892, 1, 2, NULL);

--
-- Índices para tablas volcadas
--

--
-- Indices de la tabla `areas`
--
ALTER TABLE `areas`
  ADD PRIMARY KEY (`id_area`);

--
-- Indices de la tabla `asuntos`
--
ALTER TABLE `asuntos`
  ADD PRIMARY KEY (`id_asuntoP`),
  ADD KEY `fk_area` (`fk_area`);

--
-- Indices de la tabla `configuracion`
--
ALTER TABLE `configuracion`
  ADD PRIMARY KEY (`id_configuracion`);

--
-- Indices de la tabla `edificios`
--
ALTER TABLE `edificios`
  ADD PRIMARY KEY (`id_edificio`);

--
-- Indices de la tabla `empleados`
--
ALTER TABLE `empleados`
  ADD PRIMARY KEY (`id_empleado`),
  ADD KEY `fk_area` (`fk_area`);

--
-- Indices de la tabla `encargado_servicios`
--
ALTER TABLE `encargado_servicios`
  ADD PRIMARY KEY (`usuario`,`asunto`),
  ADD KEY `usuario` (`usuario`),
  ADD KEY `asunto` (`asunto`);

--
-- Indices de la tabla `estados`
--
ALTER TABLE `estados`
  ADD PRIMARY KEY (`id_estado`);

--
-- Indices de la tabla `estados_pgm`
--
ALTER TABLE `estados_pgm`
  ADD PRIMARY KEY (`id_estado`);

--
-- Indices de la tabla `estado_actual_pgm`
--
ALTER TABLE `estado_actual_pgm`
  ADD PRIMARY KEY (`id`),
  ADD KEY `fk_estado_pgm` (`fk_estado_pgm`);

--
-- Indices de la tabla `historial_tickets`
--
ALTER TABLE `historial_tickets`
  ADD PRIMARY KEY (`id_historial`),
  ADD KEY `fk_ticket` (`fk_ticket`,`fk_usuario`),
  ADD KEY `fk_usuario_emisor` (`fk_usuario`),
  ADD KEY `fecha` (`fecha`),
  ADD KEY `fk_estado` (`fk_estado`),
  ADD KEY `fk_razon` (`fk_razon`);

--
-- Indices de la tabla `permisos`
--
ALTER TABLE `permisos`
  ADD PRIMARY KEY (`id_permiso`);

--
-- Indices de la tabla `razones_transferencias`
--
ALTER TABLE `razones_transferencias`
  ADD PRIMARY KEY (`id_razon`);

--
-- Indices de la tabla `roles`
--
ALTER TABLE `roles`
  ADD PRIMARY KEY (`id_rol`);

--
-- Indices de la tabla `roles_permisos`
--
ALTER TABLE `roles_permisos`
  ADD PRIMARY KEY (`fk_rol`,`fk_permiso`) USING BTREE,
  ADD KEY `fk_permiso` (`fk_permiso`);

--
-- Indices de la tabla `servicios`
--
ALTER TABLE `servicios`
  ADD PRIMARY KEY (`id_asuntoS`),
  ADD KEY `pertenece` (`pertenece`);

--
-- Indices de la tabla `tickets`
--
ALTER TABLE `tickets`
  ADD PRIMARY KEY (`id_ticket`),
  ADD KEY `fk_usuario_emisor` (`creador`),
  ADD KEY `asunto` (`servicio`),
  ADD KEY `fkEdificio` (`fkEdificio`);

--
-- Indices de la tabla `usuarios`
--
ALTER TABLE `usuarios`
  ADD PRIMARY KEY (`id_usuario`),
  ADD KEY `fk_empleado` (`fk_empleado`),
  ADD KEY `fk_permiso` (`fk_rol`);

--
-- AUTO_INCREMENT de las tablas volcadas
--

--
-- AUTO_INCREMENT de la tabla `areas`
--
ALTER TABLE `areas`
  MODIFY `id_area` int(11) NOT NULL AUTO_INCREMENT, AUTO_INCREMENT=9202;
--
-- AUTO_INCREMENT de la tabla `asuntos`
--
ALTER TABLE `asuntos`
  MODIFY `id_asuntoP` int(11) NOT NULL AUTO_INCREMENT, AUTO_INCREMENT=35;
--
-- AUTO_INCREMENT de la tabla `configuracion`
--
ALTER TABLE `configuracion`
  MODIFY `id_configuracion` int(11) NOT NULL AUTO_INCREMENT, AUTO_INCREMENT=3;
--
-- AUTO_INCREMENT de la tabla `edificios`
--
ALTER TABLE `edificios`
  MODIFY `id_edificio` int(11) NOT NULL AUTO_INCREMENT, AUTO_INCREMENT=164;
--
-- AUTO_INCREMENT de la tabla `empleados`
--
ALTER TABLE `empleados`
  MODIFY `id_empleado` int(11) NOT NULL AUTO_INCREMENT, AUTO_INCREMENT=2893;
--
-- AUTO_INCREMENT de la tabla `estados`
--
ALTER TABLE `estados`
  MODIFY `id_estado` int(11) NOT NULL AUTO_INCREMENT, AUTO_INCREMENT=10;
--
-- AUTO_INCREMENT de la tabla `estados_pgm`
--
ALTER TABLE `estados_pgm`
  MODIFY `id_estado` int(11) NOT NULL AUTO_INCREMENT, AUTO_INCREMENT=6;
--
-- AUTO_INCREMENT de la tabla `historial_tickets`
--
ALTER TABLE `historial_tickets`
  MODIFY `id_historial` int(11) NOT NULL AUTO_INCREMENT, AUTO_INCREMENT=1439;
--
-- AUTO_INCREMENT de la tabla `permisos`
--
ALTER TABLE `permisos`
  MODIFY `id_permiso` int(11) NOT NULL AUTO_INCREMENT, AUTO_INCREMENT=51;
--
-- AUTO_INCREMENT de la tabla `razones_transferencias`
--
ALTER TABLE `razones_transferencias`
  MODIFY `id_razon` int(11) NOT NULL AUTO_INCREMENT, AUTO_INCREMENT=3;
--
-- AUTO_INCREMENT de la tabla `roles`
--
ALTER TABLE `roles`
  MODIFY `id_rol` int(11) NOT NULL AUTO_INCREMENT, AUTO_INCREMENT=6;
--
-- AUTO_INCREMENT de la tabla `servicios`
--
ALTER TABLE `servicios`
  MODIFY `id_asuntoS` int(11) NOT NULL AUTO_INCREMENT, AUTO_INCREMENT=240;
--
-- AUTO_INCREMENT de la tabla `tickets`
--
ALTER TABLE `tickets`
  MODIFY `id_ticket` int(11) NOT NULL AUTO_INCREMENT, AUTO_INCREMENT=587;
--
-- AUTO_INCREMENT de la tabla `usuarios`
--
ALTER TABLE `usuarios`
  MODIFY `id_usuario` int(11) NOT NULL AUTO_INCREMENT, AUTO_INCREMENT=69;
--
-- Restricciones para tablas volcadas
--

--
-- Filtros para la tabla `asuntos`
--
ALTER TABLE `asuntos`
  ADD CONSTRAINT `asuntos_ibfk_1` FOREIGN KEY (`fk_area`) REFERENCES `areas` (`id_area`) ON UPDATE CASCADE;

--
-- Filtros para la tabla `empleados`
--
ALTER TABLE `empleados`
  ADD CONSTRAINT `empleados_ibfk_1` FOREIGN KEY (`fk_area`) REFERENCES `areas` (`id_area`);

--
-- Filtros para la tabla `encargado_servicios`
--
ALTER TABLE `encargado_servicios`
  ADD CONSTRAINT `encargado_servicios_ibfk_1` FOREIGN KEY (`usuario`) REFERENCES `usuarios` (`id_usuario`),
  ADD CONSTRAINT `encargado_servicios_ibfk_2` FOREIGN KEY (`asunto`) REFERENCES `servicios` (`id_asuntoS`);

--
-- Filtros para la tabla `estado_actual_pgm`
--
ALTER TABLE `estado_actual_pgm`
  ADD CONSTRAINT `estado_actual_pgm_ibfk_1` FOREIGN KEY (`fk_estado_pgm`) REFERENCES `estados_pgm` (`id_estado`);

--
-- Filtros para la tabla `historial_tickets`
--
ALTER TABLE `historial_tickets`
  ADD CONSTRAINT `historial_tickets_ibfk_1` FOREIGN KEY (`fk_ticket`) REFERENCES `tickets` (`id_ticket`),
  ADD CONSTRAINT `historial_tickets_ibfk_2` FOREIGN KEY (`fk_usuario`) REFERENCES `usuarios` (`id_usuario`),
  ADD CONSTRAINT `historial_tickets_ibfk_4` FOREIGN KEY (`fk_estado`) REFERENCES `estados` (`id_estado`),
  ADD CONSTRAINT `historial_tickets_ibfk_5` FOREIGN KEY (`fk_razon`) REFERENCES `razones_transferencias` (`id_razon`);

--
-- Filtros para la tabla `roles_permisos`
--
ALTER TABLE `roles_permisos`
  ADD CONSTRAINT `roles_permisos_ibfk_1` FOREIGN KEY (`fk_rol`) REFERENCES `roles` (`id_rol`),
  ADD CONSTRAINT `roles_permisos_ibfk_2` FOREIGN KEY (`fk_permiso`) REFERENCES `permisos` (`id_permiso`);

--
-- Filtros para la tabla `servicios`
--
ALTER TABLE `servicios`
  ADD CONSTRAINT `servicios_ibfk_1` FOREIGN KEY (`pertenece`) REFERENCES `asuntos` (`id_asuntoP`);

--
-- Filtros para la tabla `tickets`
--
ALTER TABLE `tickets`
  ADD CONSTRAINT `tickets_ibfk_2` FOREIGN KEY (`creador`) REFERENCES `usuarios` (`id_usuario`),
  ADD CONSTRAINT `tickets_ibfk_8` FOREIGN KEY (`servicio`) REFERENCES `servicios` (`id_asuntoS`) ON DELETE NO ACTION ON UPDATE CASCADE,
  ADD CONSTRAINT `tickets_ibfk_9` FOREIGN KEY (`fkEdificio`) REFERENCES `edificios` (`id_edificio`);

--
-- Filtros para la tabla `usuarios`
--
ALTER TABLE `usuarios`
  ADD CONSTRAINT `usuarios_ibfk_1` FOREIGN KEY (`fk_empleado`) REFERENCES `empleados` (`id_empleado`),
  ADD CONSTRAINT `usuarios_ibfk_2` FOREIGN KEY (`fk_rol`) REFERENCES `roles` (`id_rol`);

/*!40101 SET CHARACTER_SET_CLIENT=@OLD_CHARACTER_SET_CLIENT */;
/*!40101 SET CHARACTER_SET_RESULTS=@OLD_CHARACTER_SET_RESULTS */;
/*!40101 SET COLLATION_CONNECTION=@OLD_COLLATION_CONNECTION */;
