-- phpMyAdmin SQL Dump
-- version 4.6.4
-- https://www.phpmyadmin.net/
--
-- Servidor: 127.0.0.1
-- Tiempo de generación: 29-09-2017 a las 17:05:53
-- Versión del servidor: 5.7.14
-- Versión de PHP: 7.0.10

SET SQL_MODE = "NO_AUTO_VALUE_ON_ZERO";
SET time_zone = "+00:00";


/*!40101 SET @OLD_CHARACTER_SET_CLIENT=@@CHARACTER_SET_CLIENT */;
/*!40101 SET @OLD_CHARACTER_SET_RESULTS=@@CHARACTER_SET_RESULTS */;
/*!40101 SET @OLD_COLLATION_CONNECTION=@@COLLATION_CONNECTION */;
/*!40101 SET NAMES utf8mb4 */;

--
-- Base de datos: `ticket`
--

-- --------------------------------------------------------

--
-- Estructura de tabla para la tabla `areas`
--

CREATE TABLE `areas` (
  `id_area` int(11) NOT NULL,
  `nombre_area` varchar(60) COLLATE utf8_spanish2_ci NOT NULL,
  `direccion` varchar(30) COLLATE utf8_spanish2_ci DEFAULT NULL,
  `correo` varchar(45) COLLATE utf8_spanish2_ci DEFAULT NULL
) ENGINE=InnoDB DEFAULT CHARSET=utf8 COLLATE=utf8_spanish2_ci;

--
-- Volcado de datos para la tabla `areas`
--

INSERT INTO `areas` (`id_area`, `nombre_area`, `direccion`, `correo`) VALUES
(38, 'Direccion de Sistemas', 'Mitre 531', 'secsistemas@bariloche.gov.ar'),
(9185, 'Direccion de Mantenimiento e Infraestructura', 'Rivadavia 520', 'dirmantenimientomscb@bariloche.gov.ar'),
(9186, 'Direccion de Contaduria', 'Mitre 531', 'contaduriacontablemscb@bariloche.gov.ar'),
(9187, 'Departamento de Contribuciones', 'Mitre 531', 'contribucionesmscb@bariloche.gov.ar'),
(9188, 'Secretaria de Hacienda', 'Mitre 531', 'haciendamscb@bariloche.gov.ar'),
(9189, 'Secretaria de Gobierno', 'Centro civico', 'secgobiernomscb@bariloche.gov.ar'),
(9190, 'Politicas tributarias', 'Mitre 531', 'politicastributarias1mscb@bariloche.gov.ar'),
(9191, 'Departamento de Sueldos', 'Moreno y Moreno', 'sueldosmscb@bariloche.gov.ar'),
(9192, 'Direccion de Tesoreria', 'Mitre 531', 'tesoreriamscb@bariloche.gov.ar'),
(9193, 'Tribunal de faltas II ', 'Terminal Omnibus', 'tribunalfaltas2mscb@bariloche.gov.ar'),
(9194, 'Dpto Terminal de Omnibus', 'Terminal', 'terminalmscb@bariloche.gov.ar'),
(9195, 'Secretaría de Obras y Servicios Públicos', 'Corralon', 'obraspublicasmscb@bariloche.gov.ar'),
(9196, 'Secretaría de Turismo y Produccion ', 'Centro civico', 'dirturismomscb@bariloche.gov.ar'),
(9197, 'Jefatura de Gabinete', 'Centro civico', 'jefaturagabinetemscb@bariloche.gov.ar'),
(9198, 'Sub Secretaria de Desarrollo Local', 'Ruiz Moreno', 'adempleomscb@gmail.com'),
(9199, 'Delegacion Catedral', 'Cerro Catedral', 'delegacioncatedralmscb@bariloche.gov.ar'),
(9200, 'Sub Secretaria de Medio Ambiente', 'Corralon', 'medioambientemscb@bariloche.gov.ar'),
(9201, 'Departamento de Fiscalizacion', 'Mitre 531', 'fiscalizacionmscb@bariloche.gov.ar'),
(9202, 'Dpto. Seguridad e Higiene', 'Moreno y Ruiz Moreno', 'seguridadhigienemscb@bariloche.gov.ar'),
(9203, 'Dirección de  Recursos Humanos', 'Moreno y Ruiz Moreno', 'recursoshumanosmscb@bariloche.gov.ar'),
(9204, 'Junta Electoral Municipal', 'Moreno y Moreno', 'secretariaelectoralmscb@bariloche.gov.ar'),
(9205, 'Direccion de Inspeccion General', 'Mitre 531', 'inspecciongeneralmscb@bariloche.gov.ar'),
(9206, 'Delegacion El Condor', 'Esandi', 'delegacioncondormscb@bariloche.gov.ar'),
(9207, 'Tribunal de Faltas I', 'Mitre 531', 'sistemasmscb@bariloche.gov.ar');

-- --------------------------------------------------------

--
-- Estructura de tabla para la tabla `area_sistemas`
--

CREATE TABLE `area_sistemas` (
  `id_area_sistemas` int(11) NOT NULL,
  `nombre_area` varchar(255) COLLATE utf8_spanish2_ci DEFAULT NULL
) ENGINE=MyISAM DEFAULT CHARSET=utf8 COLLATE=utf8_spanish2_ci;

-- --------------------------------------------------------

--
-- Estructura de tabla para la tabla `asuntos`
--

CREATE TABLE `asuntos` (
  `id_asuntoP` int(11) NOT NULL,
  `nombre` varchar(50) COLLATE utf8_spanish2_ci NOT NULL,
  `fk_area` int(11) NOT NULL,
  `visible` tinyint(1) NOT NULL
) ENGINE=InnoDB DEFAULT CHARSET=utf8 COLLATE=utf8_spanish2_ci;

--
-- Volcado de datos para la tabla `asuntos`
--

INSERT INTO `asuntos` (`id_asuntoP`, `nombre`, `fk_area`, `visible`) VALUES
(11, 'PGM viejo', 38, 1),
(12, 'Sueldos', 38, 1),
(13, 'WebDoc', 38, 1),
(14, 'Terminal', 38, 1),
(15, 'Cajero', 38, 1),
(16, 'Correo', 38, 1),
(17, 'Servicio tecnico', 38, 1),
(19, 'Tickets', 38, 1),
(20, 'Informe de pedidos', 38, 1),
(21, 'PGM nuevo', 38, 1),
(22, 'Servidores', 38, 0),
(23, 'Fichadas', 38, 1),
(24, 'Pedidos a Córdoba', 38, 0),
(25, 'Veterinaria', 38, 1),
(28, 'Carpinteria de obra', 9185, 0),
(29, 'Carpinteria de banco', 9185, 0),
(30, 'Pintura', 9185, 0),
(31, 'Herreria', 9185, 0),
(32, 'Plomeria y gas', 9185, 0),
(33, 'Electricidad', 9185, 0),
(34, 'Albañileria', 9185, 0);

-- --------------------------------------------------------

--
-- Estructura de tabla para la tabla `base_conocimiento`
--

CREATE TABLE `base_conocimiento` (
  `id_resolucion` int(11) NOT NULL,
  `fecha` date DEFAULT NULL,
  `resolucion` varchar(255) COLLATE utf8_spanish2_ci DEFAULT NULL,
  `fk_ticket` int(11) DEFAULT NULL
) ENGINE=MyISAM DEFAULT CHARSET=utf8 COLLATE=utf8_spanish2_ci;

-- --------------------------------------------------------

--
-- Estructura de tabla para la tabla `configuracion`
--

CREATE TABLE `configuracion` (
  `id_configuracion` int(11) NOT NULL,
  `nombre` varchar(15) COLLATE utf8_spanish2_ci NOT NULL,
  `descripcion` varchar(25) COLLATE utf8_spanish2_ci DEFAULT NULL,
  `obligatorio` tinyint(1) DEFAULT NULL
) ENGINE=MyISAM DEFAULT CHARSET=utf8 COLLATE=utf8_spanish2_ci;

--
-- Volcado de datos para la tabla `configuracion`
--

INSERT INTO `configuracion` (`id_configuracion`, `nombre`, `descripcion`, `obligatorio`) VALUES
(1, 'version', '6.3.7', 0),
(3, 'Sistemas', '10.20.130.242', NULL),
(4, 'Mantenimiento', '10.20.110.20', NULL);

-- --------------------------------------------------------

--
-- Estructura de tabla para la tabla `edificios`
--

CREATE TABLE `edificios` (
  `id_edificio` int(11) NOT NULL,
  `nombre` varchar(60) COLLATE utf8_spanish2_ci NOT NULL,
  `direccion` varchar(70) COLLATE utf8_spanish2_ci NOT NULL
) ENGINE=InnoDB DEFAULT CHARSET=utf8 COLLATE=utf8_spanish2_ci;

--
-- Volcado de datos para la tabla `edificios`
--

INSERT INTO `edificios` (`id_edificio`, `nombre`, `direccion`) VALUES
(1, 'PUESTO SANITARIO Y INF. TURÍSTICO', 'Caminera R.N.  237'),
(2, 'TERMINAL DE OMNIBUS – P.B.', 'R.N.. 237 altura terminal de FFCC'),
(3, 'TERMINAL DE OMNIBUS – P.A.', ''),
(4, 'TERMINAL DE OMNIBUS – EXTERIOR', ''),
(5, 'SIMBOV – SAN FRANC. IV', ''),
(6, 'CDI "PICHI CHE RUCA"     ', ' Bº san francisco 3º'),
(7, 'EDIF TRANSITO Y TRANSPORTE', 'San Jose 161'),
(8, 'EDIF VETERINARIA Y LABORAT ENSAYOS', 'San jose'),
(9, 'CANILES ', 'San jose'),
(10, 'INSP TRANSITO Y PREDIO ', 'San jose'),
(11, 'DELEGACIÓN EL CONDOR ', 'Esandi '),
(12, 'OFIC. TRANSITO PLAYON', ''),
(13, 'DELEG. EL CONDOR CAAT 1', ''),
(14, 'DELEG. EL CONDOR BAÑO QUIMICO', ''),
(15, 'DELEG EL CONDOR ARG TRABAJA', ''),
(16, 'GIMNASIO Nº 3', 'Chile y esandi'),
(17, 'CASA ABUELOS Bº 270 CASA 130', 'Bº 270 CASA 130'),
(18, 'SUM Bº 270 ', 'Bº 270 ESPACIO COMÚN'),
(19, 'PLAYA CENTENARIO QUIOSCO', 'Detras Esc. Nacional'),
(20, 'VELODROMO – PISTA', 'Elflein y Sarmiento'),
(21, 'VELODROMO – RIEGO', 'Elflein y Ruiz Moreno'),
(22, 'VELODROMO – USOS', 'Elflein y Ruiz Moreno'),
(23, 'GIMNASIO Nº1 – INFRAEST.', 'Elflein y Ruiz Moreno'),
(24, 'GIMNASIO Nº1 – USOS', ''),
(25, 'GIMNASIO Nº1 –VEREDA Y EXTERIOR', ''),
(26, 'CORRALÓN MUNIC – Sociales', 'Gallardo, Rivadavía, Tiscornia'),
(27, 'CORRALÓN MUNIC – Juntas Vecinales', ''),
(28, 'CORRALÓN MUNIC – Servicios', ''),
(29, 'CORRALÓN MUNIC – O. Part. M.E.', ''),
(30, 'CORRALÓN MUNIC – O.Púb. Archivo', ''),
(31, 'CORRALÓN MUNIC – Cuadrillas', ''),
(32, 'CORRALÓN MUNIC – pañol mant.', ''),
(33, 'CORRALÓN MUNIC – Cuadrillas, Lubricentro', ''),
(34, 'CORRALÓN MUNIC – taller mecánico', ''),
(35, 'CORRALÓN MUNIC –Lavadero', ''),
(36, 'CORRALÓN MUNIC – bacheo/pluviles', ''),
(37, 'CORRALÓN MUNIC – estacionamiento', ''),
(38, 'ESTADIO MUNICIPAL', 'Gallardo, 9 de julio, Tiscornia'),
(39, 'MORENO Y RUIZ MORENO', 'Moreno y Ruiz Moreno'),
(40, 'MERCADO COMUNITARIO', 'Chubut y ruiz moreno'),
(41, 'HOGAR "EMAÚS"                ', 'Otto goedecke  1170        '),
(42, 'CAAT 2-3', 'C. adm. prov. onelli 1450 1º'),
(43, 'SIMBOV – CENTRO', ''),
(44, 'CDI “Dulces sueños” ', 'Bº Araucaria - mascardi y rivadavia     '),
(45, 'RECREATIVO PERITO MORENO Q48', 'Bº Perito Moreno – Mascardi y 9 de julio'),
(46, 'CAAT 4', 'Centro comunitario bº 169 viv. onelli entre calle 3 y osses'),
(47, 'CC MUTISIAS', '1º de mayo y Barda'),
(48, 'CC Bº VIVERO', 'Bº Vivero'),
(49, 'CENTRO JUVENTUD Bº VIVERO', 'Ex Centro Salud PIC'),
(50, 'CDI Bº VIVERO ????', 'Ex Guardería PIC'),
(51, 'VIVERO MUNICIPAL', 'Rivadavia (al fondo)'),
(52, 'VIVERO MUNIC – ARG TRABAJA ', ''),
(53, 'VIVERO MUNIC – ASERRADERO', ''),
(54, 'VIVERO MUNIC – INVERNADERO', ''),
(55, 'CDI "PUDU PUDU"', 'Vilcapugio y Elordi            '),
(56, 'CENTRO KUMEN RUKA', 'Sobral y Ruiz Moreno '),
(57, 'CDI DR IGLESIAS', 'Mascardi  y  Onelli        '),
(58, 'LA LLAVE – Gral ', 'Onelli y Sobral'),
(59, 'LA LLAVE – Casa de la música', ''),
(60, 'LA LLAVE – Sala de Baile', ''),
(61, 'LA LLAVE – Bibloteca', ''),
(62, 'LA LLAVE – exterior', ''),
(63, 'CLUB COMUNITARIO ', 'Onelli y Mange'),
(64, 'CPA                                    ', 'Sobral y John O´Connor casa 4    Bº Boris Furman'),
(65, 'CEMENTERIO- ADMINIST.', 'Hermite e/ Beschedt y Onelli'),
(66, 'CEMENTERIO- PERSONAL', ''),
(67, 'CEMENTERIO – NICHOS Y URNARIOS', ''),
(68, 'CEMENTERIO – SEGURIDAD', ''),
(69, 'CºCª EVA PERON ', 'Taique y Michay'),
(70, 'CDI "ELUNEY"                    ', 'Bº Eva Perón - Beschted y Los notros'),
(71, 'EDIF. MITRE 535- TRIBUNAL FALTAS 1', 'Mitre 535'),
(72, 'EDIF. MITRE 545 – HACIENDA', 'Mitre 545'),
(73, 'EDIF. MITRE 545 SUMINISTROS', ''),
(74, 'EDIF. MITRE 545- DEPOSITOS', ''),
(75, 'DEFENSORÏA DEL PUEBLO', 'Quaglia 750'),
(76, 'CENTRO CÏVICO – INTENDENCIA', 'CENTRO CIVICO'),
(77, 'CENTRO CIVICO – EX CORREO', ''),
(78, 'CENTRO CIVICO – CULTURA', ''),
(79, 'CENTRO CIVICO – TRIB. CONTRALOR', ''),
(80, 'CENTRO CIVICO – PLAZA EXPEDICIONARIOS  DEL DESIERTO', ''),
(81, 'CENTRO CIVICO – PLAZA TRASERA', ''),
(82, 'CENTRO CIVICO – PLAZA DELANTERA', ''),
(83, 'CENTRO CIVICO – VEREDA JMR', ''),
(84, 'PUERTO – EDIFICIO concesionado', 'J.M. De Rosas 1'),
(85, 'PUERTO – EDIFICIO propio', ''),
(86, 'PUERTO – CABAÑA', ''),
(87, 'PUERTO – PLAYÓN', ''),
(88, 'PUERTO – EXTERIOR', ''),
(89, 'PUERTO – VEREDA JMR', ''),
(90, 'PUERTO – PLAYA', ''),
(91, 'PUERTO – ESCOLLERA', ''),
(92, 'CASA DEL DEPORTE-EDIF.', 'Costanera 100'),
(93, 'CASA DEL DEPORTE-PILETA', ''),
(94, 'CASA DEL DEPORTE-BAÑOS Hº', ''),
(95, 'CASA DEL DEPORTE-BAÑOS Mº', ''),
(96, 'CASA DEL DEPORTE-ALBERGUE', ''),
(97, 'Espacio radio y locales comerc.', ''),
(98, 'SCUM – Sala', 'Moreno y Villegas'),
(99, 'SCUM – paseo artesanos', ''),
(100, 'SCUM – exterior', ''),
(101, 'SCUM – anfiteatro', ''),
(102, 'SCUM  - Quiosco Turismo', ''),
(103, 'SCUM  - mapuches', ''),
(104, 'SCUM  - Quiosco artesanas', ''),
(105, 'VILLA HISTÓRICA', 'Morales y Elflein '),
(106, 'CºCº 10 DE DICIEMBRE', 'J. oconors y Anasagasti'),
(107, 'CASAS TUTELADAS Bº 10 DE DICIEMBRE', 'Fagnano, J´Oconnor, Frey'),
(108, 'CASA AMULEN', 'por seguridad no se pone direccion'),
(109, 'CDI "ABEDULES"', 'Rolando y hermite       '),
(110, 'EX CASA DEL CHANGA', 'Rolando y J. Herman'),
(111, 'DINARA - CAAT 5', ' J. Herman e/Rolando y Quaglia'),
(112, 'DINARA – Cº ABUELOS AMANECER', ''),
(113, 'DINARA – DELEG PAMPA HUENULEO', ''),
(114, 'DINARA -SALA DE ENSAYOS', ''),
(115, 'DINARA – DESPENSA COMUNITARIA', ''),
(116, 'DINARA – ARG. TRABAJA', ''),
(117, 'DINARA – VIALES', ''),
(118, 'DINARA -SOCIALES', ''),
(119, 'DINARA -SERVICIOS', ''),
(120, 'GIMNASIO Nº2 ', 'Rolando y la Paz'),
(121, 'GIMNASIO Nº2 – exterior', ''),
(122, 'CAAT 7 – CºCº Bº 28 DE ABRIL', 'Calle 5, casa 22'),
(123, 'CAAT 6', 'Pje gutierrez y brown (parroquia del carmen)'),
(124, 'CDI "ARCO IRIS MÁGICO"   ', ' Bº la cumbre - los andes y osorno  '),
(125, 'CDI "PEQUEÑOS CORAZONES"', 'Bº Malvinas - al lado escuela 320   '),
(126, 'CAAT 8', 'Al lado C.D.I. malvina soledad e islas del sur'),
(127, 'CAAT 9 – CºCº Bº FRUTILLAR', 'Chocori ????'),
(128, 'Cº Cº Bº UNION - CAAT 9 ', ''),
(129, 'CIC – SOCIAL ', 'Emilio Espinoza y Colectora Ruta'),
(130, 'CIC – SALUD', 'Emilio Espinoza '),
(131, 'CIC – SUM', 'Emilio Espinoza '),
(132, 'CENTRO PRODUCTIVO EX CºSº', 'Emilio Espinoza y Balduini'),
(133, 'CENTRO PRODUCTIVO EX COMISARIA', ''),
(134, 'SIMBOV –34 HA', 'Colectora Ruta'),
(135, 'VERTEDERO Pila', 'R.N. 40 '),
(136, 'VERTEDERO ARB comedor galpones', ''),
(137, 'VERTEDERO Galpon reciclado', ''),
(138, 'VERTEDERO compostaje etc ', ''),
(139, 'SIMBOV – MELIPAL', ''),
(140, 'DELEGACIÓN CERRO OTTO ', 'Av. Pioneros 4,700'),
(141, 'PISTA ATLETISMO', 'Pioneros Km 6.500'),
(142, 'CAAT 10 ', 'Villa llanquihue km 23 cº cº '),
(143, 'CAAT 10 ', 'J.V. misionera (km 7,400) los berbel 7,435 consultorio don zatti.  '),
(144, 'CAAT 10 ', 'Delegaciòn puerto moreno km 10,500'),
(145, 'DELEG. L. MORENO', 'Km 10,500'),
(146, 'DELEG. L. MORENO', 'Dep. bº covibar'),
(147, 'DELEG. L. MORENO', 'Km. 14 al lado comisaria'),
(148, 'SIMBOV – RUCA CURA', 'Bº Casa de Piedra'),
(149, 'GIMNASIO KM 13', 'Bº Jockey Club'),
(150, 'SIMBOV – CAMPANARIO', ''),
(151, 'CASA GUARDAPARQUE LLAO-LLAO', 'Bº Llao Llao – Detras de Soria Moria'),
(152, '', ''),
(153, 'CASA GUARDAPARQUE LAGO MORENO', 'Circuito chico acceso laguna escondida'),
(154, 'OF INFORMES L. MORENO', ''),
(155, 'DELEG. CATEDRAL- DEPOSITO', ''),
(156, 'DELEG. CATEDRAL- OFICINA- CºSº', ''),
(157, 'DELEG.  CATEDRAL- CABAÑA', ''),
(158, 'POLIDEP. LOS COIHUES', ''),
(159, 'SIMBOV – LOS COIHUES', ''),
(160, 'Edif. Aerolineas Arg.', 'Mitre y Quaglia'),
(161, 'Edif Seguridad Ciudadana', 'V. Alm. O´Connors e/Ruiz Moreno y Elordi'),
(163, 'EDIF. 24 DE SETIMBRE', '24 de Setiembre 12'),
(164, 'CAAT 9-Comedor de Abuelos Angeleli', 'Escriba la direccion aqui...'),
(165, 'CLUB DE DIA BARRIO 2 DE ABRIL', 'EX CENTRO DE SALUD Bº 2 DE ABRIOL (EPINOSA)'),
(166, 'CENTRO CULTURAL BARRIO 270 VIVIENDAS', 'Escriba la direccion aqui...'),
(167, 'PARQUE MUNICIPAL LLAO LLAO-INGRESO', 'Escriba la direccion aqui...'),
(168, 'TALLER - SISTEMAS', 'MITRE 531'),
(169, 'BIENES PATRIMONIALES', 'MITRE 531'),
(170, 'CORRALON  - SISTEMAS', 'Rivadavia - Gallardo'),
(171, 'LA LLAVE- SISTEMAS', 'La llave'),
(172, 'MITRE - SISTEMAS', 'Mitre 531'),
(173, 'CENTRO CIVICO SISTEMAS', 'Centro civico'),
(174, 'MORENO Y MORENO - SISTEMAS', 'Moreno y Ruiz Moreno'),
(175, '24 DE SEPTIEMBRE - SISTEMAS', ''),
(176, 'DELEGACION MORENO - SISTEMAS', ''),
(177, 'DELEGACION CATEDRAL - SISTEMAS', ''),
(178, 'DELEGACION CERRO OTTO - SISTEMAS', ''),
(179, 'DELEGACION SUR - SISTEMAS', ''),
(180, 'DELEGACION EL CONDOR - SISTEMAS', 'Esandi'),
(181, 'MONOLITO', 'Juan Manuel de Rosas y San Martín'),
(182, 'EDIF. MITRE 535-SISTEMAS', 'MITRE 535'),
(183, 'CORRALÓN MUNIC – Surtidor', 'Escriba la direccion aqui...'),
(184, 'VIA PÚBLICA', 'Escriba la direccion aqui...'),
(185, 'CANTERA MUNICIPAL', 'Escriba la direccion aqui...'),
(186, 'CDI OMEGA', 'CARLOS WITHERHOLD S/N'),
(187, 'ESTADIO MUNICIPAL', 'Gallardo y 9 de Julio.');

-- --------------------------------------------------------

--
-- Estructura de tabla para la tabla `empleados`
--

CREATE TABLE `empleados` (
  `id_empleado` int(11) NOT NULL,
  `nombre` varchar(30) COLLATE utf8_spanish2_ci NOT NULL,
  `apellido` varchar(30) COLLATE utf8_spanish2_ci NOT NULL,
  `documento` varchar(10) COLLATE utf8_spanish2_ci NOT NULL,
  `fk_area` int(11) NOT NULL,
  `legajo` int(11) NOT NULL
) ENGINE=InnoDB DEFAULT CHARSET=utf8 COLLATE=utf8_spanish2_ci;

--
-- Volcado de datos para la tabla `empleados`
--

INSERT INTO `empleados` (`id_empleado`, `nombre`, `apellido`, `documento`, `fk_area`, `legajo`) VALUES
(1, 'matias', 'benditti', '35593648', 38, 999998),
(113, 'alicia estela', 'varano', '17142252', 38, 174),
(146, 'gustavo alberto', 'dinardo', '17605283', 38, 232),
(199, 'hector gabriel', 'acuña', '16392455', 38, 331),
(395, 'gladys mabel', 'ibañez', '14759902', 38, 606),
(983, 'maria beatriz', 'marin', '23831042', 38, 20389),
(1177, 'eduardo', 'tomatis', '25553289', 38, 11263),
(1637, 'enzo david', 'aguilera kaiser', '28217146', 38, 20515),
(1685, 'juan carlos', 'ramos', '29428784', 38, 11327),
(2023, 'gustavo ruben', 'castro lamaison', '26645915', 38, 12275),
(2555, 'raul daniel', 'alvarez covarrubias', '31943461', 38, 13792),
(2851, 'estefania', 'klein', '32768591', 38, 999997),
(2852, 'bruno', 'ovando', '38091463', 38, 999999),
(2853, 'claudia', 'claudia', '12345987', 38, 988888),
(2854, 'Fernando', 'Arroyo', '22118188', 9185, 686),
(2855, 'Mariano', 'Llanquitur', '16702868', 9185, 20587),
(2856, 'Fabian', 'Munch', '26413059', 9185, 11532),
(2857, 'Osvaldo', 'Prado', '17062344', 9185, 352),
(2859, 'Alejandra', 'Sanders', '25256908', 9185, 11221),
(2860, 'Maria Elisabeth', 'Mella Paredes', '188933818', 9185, 11103),
(2861, 'Mariano', 'Llanquitur', '16702868', 9185, 20587),
(2862, 'Luciano', 'Antonio', 'Paredes', 9185, 20012),
(2863, 'Victor Antonio', 'Pichiñanco', '32213511', 9185, 14111),
(2864, 'Victor Hugo', 'Ruiz', '11131791', 9185, 408),
(2865, 'Mauro Ariel', 'Cardenas Arismendi', '34667555', 9185, 11920),
(2866, 'Fidel Rene', 'Mamani', '13161833', 9185, 790),
(2867, 'Alejo Gabriel', 'Zurano', '33918177', 9185, 20013),
(2868, 'Miguel Angel', 'Vargas', '13989593', 9185, 11381),
(2869, 'Miguel', 'Macaya', '11581226', 9185, 425),
(2870, 'Miguel Angel', 'Inostroza', '13812061', 9185, 11486),
(2871, 'Jorge Alberto', 'Quesada', '16235307', 9185, 1085),
(2872, 'Luis Daniel', 'Catriman', '17451257', 9185, 20575),
(2873, 'Danilo', 'Rosas', '92765874', 9185, 40),
(2874, 'Desiderio', 'Silva', '13123541', 9185, 781),
(2875, 'Hector', 'Sanchez', '26019654', 9185, 514),
(2876, 'Luis Osvaldo', 'Sandoval', '31244422', 9185, 11152),
(2877, 'Daniel Eduardo', 'Comiquil', '30784169', 9185, 11134),
(2878, 'Rodrigo Ezequiel', 'Antimil', '35594598', 9185, 20007),
(2879, 'Ezequiel Eduardo', 'Painefil', '35818060', 9185, 14275),
(2880, 'Luis Alberto', 'Sambueza', '25599796', 9185, 11171),
(2881, 'Jose Basilio', 'Maldonado', '13989273', 9185, 11160),
(2882, 'Leandro', 'Paredes', '32213734', 9185, 12296),
(2883, 'Omar Antonio', 'Huenuman', '20679043', 9185, 21629),
(2884, 'Nelson', 'Gelvez', '31943146', 9185, 735),
(2885, 'Juan Carlos', 'Inostroza', '13812078', 9185, 12539),
(2886, 'Elidoro', 'Muñoz', '16053695', 9185, 11260),
(2887, 'Leonardo Favio', 'Ancavil', '20679497', 9185, 14300),
(2888, 'Luciano', 'Paredes', '35818002', 9185, 20012),
(2889, 'Rosana', 'Gonzalez', '24828558', 9201, 646),
(2890, 'Marta', 'Montenegro', '17451045', 9201, 1538),
(2891, 'Daiana', 'Cardenas', '33918108', 9201, 90114),
(2892, 'Cristian', 'Lopez', '33658157', 9201, 11557),
(2893, 'Erica', 'Salvo', '13989386', 9187, 592),
(2894, 'Andrea', 'Nuñez', '21063483', 9187, 975),
(2895, 'Cecilia', 'Mendez', '34666960', 9187, 13825),
(2896, 'Marta', 'Herrera', '18419839', 9187, 906),
(2897, 'Marcela', 'Pereira', '33205741', 9187, 13830),
(2898, 'Jaquelina', 'Soto', '92465990', 9187, 21429),
(2899, 'Karen', 'Perez', '38806587', 9187, 90113),
(2900, 'Florencia', 'Icare', '34721608', 9187, 12781),
(2901, 'Mariana', 'Troncoso', '35818794', 9187, 90112),
(2902, 'Juan Jose', 'Lopez Marti', '20428524', 9188, 14213);

-- --------------------------------------------------------

--
-- Estructura de tabla para la tabla `encargado_servicios`
--

CREATE TABLE `encargado_servicios` (
  `usuario` int(11) NOT NULL,
  `asunto` int(11) NOT NULL
) ENGINE=InnoDB DEFAULT CHARSET=utf8 COLLATE=utf8_spanish2_ci;

--
-- Volcado de datos para la tabla `encargado_servicios`
--

INSERT INTO `encargado_servicios` (`usuario`, `asunto`) VALUES
(3, 27),
(3, 29),
(3, 48),
(3, 51),
(3, 52),
(3, 53),
(3, 54),
(3, 55),
(3, 56),
(3, 57),
(3, 58),
(3, 69),
(3, 70),
(3, 89),
(3, 102),
(3, 103),
(3, 104),
(3, 105),
(3, 106),
(3, 107),
(3, 108),
(3, 109),
(3, 110),
(3, 111),
(3, 113),
(3, 114),
(3, 128),
(3, 129),
(3, 130),
(3, 131),
(3, 132),
(3, 137),
(3, 138),
(3, 139),
(3, 140),
(3, 238),
(15, 27),
(15, 29),
(15, 48),
(15, 51),
(15, 102),
(15, 104),
(15, 105),
(15, 106),
(15, 107),
(15, 108),
(15, 109),
(15, 110),
(15, 111),
(15, 128),
(15, 130),
(15, 132),
(15, 137),
(15, 140),
(15, 238),
(16, 59),
(16, 60),
(16, 62),
(16, 90),
(16, 91),
(16, 92),
(16, 93),
(16, 94),
(16, 95),
(16, 96),
(16, 239),
(16, 240),
(17, 29),
(17, 49),
(17, 50),
(17, 51),
(17, 66),
(17, 67),
(17, 68),
(17, 69),
(17, 70),
(17, 71),
(17, 74),
(17, 76),
(17, 77),
(17, 78),
(17, 79),
(17, 80),
(17, 81),
(17, 82),
(17, 83),
(17, 84),
(17, 85),
(17, 86),
(17, 87),
(17, 88),
(17, 102),
(17, 130),
(17, 134),
(17, 135),
(18, 48),
(18, 102),
(18, 104),
(18, 108),
(18, 109),
(18, 110),
(18, 111),
(18, 115),
(18, 116),
(18, 117),
(18, 118),
(18, 119),
(18, 120),
(18, 121),
(18, 122),
(18, 123),
(18, 124),
(18, 125),
(18, 126),
(18, 127),
(18, 128),
(18, 131),
(18, 132),
(18, 137),
(18, 140),
(18, 243),
(19, 59),
(19, 62),
(19, 90),
(19, 91),
(19, 92),
(19, 93),
(19, 94),
(19, 95),
(19, 96),
(19, 239),
(19, 240),
(19, 242),
(21, 27),
(21, 29),
(21, 48),
(21, 49),
(21, 50),
(21, 66),
(21, 67),
(21, 68),
(21, 69),
(21, 70),
(21, 71),
(21, 74),
(21, 76),
(21, 77),
(21, 78),
(21, 79),
(21, 80),
(21, 81),
(21, 82),
(21, 83),
(21, 84),
(21, 85),
(21, 86),
(21, 87),
(21, 88),
(21, 104),
(21, 106),
(21, 107),
(21, 108),
(21, 109),
(21, 110),
(21, 111),
(21, 113),
(21, 114),
(21, 120),
(21, 121),
(21, 127),
(21, 128),
(21, 132),
(21, 134),
(21, 135),
(21, 136),
(21, 138),
(21, 139),
(21, 140),
(21, 241),
(23, 51),
(23, 52),
(23, 53),
(23, 62),
(23, 90),
(23, 91),
(23, 92),
(23, 93),
(23, 94),
(23, 95),
(23, 97),
(23, 98),
(23, 99),
(23, 100),
(23, 101),
(23, 102),
(23, 104),
(23, 105),
(23, 106),
(23, 107),
(23, 108),
(23, 109),
(23, 110),
(23, 111),
(23, 128),
(23, 129),
(23, 130),
(23, 131),
(23, 132),
(23, 137),
(23, 140),
(23, 238),
(23, 239),
(23, 240),
(23, 242),
(24, 27),
(24, 29),
(24, 48),
(24, 51),
(24, 52),
(24, 53),
(24, 54),
(24, 55),
(24, 56),
(24, 57),
(24, 58),
(24, 59),
(24, 60),
(24, 62),
(24, 89),
(24, 90),
(24, 91),
(24, 92),
(24, 93),
(24, 94),
(24, 95),
(24, 96),
(24, 97),
(24, 98),
(24, 99),
(24, 100),
(24, 101),
(24, 102),
(24, 103),
(24, 110),
(24, 239),
(24, 240),
(24, 242),
(24, 244),
(25, 62),
(25, 90),
(25, 91),
(25, 92),
(25, 93),
(25, 94),
(25, 95),
(25, 96),
(25, 239),
(25, 240),
(25, 242),
(27, 51),
(27, 52),
(27, 53),
(27, 54),
(27, 102),
(27, 109),
(27, 110),
(27, 112),
(27, 113),
(27, 114),
(27, 125),
(27, 127),
(27, 129),
(27, 130),
(27, 131),
(27, 139),
(27, 243),
(28, 27),
(28, 29),
(28, 48),
(28, 49),
(28, 50),
(28, 51),
(28, 52),
(28, 53),
(28, 54),
(28, 55),
(28, 56),
(28, 57),
(28, 58),
(28, 59),
(28, 60),
(28, 62),
(28, 66),
(28, 67),
(28, 68),
(28, 69),
(28, 70),
(28, 71),
(28, 74),
(28, 76),
(28, 77),
(28, 78),
(28, 79),
(28, 80),
(28, 81),
(28, 82),
(28, 83),
(28, 84),
(28, 85),
(28, 86),
(28, 87),
(28, 88),
(28, 89),
(28, 90),
(28, 91),
(28, 92),
(28, 93),
(28, 94),
(28, 95),
(28, 96),
(28, 97),
(28, 98),
(28, 99),
(28, 100),
(28, 101),
(28, 102),
(28, 103),
(28, 104),
(28, 105),
(28, 106),
(28, 107),
(28, 108),
(28, 109),
(28, 110),
(28, 111),
(28, 112),
(28, 113),
(28, 114),
(28, 115),
(28, 116),
(28, 117),
(28, 118),
(28, 119),
(28, 120),
(28, 121),
(28, 122),
(28, 123),
(28, 124),
(28, 125),
(28, 126),
(28, 127),
(28, 128),
(28, 129),
(28, 130),
(28, 131),
(28, 132),
(28, 134),
(28, 135),
(28, 136),
(28, 137),
(28, 138),
(28, 139),
(28, 140),
(28, 141),
(28, 142),
(28, 143),
(28, 144),
(28, 145),
(28, 146),
(28, 147),
(28, 148),
(28, 149),
(28, 150),
(28, 151),
(28, 152),
(28, 153),
(28, 154),
(28, 155),
(28, 156),
(28, 157),
(28, 158),
(28, 159),
(28, 160),
(28, 161),
(28, 162),
(28, 163),
(28, 165),
(28, 166),
(28, 167),
(28, 168),
(28, 169),
(28, 170),
(28, 171),
(28, 172),
(28, 173),
(28, 174),
(28, 175),
(28, 176),
(28, 177),
(28, 178),
(28, 179),
(28, 180),
(28, 181),
(28, 182),
(28, 183),
(28, 184),
(28, 185),
(28, 186),
(28, 187),
(28, 188),
(28, 189),
(28, 190),
(28, 191),
(28, 192),
(28, 193),
(28, 194),
(28, 195),
(28, 196),
(28, 197),
(28, 198),
(28, 199),
(28, 200),
(28, 201),
(28, 202),
(28, 203),
(28, 204),
(28, 205),
(28, 206),
(28, 207),
(28, 208),
(28, 209),
(28, 210),
(28, 211),
(28, 212),
(28, 213),
(28, 214),
(28, 215),
(28, 216),
(28, 217),
(28, 218),
(28, 219),
(28, 220),
(28, 221),
(28, 222),
(28, 223),
(28, 224),
(28, 225),
(28, 226),
(28, 227),
(28, 228),
(28, 229),
(28, 230),
(28, 231),
(28, 232),
(28, 233),
(28, 234),
(28, 235),
(28, 236),
(28, 237),
(28, 238),
(28, 239),
(28, 240),
(28, 243),
(29, 48),
(29, 59),
(29, 60),
(29, 96),
(29, 102),
(29, 104),
(29, 105),
(29, 106),
(29, 107),
(29, 108),
(29, 109),
(29, 110),
(30, 29),
(30, 48),
(31, 141),
(31, 142),
(31, 143),
(31, 144),
(31, 145),
(31, 146),
(31, 147),
(31, 148),
(31, 149),
(31, 150),
(31, 151),
(31, 152),
(31, 153),
(31, 154),
(31, 155),
(31, 156),
(31, 157),
(31, 158),
(31, 159),
(31, 160),
(31, 161),
(31, 162),
(31, 163),
(31, 165),
(31, 166),
(31, 167),
(31, 168),
(31, 169),
(31, 170),
(31, 171),
(31, 172),
(31, 173),
(31, 174),
(31, 175),
(31, 176),
(31, 177),
(31, 178),
(31, 179),
(31, 180),
(31, 181),
(31, 182),
(31, 183),
(31, 184),
(31, 185),
(31, 186),
(31, 187),
(31, 188),
(31, 189),
(31, 190),
(31, 191),
(31, 192),
(31, 193),
(31, 194),
(31, 195),
(31, 196),
(31, 197),
(31, 198),
(31, 199),
(31, 200),
(31, 201),
(31, 202),
(31, 203),
(31, 204),
(31, 205),
(31, 206),
(31, 207),
(31, 208),
(31, 209),
(31, 210),
(31, 211),
(31, 212),
(31, 213),
(31, 214),
(31, 215),
(31, 216),
(31, 217),
(31, 218),
(31, 219),
(31, 220),
(31, 221),
(31, 222),
(31, 223),
(31, 224),
(31, 225),
(31, 226),
(31, 227),
(31, 228),
(31, 229),
(31, 230),
(31, 231),
(31, 232),
(31, 233),
(31, 234),
(31, 235),
(31, 236),
(31, 237),
(33, 141),
(33, 142),
(33, 143),
(33, 144),
(33, 145),
(33, 146),
(33, 147),
(33, 148),
(33, 149),
(33, 150),
(33, 151),
(33, 152),
(33, 153),
(33, 154),
(33, 155),
(33, 156),
(33, 157),
(33, 158),
(33, 159),
(33, 160),
(33, 161),
(33, 162),
(33, 163),
(33, 165),
(33, 166),
(33, 167),
(33, 168),
(33, 169),
(33, 170),
(33, 171),
(33, 172),
(33, 173),
(33, 174),
(33, 175),
(33, 176),
(33, 177),
(33, 178),
(33, 179),
(33, 180),
(33, 181),
(33, 182),
(33, 183),
(33, 184),
(33, 185),
(33, 186),
(33, 187),
(33, 188),
(33, 189),
(33, 190),
(33, 191),
(33, 192),
(33, 193),
(33, 194),
(33, 195),
(33, 196),
(33, 197),
(33, 198),
(33, 199),
(33, 200),
(33, 201),
(33, 202),
(33, 203),
(33, 204),
(33, 205),
(33, 206),
(33, 207),
(33, 208),
(33, 209),
(33, 210),
(33, 211),
(33, 212),
(33, 213),
(33, 214),
(33, 215),
(33, 216),
(33, 217),
(33, 218),
(33, 219),
(33, 220),
(33, 221),
(33, 222),
(33, 223),
(33, 224),
(33, 225),
(33, 226),
(33, 227),
(33, 228),
(33, 229),
(33, 230),
(33, 231),
(33, 232),
(33, 233),
(33, 234),
(33, 235),
(33, 236),
(33, 237),
(34, 141),
(34, 142),
(34, 143),
(34, 144),
(34, 145),
(34, 146),
(34, 147),
(34, 148),
(34, 149),
(34, 150),
(34, 151),
(34, 152),
(34, 153),
(34, 154),
(34, 155),
(34, 156),
(34, 157),
(34, 158),
(34, 159),
(34, 160),
(34, 161),
(34, 162),
(34, 163),
(34, 165),
(34, 166),
(34, 167),
(34, 168),
(34, 169),
(34, 170),
(34, 171),
(34, 172),
(34, 173),
(34, 174),
(34, 175),
(34, 176),
(34, 177),
(34, 178),
(34, 179),
(34, 180),
(34, 181),
(34, 182),
(34, 183),
(34, 184),
(34, 185),
(34, 186),
(34, 187),
(34, 188),
(34, 189),
(34, 190),
(34, 191),
(34, 192),
(34, 193),
(34, 194),
(34, 195),
(34, 196),
(34, 197),
(34, 198),
(34, 199),
(34, 200),
(34, 201),
(34, 202),
(34, 203),
(34, 204),
(34, 205),
(34, 206),
(34, 207),
(34, 208),
(34, 209),
(34, 210),
(34, 211),
(34, 212),
(34, 213),
(34, 214),
(34, 215),
(34, 216),
(34, 217),
(34, 218),
(34, 219),
(34, 220),
(34, 221),
(34, 222),
(34, 223),
(34, 224),
(34, 225),
(34, 226),
(34, 227),
(34, 228),
(34, 229),
(34, 230),
(34, 231),
(34, 232),
(34, 233),
(34, 234),
(34, 235),
(34, 236),
(34, 237),
(36, 141),
(36, 142),
(36, 143),
(36, 144),
(36, 145),
(36, 146),
(36, 147),
(36, 148),
(36, 149),
(36, 150),
(36, 151),
(41, 152),
(41, 153),
(41, 154),
(41, 155),
(41, 156),
(41, 157),
(41, 158),
(44, 159),
(44, 160),
(44, 161),
(44, 162),
(44, 163),
(44, 165),
(44, 166),
(49, 167),
(49, 168),
(49, 169),
(49, 170),
(49, 171),
(49, 172),
(49, 173),
(49, 174),
(49, 175),
(49, 176),
(51, 177),
(51, 178),
(51, 179),
(51, 180),
(51, 181),
(51, 182),
(51, 183),
(51, 184),
(51, 185),
(51, 186),
(51, 187),
(51, 188),
(51, 189),
(51, 190),
(51, 191),
(51, 192),
(51, 193),
(51, 194),
(51, 195),
(51, 196),
(51, 197),
(51, 198),
(51, 199),
(51, 200),
(51, 201),
(51, 202),
(51, 203),
(51, 204),
(51, 205),
(51, 206),
(51, 207),
(51, 208),
(51, 209),
(51, 210),
(52, 177),
(52, 178),
(52, 179),
(52, 180),
(52, 181),
(52, 182),
(52, 183),
(52, 184),
(52, 185),
(52, 186),
(52, 187),
(52, 188),
(52, 189),
(52, 190),
(52, 191),
(52, 192),
(52, 193),
(52, 194),
(52, 195),
(52, 196),
(52, 197),
(52, 198),
(52, 199),
(52, 200),
(52, 201),
(52, 202),
(52, 203),
(52, 204),
(52, 205),
(52, 206),
(52, 207),
(52, 208),
(52, 209),
(52, 210),
(54, 211),
(54, 212),
(54, 213),
(54, 214),
(54, 215),
(54, 216),
(54, 217),
(54, 218),
(54, 219),
(54, 220),
(54, 221),
(54, 222),
(54, 223),
(54, 224),
(54, 225),
(54, 226),
(58, 227),
(58, 228),
(58, 229),
(58, 230),
(58, 231),
(58, 232),
(58, 233),
(58, 234),
(58, 235),
(58, 236),
(58, 237),
(63, 141),
(63, 142),
(63, 143),
(63, 144),
(63, 145),
(63, 146),
(63, 147),
(63, 148),
(63, 149),
(63, 150),
(63, 151),
(63, 152),
(63, 153),
(63, 154),
(63, 155),
(63, 156),
(63, 157),
(63, 158),
(63, 159),
(63, 160),
(63, 161),
(63, 162),
(63, 163),
(63, 165),
(63, 166),
(63, 167),
(63, 168),
(63, 169),
(63, 170),
(63, 171),
(63, 172),
(63, 173),
(63, 174),
(63, 175),
(63, 176),
(63, 177),
(63, 178),
(63, 179),
(63, 180),
(63, 181),
(63, 182),
(63, 183),
(63, 184),
(63, 185),
(63, 186),
(63, 187),
(63, 188),
(63, 189),
(63, 190),
(63, 191),
(63, 192),
(63, 193),
(63, 194),
(63, 195),
(63, 196),
(63, 197),
(63, 198),
(63, 199),
(63, 200),
(63, 201),
(63, 202),
(63, 203),
(63, 204),
(63, 205),
(63, 206),
(63, 207),
(63, 208),
(63, 209),
(63, 210),
(63, 211),
(63, 212),
(63, 213),
(63, 214),
(63, 215),
(63, 216),
(63, 217),
(63, 218),
(63, 219),
(63, 220),
(63, 221),
(63, 222),
(63, 223),
(63, 224),
(63, 225),
(63, 226),
(63, 227),
(63, 228),
(63, 229),
(63, 230),
(63, 231),
(63, 232),
(63, 233),
(63, 234),
(63, 235),
(63, 236),
(63, 237),
(64, 141),
(64, 142),
(64, 143),
(64, 144),
(64, 145),
(64, 146),
(64, 147),
(64, 148),
(64, 149),
(64, 150),
(64, 151),
(64, 152),
(64, 153),
(64, 154),
(64, 155),
(64, 156),
(64, 157),
(64, 158),
(64, 159),
(64, 160),
(64, 161),
(64, 162),
(64, 163),
(64, 165),
(64, 166),
(64, 167),
(64, 168),
(64, 169),
(64, 170),
(64, 171),
(64, 172),
(64, 173),
(64, 174),
(64, 175),
(64, 176),
(64, 177),
(64, 178),
(64, 179),
(64, 180),
(64, 181),
(64, 182),
(64, 183),
(64, 184),
(64, 185),
(64, 186),
(64, 187),
(64, 188),
(64, 189),
(64, 190),
(64, 191),
(64, 192),
(64, 193),
(64, 194),
(64, 195),
(64, 196),
(64, 197),
(64, 198),
(64, 199),
(64, 200),
(64, 201),
(64, 202),
(64, 203),
(64, 204),
(64, 205),
(64, 206),
(64, 207),
(64, 208),
(64, 209),
(64, 210),
(64, 211),
(64, 212),
(64, 213),
(64, 214),
(64, 215),
(64, 216),
(64, 217),
(64, 218),
(64, 219),
(64, 220),
(64, 221),
(64, 222),
(64, 223),
(64, 224),
(64, 225),
(64, 226),
(64, 227),
(64, 228),
(64, 229),
(64, 230),
(64, 231),
(64, 232),
(64, 233),
(64, 234),
(64, 235),
(64, 236),
(64, 237),
(79, 177),
(79, 178),
(79, 179),
(79, 180),
(79, 181),
(79, 182),
(79, 183),
(79, 184),
(79, 185),
(79, 186),
(79, 187),
(79, 188),
(79, 189),
(79, 190),
(79, 191),
(79, 192),
(79, 193),
(79, 194),
(79, 195),
(79, 196),
(79, 197),
(79, 198),
(79, 199),
(79, 200),
(79, 201),
(79, 202),
(79, 203),
(79, 204),
(79, 205),
(79, 206),
(79, 207),
(79, 208),
(79, 209),
(79, 210);

-- --------------------------------------------------------

--
-- Estructura de tabla para la tabla `estados`
--

CREATE TABLE `estados` (
  `id_estado` int(11) NOT NULL,
  `nombre` varchar(30) COLLATE utf8_spanish2_ci NOT NULL
) ENGINE=InnoDB DEFAULT CHARSET=utf8 COLLATE=utf8_spanish2_ci;

--
-- Volcado de datos para la tabla `estados`
--

INSERT INTO `estados` (`id_estado`, `nombre`) VALUES
(1, 'Enviado'),
(2, 'Recibido'),
(3, 'En espera'),
(4, 'Respondido'),
(5, 'Resuelto'),
(6, 'Trabajando'),
(7, 'Eliminado'),
(8, 'Control'),
(9, 'Transferido');

-- --------------------------------------------------------

--
-- Estructura de tabla para la tabla `estados_pgm`
--

CREATE TABLE `estados_pgm` (
  `id_estado` int(11) NOT NULL,
  `estado` varchar(15) COLLATE utf8_spanish2_ci NOT NULL
) ENGINE=InnoDB DEFAULT CHARSET=utf8 COLLATE=utf8_spanish2_ci;

--
-- Volcado de datos para la tabla `estados_pgm`
--

INSERT INTO `estados_pgm` (`id_estado`, `estado`) VALUES
(1, 'Excelente'),
(2, 'Bien'),
(3, 'Lento'),
(4, 'Bloqueado'),
(5, 'Reiniciando');

-- --------------------------------------------------------

--
-- Estructura de tabla para la tabla `estado_actual_pgm`
--

CREATE TABLE `estado_actual_pgm` (
  `id` int(11) NOT NULL,
  `fk_estado_pgm` int(11) NOT NULL,
  `fecha` timestamp NOT NULL
) ENGINE=InnoDB DEFAULT CHARSET=utf8 COLLATE=utf8_spanish2_ci;

--
-- Volcado de datos para la tabla `estado_actual_pgm`
--

INSERT INTO `estado_actual_pgm` (`id`, `fk_estado_pgm`, `fecha`) VALUES
(1, 1, '2017-06-30 14:04:53');

-- --------------------------------------------------------

--
-- Estructura de tabla para la tabla `historial_tickets`
--

CREATE TABLE `historial_tickets` (
  `id_historial` int(11) NOT NULL,
  `fk_ticket` int(11) NOT NULL,
  `fk_usuario` int(11) DEFAULT NULL,
  `fecha` date NOT NULL,
  `hora` timestamp NULL DEFAULT NULL,
  `fk_estado` int(11) DEFAULT NULL,
  `resolucion` varchar(3000) DEFAULT NULL,
  `fk_razon` int(11) DEFAULT NULL
) ENGINE=InnoDB DEFAULT CHARSET=utf8;

--
-- Volcado de datos para la tabla `historial_tickets`
--

INSERT INTO `historial_tickets` (`id_historial`, `fk_ticket`, `fk_usuario`, `fecha`, `hora`, `fk_estado`, `resolucion`, `fk_razon`) VALUES
(709, 358, NULL, '2017-06-13', '2017-07-11 14:24:16', 1, NULL, NULL),
(724, 363, NULL, '2017-06-22', '2017-07-11 14:24:16', 1, NULL, NULL),
(725, 363, 31, '2017-06-22', '2017-07-11 14:24:16', 4, NULL, NULL),
(726, 363, 31, '2017-06-22', '2017-07-11 14:24:16', 4, NULL, NULL),
(727, 363, 31, '2017-06-22', '2017-07-11 14:24:16', 3, NULL, NULL),
(728, 363, 31, '2017-06-22', '2017-07-11 14:24:16', 5, 'Resolucion por farroyo : ', NULL),
(729, 364, NULL, '2017-06-22', '2017-07-11 14:24:16', 1, NULL, NULL),
(730, 364, 31, '2017-06-22', '2017-07-11 14:24:16', 2, NULL, NULL),
(731, 364, 31, '2017-06-22', '2017-07-11 14:24:16', 3, NULL, NULL),
(732, 364, 31, '2017-06-22', '2017-07-11 14:24:16', 4, NULL, NULL),
(733, 364, 31, '2017-06-22', '2017-07-11 14:24:16', 3, NULL, NULL),
(734, 364, 31, '2017-06-22', '2017-07-11 14:24:16', 4, NULL, NULL),
(735, 364, 31, '2017-06-22', '2017-07-11 14:24:16', 3, NULL, NULL),
(736, 364, 31, '2017-06-22', '2017-07-11 14:24:16', 4, NULL, NULL),
(737, 364, 31, '2017-06-22', '2017-07-11 14:24:16', 3, NULL, NULL),
(738, 364, 31, '2017-06-22', '2017-07-11 14:24:16', 5, 'Resolucion por farroyo : ', NULL),
(739, 365, NULL, '2017-06-22', '2017-07-11 14:24:16', 1, NULL, NULL),
(740, 366, NULL, '2017-06-22', '2017-07-11 14:24:16', 1, NULL, NULL),
(741, 367, NULL, '2017-06-22', '2017-07-11 14:24:16', 1, NULL, NULL),
(742, 368, NULL, '2017-06-22', '2017-07-11 14:24:16', 1, NULL, NULL),
(743, 369, NULL, '2017-06-22', '2017-07-24 14:48:15', 1, NULL, NULL),
(744, 370, NULL, '2017-06-22', '2017-07-11 14:24:16', 1, NULL, NULL),
(745, 371, NULL, '2017-06-22', '2017-07-11 14:24:16', 1, NULL, NULL),
(746, 372, NULL, '2017-06-22', '2017-07-11 14:24:16', 1, NULL, NULL),
(747, 373, NULL, '2017-06-22', '2017-07-11 14:24:16', 1, NULL, NULL),
(748, 374, NULL, '2017-06-22', '2017-07-11 14:24:16', 1, NULL, NULL),
(749, 358, 31, '2017-06-22', '2017-07-11 14:24:16', 5, 'Resolucion por farroyo : ', NULL),
(750, 365, 31, '2017-06-22', '2017-07-11 14:24:16', 5, 'Resolucion por farroyo : ', NULL),
(751, 366, 31, '2017-06-22', '2017-07-11 14:24:16', 2, NULL, NULL),
(752, 369, 31, '2017-06-23', '2017-07-24 14:48:15', 2, NULL, NULL),
(753, 370, 31, '2017-06-23', '2017-07-11 14:24:16', 2, NULL, NULL),
(754, 372, 31, '2017-06-23', '2017-07-11 14:24:16', 2, NULL, NULL),
(755, 373, 31, '2017-06-23', '2017-07-11 14:24:16', 2, NULL, NULL),
(756, 367, 31, '2017-06-23', '2017-07-11 14:24:16', 2, NULL, NULL),
(757, 368, 31, '2017-06-23', '2017-07-11 14:24:16', 2, NULL, NULL),
(758, 371, 31, '2017-06-23', '2017-07-11 14:24:16', 2, NULL, NULL),
(759, 374, 31, '2017-06-23', '2017-07-11 14:24:16', 2, NULL, NULL),
(763, 375, NULL, '2017-06-26', '2017-07-11 14:24:16', 1, NULL, NULL),
(764, 376, NULL, '2017-06-26', '2017-07-11 14:24:16', 1, NULL, NULL),
(765, 377, NULL, '2017-06-26', '2017-07-11 14:24:16', 1, NULL, NULL),
(766, 375, 31, '2017-06-26', '2017-07-11 14:24:16', 2, NULL, NULL),
(767, 376, 31, '2017-06-26', '2017-07-11 14:24:16', 2, NULL, NULL),
(768, 377, 31, '2017-06-26', '2017-07-11 14:24:16', 2, NULL, NULL),
(769, 378, NULL, '2017-06-26', '2017-07-11 14:24:16', 1, NULL, NULL),
(770, 378, 31, '2017-06-26', '2017-07-11 14:24:16', 2, NULL, NULL),
(771, 379, NULL, '2017-06-27', '2017-07-11 14:24:16', 1, NULL, NULL),
(772, 380, NULL, '2017-06-27', '2017-07-11 14:24:16', 1, NULL, NULL),
(773, 381, NULL, '2017-06-27', '2017-07-11 14:24:16', 1, NULL, NULL),
(774, 382, NULL, '2017-06-27', '2017-07-11 14:24:16', 1, NULL, NULL),
(775, 383, NULL, '2017-06-27', '2017-07-11 14:24:16', 1, NULL, NULL),
(776, 384, NULL, '2017-06-27', '2017-07-11 14:24:16', 1, NULL, NULL),
(777, 385, NULL, '2017-06-27', '2017-07-11 14:24:16', 1, NULL, NULL),
(778, 386, NULL, '2017-06-27', '2017-07-11 14:24:16', 1, NULL, NULL),
(779, 387, NULL, '2017-06-27', '2017-07-11 14:24:16', 1, NULL, NULL),
(780, 388, NULL, '2017-06-27', '2017-07-11 14:24:16', 1, NULL, NULL),
(781, 389, NULL, '2017-06-27', '2017-07-11 14:24:16', 1, NULL, NULL),
(782, 390, NULL, '2017-06-27', '2017-07-11 14:24:16', 1, NULL, NULL),
(783, 391, NULL, '2017-06-27', '2017-07-11 14:24:16', 1, NULL, NULL),
(784, 389, 31, '2017-06-27', '2017-07-11 14:24:16', 2, NULL, NULL),
(785, 388, 31, '2017-06-27', '2017-07-11 14:24:16', 2, NULL, NULL),
(786, 387, 31, '2017-06-27', '2017-07-11 14:24:16', 2, NULL, NULL),
(787, 390, 31, '2017-06-27', '2017-07-11 14:24:16', 2, NULL, NULL),
(788, 391, 31, '2017-06-27', '2017-07-11 14:24:16', 5, 'Resolucion por farroyo : ', NULL),
(789, 392, NULL, '2017-06-27', '2017-07-11 14:24:16', 1, NULL, NULL),
(790, 392, 31, '2017-06-27', '2017-07-11 14:24:16', 2, NULL, NULL),
(791, 386, 31, '2017-06-27', '2017-07-11 14:24:16', 2, NULL, NULL),
(792, 385, 31, '2017-06-27', '2017-07-11 14:24:16', 2, NULL, NULL),
(793, 384, 31, '2017-06-27', '2017-07-11 14:24:16', 2, NULL, NULL),
(794, 383, 31, '2017-06-27', '2017-07-11 14:24:16', 2, NULL, NULL),
(795, 382, 31, '2017-06-27', '2017-07-11 14:24:16', 2, NULL, NULL),
(796, 381, 31, '2017-06-27', '2017-07-11 14:24:16', 2, NULL, NULL),
(797, 380, 31, '2017-06-27', '2017-07-11 14:24:16', 2, NULL, NULL),
(798, 379, 31, '2017-06-27', '2017-07-11 14:24:16', 5, 'Resolucion por farroyo : se va a conectar solo electricidad', NULL),
(799, 393, NULL, '2017-06-28', '2017-07-11 14:24:16', 1, NULL, NULL),
(800, 393, 31, '2017-06-28', '2017-07-11 14:24:16', 2, NULL, NULL),
(801, 394, NULL, '2017-06-28', '2017-07-11 14:24:16', 1, NULL, NULL),
(802, 394, 31, '2017-06-28', '2017-07-11 14:24:16', 2, NULL, NULL),
(803, 395, NULL, '2017-06-28', '2017-07-11 14:24:16', 1, NULL, NULL),
(804, 395, 31, '2017-06-28', '2017-07-11 14:24:16', 2, NULL, NULL),
(816, 376, 31, '2017-06-28', '2017-07-11 14:24:16', 3, NULL, NULL),
(817, 398, NULL, '2017-06-28', '2017-07-11 14:24:16', 1, NULL, NULL),
(818, 399, NULL, '2017-06-28', '2017-07-11 14:24:16', 1, NULL, NULL),
(819, 398, 31, '2017-06-28', '2017-07-11 14:24:16', 2, NULL, NULL),
(820, 399, 31, '2017-06-28', '2017-07-11 14:24:16', 2, NULL, NULL),
(821, 400, NULL, '2017-06-28', '2017-07-11 14:24:16', 1, NULL, NULL),
(822, 400, 31, '2017-06-28', '2017-07-11 14:24:16', 2, NULL, NULL),
(823, 401, NULL, '2017-06-28', '2017-07-11 14:24:16', 1, NULL, NULL),
(825, 402, NULL, '2017-07-03', '2017-07-11 14:24:16', 1, NULL, NULL),
(826, 403, NULL, '2017-07-03', '2017-07-11 14:24:16', 1, NULL, NULL),
(827, 404, NULL, '2017-07-03', '2017-07-11 14:24:16', 1, NULL, NULL),
(828, 405, NULL, '2017-07-03', '2017-07-26 14:50:48', 1, NULL, NULL),
(829, 406, NULL, '2017-07-03', '2017-07-27 13:16:57', 1, NULL, NULL),
(830, 407, NULL, '2017-07-03', '2017-07-11 14:24:16', 1, NULL, NULL),
(831, 405, 31, '2017-07-03', '2017-07-26 14:50:48', 2, NULL, NULL),
(832, 408, NULL, '2017-07-03', '2017-07-11 14:24:16', 1, NULL, NULL),
(833, 409, NULL, '2017-07-03', '2017-07-11 14:24:16', 1, NULL, NULL),
(834, 409, 31, '2017-07-03', '2017-07-11 14:24:16', 4, NULL, NULL),
(835, 409, 31, '2017-07-03', '2017-07-11 14:24:16', 4, NULL, NULL),
(836, 410, NULL, '2017-07-03', '2017-07-11 14:24:16', 1, NULL, NULL),
(837, 411, NULL, '2017-07-03', '2017-07-13 17:02:06', 1, NULL, NULL),
(838, 412, NULL, '2017-07-03', '2017-07-11 14:24:16', 1, NULL, NULL),
(839, 413, NULL, '2017-07-03', '2017-07-11 14:24:16', 1, NULL, NULL),
(840, 414, NULL, '2017-07-03', '2017-07-11 14:24:16', 1, NULL, NULL),
(841, 415, NULL, '2017-07-03', '2017-07-11 14:24:16', 1, NULL, NULL),
(842, 415, 31, '2017-07-03', '2017-07-11 14:24:16', 4, NULL, NULL),
(843, 416, NULL, '2017-07-03', '2017-07-11 14:24:16', 1, NULL, NULL),
(844, 417, NULL, '2017-07-03', '2017-07-11 14:24:16', 1, NULL, NULL),
(845, 416, 31, '2017-07-03', '2017-07-11 14:24:16', 4, NULL, NULL),
(846, 418, NULL, '2017-07-03', '2017-07-11 14:24:16', 1, NULL, NULL),
(847, 419, NULL, '2017-07-04', '2017-07-11 14:24:16', 1, NULL, NULL),
(848, 414, 31, '2017-07-04', '2017-07-11 14:24:16', 2, NULL, NULL),
(849, 414, 31, '2017-07-04', '2017-07-11 14:24:16', 1, 'Resolucion por farroyo : CORRESPONDE A PLOMERIA', NULL),
(850, 420, NULL, '2017-07-04', '2017-07-11 15:43:07', 1, NULL, NULL),
(851, 421, NULL, '2017-07-04', '2017-07-11 14:24:16', 1, NULL, NULL),
(852, 422, NULL, '2017-07-04', '2017-07-26 14:38:00', 1, NULL, NULL),
(853, 423, NULL, '2017-07-04', '2017-07-11 14:24:16', 1, NULL, NULL),
(854, 402, 31, '2017-07-04', '2017-07-11 14:24:16', 4, NULL, NULL),
(855, 424, NULL, '2017-07-04', '2017-07-11 14:24:16', 1, NULL, NULL),
(856, 425, NULL, '2017-07-04', '2017-07-27 14:56:57', 1, NULL, NULL),
(857, 366, 51, '2017-07-04', '2017-07-11 14:24:16', 2, NULL, NULL),
(858, 375, 51, '2017-07-04', '2017-07-11 14:24:16', 2, NULL, NULL),
(859, 377, 51, '2017-07-04', '2017-07-11 14:24:16', 2, NULL, NULL),
(860, 378, 51, '2017-07-04', '2017-07-11 14:24:16', 2, NULL, NULL),
(861, 386, 51, '2017-07-04', '2017-07-11 14:24:16', 2, NULL, NULL),
(862, 387, 51, '2017-07-04', '2017-07-11 14:24:16', 2, NULL, NULL),
(863, 389, 51, '2017-07-04', '2017-07-11 14:24:16', 2, NULL, NULL),
(864, 395, 51, '2017-07-04', '2017-07-11 14:24:16', 2, NULL, NULL),
(865, 398, 51, '2017-07-04', '2017-07-11 14:24:16', 2, NULL, NULL),
(866, 399, 51, '2017-07-04', '2017-07-11 14:24:16', 2, NULL, NULL),
(867, 400, 51, '2017-07-04', '2017-07-11 14:24:16', 2, NULL, NULL),
(868, 402, 51, '2017-07-04', '2017-07-11 14:24:16', 2, NULL, NULL),
(869, 406, 51, '2017-07-04', '2017-07-27 13:16:57', 2, NULL, NULL),
(870, 410, 51, '2017-07-04', '2017-07-11 14:24:16', 2, NULL, NULL),
(871, 411, 51, '2017-07-04', '2017-07-13 17:02:06', 2, NULL, NULL),
(872, 416, 51, '2017-07-04', '2017-07-11 14:24:16', 2, NULL, NULL),
(873, 418, 51, '2017-07-04', '2017-07-11 14:24:16', 2, NULL, NULL),
(874, 420, 51, '2017-07-04', '2017-07-11 15:43:07', 2, NULL, NULL),
(875, 421, 51, '2017-07-04', '2017-07-11 14:24:16', 2, NULL, NULL),
(876, 423, 51, '2017-07-04', '2017-07-11 14:24:16', 2, NULL, NULL),
(877, 368, 41, '2017-07-04', '2017-07-11 14:24:16', 2, NULL, NULL),
(878, 380, 41, '2017-07-04', '2017-07-11 14:24:16', 2, NULL, NULL),
(879, 393, 41, '2017-07-04', '2017-07-11 14:24:16', 2, NULL, NULL),
(880, 401, 41, '2017-07-04', '2017-07-11 14:24:16', 2, NULL, NULL),
(881, 407, 41, '2017-07-04', '2017-07-11 14:24:16', 2, NULL, NULL),
(882, 367, 36, '2017-07-04', '2017-07-11 14:24:16', 2, NULL, NULL),
(883, 371, 36, '2017-07-04', '2017-07-11 14:24:16', 2, NULL, NULL),
(884, 374, 36, '2017-07-04', '2017-07-11 14:24:16', 2, NULL, NULL),
(885, 384, 36, '2017-07-04', '2017-07-11 14:24:16', 2, NULL, NULL),
(886, 385, 36, '2017-07-04', '2017-07-11 14:24:16', 2, NULL, NULL),
(887, 412, 36, '2017-07-04', '2017-07-11 14:24:16', 2, NULL, NULL),
(888, 392, 44, '2017-07-04', '2017-07-11 14:24:16', 2, NULL, NULL),
(889, 394, 58, '2017-07-04', '2017-07-11 14:24:16', 2, NULL, NULL),
(890, 404, 58, '2017-07-04', '2017-07-11 14:24:16', 2, NULL, NULL),
(891, 426, NULL, '2017-07-04', '2017-07-11 14:24:16', 1, NULL, NULL),
(892, 427, NULL, '2017-07-04', '2017-07-11 14:24:16', 1, NULL, NULL),
(893, 428, NULL, '2017-07-04', '2017-07-11 14:24:16', 1, NULL, NULL),
(894, 429, NULL, '2017-07-04', '2017-07-11 14:24:16', 1, NULL, NULL),
(895, 430, NULL, '2017-07-04', '2017-07-11 14:24:16', 1, NULL, NULL),
(896, 431, NULL, '2017-07-04', '2017-07-11 15:33:45', 1, NULL, NULL),
(897, 432, NULL, '2017-07-04', '2017-07-11 14:24:16', 1, NULL, NULL),
(898, 433, NULL, '2017-07-04', '2017-07-11 14:24:16', 1, NULL, NULL),
(899, 434, NULL, '2017-07-04', '2017-07-11 14:24:16', 1, NULL, NULL),
(900, 435, NULL, '2017-07-04', '2017-07-11 14:24:16', 1, NULL, NULL),
(901, 436, NULL, '2017-07-05', '2017-07-11 14:24:16', 1, NULL, NULL),
(902, 437, NULL, '2017-07-05', '2017-07-13 18:16:36', 1, NULL, NULL),
(903, 438, NULL, '2017-07-05', '2017-07-26 14:46:42', 1, NULL, NULL),
(904, 439, NULL, '2017-07-05', '2017-07-13 18:16:26', 1, NULL, NULL),
(905, 440, NULL, '2017-07-05', '2017-08-01 15:15:54', 1, NULL, NULL),
(906, 441, NULL, '2017-07-05', '2017-07-11 14:24:16', 1, NULL, NULL),
(907, 369, 54, '2017-07-05', '2017-07-24 14:48:15', 2, NULL, NULL),
(908, 370, 54, '2017-07-05', '2017-07-11 14:24:16', 2, NULL, NULL),
(909, 370, 54, '2017-07-05', '2017-07-11 14:24:16', 4, NULL, NULL),
(910, 370, 54, '2017-07-05', '2017-07-11 14:24:16', 8, NULL, NULL),
(911, 408, 54, '2017-07-05', '2017-07-11 14:24:16', 2, NULL, NULL),
(912, 372, 54, '2017-07-05', '2017-07-11 14:24:16', 2, NULL, NULL),
(913, 373, 54, '2017-07-05', '2017-07-11 14:24:16', 2, NULL, NULL),
(914, 376, 54, '2017-07-05', '2017-07-11 14:24:16', 2, NULL, NULL),
(915, 381, 54, '2017-07-05', '2017-07-11 14:24:16', 2, NULL, NULL),
(916, 382, 54, '2017-07-05', '2017-07-11 14:24:16', 2, NULL, NULL),
(917, 382, 54, '2017-07-05', '2017-07-11 14:24:16', 4, NULL, NULL),
(918, 383, 54, '2017-07-05', '2017-07-11 14:24:16', 2, NULL, NULL),
(919, 403, 54, '2017-07-05', '2017-07-11 14:24:16', 2, NULL, NULL),
(920, 413, 54, '2017-07-05', '2017-07-11 14:24:16', 2, NULL, NULL),
(921, 413, 54, '2017-07-05', '2017-07-11 14:24:16', 4, NULL, NULL),
(922, 415, 54, '2017-07-05', '2017-07-11 14:24:16', 2, NULL, NULL),
(923, 415, 54, '2017-07-05', '2017-07-11 14:24:16', 4, NULL, NULL),
(924, 439, 54, '2017-07-05', '2017-07-13 18:16:26', 2, NULL, NULL),
(925, 439, 54, '2017-07-05', '2017-07-13 18:16:26', 4, NULL, NULL),
(926, 439, 54, '2017-07-05', '2017-07-13 18:16:26', 8, NULL, NULL),
(927, 435, 54, '2017-07-05', '2017-07-11 14:24:16', 2, NULL, NULL),
(928, 429, 54, '2017-07-05', '2017-07-11 14:24:16', 2, NULL, NULL),
(929, 425, 54, '2017-07-05', '2017-07-27 14:56:57', 2, NULL, NULL),
(930, 424, 54, '2017-07-05', '2017-07-11 14:24:16', 2, NULL, NULL),
(931, 424, 54, '2017-07-05', '2017-07-11 14:24:16', 8, NULL, NULL),
(932, 417, 54, '2017-07-05', '2017-07-11 14:24:16', 2, NULL, NULL),
(933, 422, 54, '2017-07-05', '2017-07-26 14:38:00', 2, NULL, NULL),
(934, 440, 54, '2017-07-05', '2017-08-01 15:15:54', 2, NULL, NULL),
(935, 409, 54, '2017-07-05', '2017-07-11 14:24:16', 2, NULL, NULL),
(936, 409, 54, '2017-07-05', '2017-07-11 14:24:16', 4, NULL, NULL),
(937, 427, 51, '2017-07-05', '2017-07-11 14:24:16', 2, NULL, NULL),
(938, 428, 51, '2017-07-05', '2017-07-11 14:24:16', 2, NULL, NULL),
(939, 430, 51, '2017-07-05', '2017-07-11 14:24:16', 2, NULL, NULL),
(940, 431, 51, '2017-07-05', '2017-07-11 15:33:45', 2, NULL, NULL),
(941, 432, 51, '2017-07-05', '2017-07-11 14:24:16', 2, NULL, NULL),
(942, 436, 51, '2017-07-05', '2017-07-11 14:24:16', 2, NULL, NULL),
(943, 437, 51, '2017-07-05', '2017-07-13 18:16:36', 2, NULL, NULL),
(944, 426, 36, '2017-07-05', '2017-07-11 14:24:16', 2, NULL, NULL),
(945, 441, 36, '2017-07-05', '2017-07-11 14:24:16', 2, NULL, NULL),
(947, 436, 51, '2017-07-05', '2017-07-11 14:24:16', 8, NULL, NULL),
(948, 390, 49, '2017-07-05', '2017-07-11 14:24:16', 2, NULL, NULL),
(949, 405, 49, '2017-07-05', '2017-07-26 14:50:48', 2, NULL, NULL),
(950, 419, 49, '2017-07-05', '2017-07-11 14:24:16', 2, NULL, NULL),
(951, 438, 58, '2017-07-05', '2017-07-26 14:46:42', 2, NULL, NULL),
(952, 433, 41, '2017-07-05', '2017-07-11 14:24:16', 2, NULL, NULL),
(953, 434, 41, '2017-07-05', '2017-07-11 14:24:16', 2, NULL, NULL),
(954, 382, 54, '2017-07-06', '2017-07-11 14:24:16', 3, NULL, NULL),
(955, 388, 54, '2017-07-06', '2017-07-11 14:24:16', 2, NULL, NULL),
(956, 413, 54, '2017-07-06', '2017-07-11 14:24:16', 3, NULL, NULL),
(957, 415, 54, '2017-07-06', '2017-07-11 14:24:16', 8, NULL, NULL),
(958, 382, 33, '2017-07-06', '2017-07-11 14:24:16', 2, NULL, NULL),
(959, 382, 33, '2017-07-06', '2017-07-11 14:24:16', 4, NULL, NULL),
(960, 413, 33, '2017-07-06', '2017-07-11 14:24:16', 2, NULL, NULL),
(961, 413, 33, '2017-07-06', '2017-07-11 14:24:16', 4, NULL, NULL),
(962, 413, 33, '2017-07-06', '2017-07-11 14:24:16', 4, NULL, NULL),
(963, 409, 33, '2017-07-06', '2017-07-11 14:24:16', 4, NULL, NULL),
(965, 444, NULL, '2017-07-06', '2017-07-11 14:24:16', 1, NULL, NULL),
(966, 445, NULL, '2017-07-06', '2017-07-13 18:15:56', 1, NULL, NULL),
(968, 446, NULL, '2017-07-06', '2017-08-01 15:25:58', 1, NULL, NULL),
(969, 447, NULL, '2017-07-06', '2017-07-13 18:15:16', 1, NULL, NULL),
(970, 446, 58, '2017-07-06', '2017-08-01 15:25:58', 2, NULL, NULL),
(971, 446, 58, '2017-07-06', '2017-08-01 15:25:58', 4, NULL, NULL),
(972, 446, 58, '2017-07-06', '2017-08-01 15:25:58', 3, NULL, NULL),
(973, 444, 54, '2017-07-06', '2017-07-11 14:24:16', 2, NULL, NULL),
(974, 444, 54, '2017-07-06', '2017-07-11 14:24:16', 8, NULL, NULL),
(975, 445, 54, '2017-07-06', '2017-07-13 18:15:56', 2, NULL, NULL),
(976, 444, 54, '2017-07-06', '2017-07-11 14:24:16', 4, NULL, NULL),
(977, 444, 54, '2017-07-06', '2017-07-11 14:24:16', 8, NULL, NULL),
(978, 446, 33, '2017-07-06', '2017-08-01 15:25:58', 2, NULL, NULL),
(979, 446, 33, '2017-07-06', '2017-08-01 15:25:58', 4, NULL, NULL),
(980, 448, NULL, '2017-07-06', '2017-07-11 14:24:16', 1, NULL, NULL),
(984, 452, NULL, '2017-07-06', '2017-07-11 14:24:16', 1, NULL, NULL),
(985, 452, 31, '2017-07-06', '2017-07-11 14:24:16', 4, NULL, NULL),
(986, 453, NULL, '2017-07-07', '2017-07-12 13:34:53', 1, NULL, NULL),
(987, 454, NULL, '2017-07-07', '2017-07-11 14:24:16', 1, NULL, NULL),
(988, 455, NULL, '2017-07-07', '2017-07-11 14:24:16', 1, NULL, NULL),
(989, 456, NULL, '2017-07-07', '2017-07-26 15:49:51', 1, NULL, NULL),
(990, 446, 33, '2017-07-07', '2017-08-01 15:25:58', 4, NULL, NULL),
(991, 446, 33, '2017-07-07', '2017-08-01 15:25:58', 3, NULL, NULL),
(992, 457, NULL, '2017-07-07', '2017-07-26 14:27:29', 1, NULL, NULL),
(993, 447, 51, '2017-07-07', '2017-07-13 18:15:16', 4, NULL, NULL),
(994, 458, NULL, '2017-07-07', '2017-07-11 15:30:29', 1, NULL, NULL),
(995, 412, 33, '2017-07-07', '2017-07-11 14:24:16', 4, NULL, NULL),
(996, 412, 33, '2017-07-07', '2017-07-11 14:24:16', 3, NULL, NULL),
(997, 426, 33, '2017-07-07', '2017-07-11 14:24:16', 4, NULL, NULL),
(998, 441, 33, '2017-07-07', '2017-07-11 14:24:16', 4, NULL, NULL),
(999, 441, 33, '2017-07-07', '2017-07-11 14:24:16', 3, NULL, NULL),
(1000, 426, 33, '2017-07-07', '2017-07-11 14:24:16', 3, NULL, NULL),
(1001, 412, 63, '2017-07-07', '2017-07-11 14:24:16', 2, NULL, NULL),
(1002, 412, 63, '2017-07-07', '2017-07-11 14:24:16', 4, NULL, NULL),
(1003, 412, 63, '2017-07-07', '2017-07-11 14:24:16', 3, NULL, NULL),
(1004, 459, NULL, '2017-07-07', '2017-07-11 14:24:16', 1, NULL, NULL),
(1005, 460, NULL, '2017-07-07', '2017-08-01 14:47:00', 1, NULL, NULL),
(1006, 426, 33, '2017-07-07', '2017-07-11 14:24:16', 4, NULL, NULL),
(1007, 461, NULL, '2017-07-07', '2017-07-11 14:24:16', 1, NULL, NULL),
(1008, 462, NULL, '2017-07-07', '2017-07-11 14:24:16', 1, NULL, NULL),
(1009, 426, 33, '2017-07-07', '2017-07-11 14:24:16', 3, NULL, NULL),
(1010, 463, NULL, '2017-07-07', '2017-07-11 14:24:16', 1, NULL, NULL),
(1011, 448, 41, '2017-07-07', '2017-07-11 14:24:16', 2, NULL, NULL),
(1012, 462, 41, '2017-07-07', '2017-07-11 14:24:16', 2, NULL, NULL),
(1013, 453, 36, '2017-07-07', '2017-07-12 13:34:53', 2, NULL, NULL),
(1014, 456, 36, '2017-07-07', '2017-07-26 15:49:51', 2, NULL, NULL),
(1015, 459, 36, '2017-07-07', '2017-07-11 14:24:16', 2, NULL, NULL),
(1016, 460, 36, '2017-07-07', '2017-08-01 14:47:00', 2, NULL, NULL),
(1017, 454, 44, '2017-07-07', '2017-07-11 14:24:16', 2, NULL, NULL),
(1018, 458, 51, '2017-07-07', '2017-07-11 15:30:29', 2, NULL, NULL),
(1019, 455, 58, '2017-07-07', '2017-07-11 14:24:16', 2, NULL, NULL),
(1020, 463, 58, '2017-07-07', '2017-07-11 14:24:16', 2, NULL, NULL),
(1021, 461, 49, '2017-07-07', '2017-07-11 14:24:16', 2, NULL, NULL),
(1024, 426, 63, '2017-07-10', '2017-07-11 14:24:16', 2, NULL, NULL),
(1025, 441, 63, '2017-07-10', '2017-07-11 14:24:16', 2, NULL, NULL),
(1026, 465, NULL, '2017-07-10', '2017-07-11 14:24:16', 1, NULL, NULL),
(1027, 438, 33, '2017-07-10', '2017-07-26 14:46:42', 2, NULL, NULL),
(1028, 459, 31, '2017-07-10', '2017-07-11 14:24:16', 2, NULL, NULL),
(1029, 459, 31, '2017-07-10', '2017-07-11 14:24:16', 1, 'Resolucion por farroyo - 686 : Quieren pintar el piso nuevo', NULL),
(1030, 438, 33, '2017-07-10', '2017-07-26 14:46:42', 4, NULL, NULL),
(1031, 459, 44, '2017-07-10', '2017-07-11 14:24:16', 2, NULL, NULL),
(1032, 460, 33, '2017-07-10', '2017-08-01 14:47:00', 2, NULL, NULL),
(1033, 426, 63, '2017-07-10', '2017-07-11 14:24:16', 4, NULL, NULL),
(1034, 426, 63, '2017-07-10', '2017-07-11 14:24:16', 4, NULL, NULL),
(1035, 426, 63, '2017-07-10', '2017-07-11 14:24:16', 4, NULL, NULL),
(1036, 426, 63, '2017-07-10', '2017-07-11 14:24:16', 3, NULL, NULL),
(1037, 460, 33, '2017-07-10', '2017-08-01 14:47:00', 4, NULL, NULL),
(1038, 382, 33, '2017-07-10', '2017-07-11 14:24:16', 4, NULL, NULL),
(1039, 382, 33, '2017-07-10', '2017-07-11 14:24:16', 3, NULL, NULL),
(1040, 413, 33, '2017-07-10', '2017-07-11 14:24:16', 4, NULL, NULL),
(1041, 413, 33, '2017-07-10', '2017-07-11 14:24:16', 3, NULL, NULL),
(1042, 441, 31, '2017-07-10', '2017-07-11 14:24:16', 4, NULL, NULL),
(1043, 457, 54, '2017-07-10', '2017-07-26 14:27:29', 2, NULL, NULL),
(1044, 440, 54, '2017-07-10', '2017-08-01 15:15:54', 4, NULL, NULL),
(1045, 440, 54, '2017-07-10', '2017-08-01 15:15:54', 3, NULL, NULL),
(1046, 372, 54, '2017-07-10', '2017-07-11 14:24:16', 8, NULL, NULL),
(1047, 381, 54, '2017-07-10', '2017-07-11 14:24:16', 8, NULL, NULL),
(1048, 383, 54, '2017-07-10', '2017-07-11 14:24:16', 8, NULL, NULL),
(1049, 403, 54, '2017-07-10', '2017-07-11 14:24:16', 8, NULL, NULL),
(1050, 422, 54, '2017-07-10', '2017-07-26 14:38:00', 4, NULL, NULL),
(1051, 422, 54, '2017-07-10', '2017-07-26 14:38:00', 3, NULL, NULL),
(1052, 425, 54, '2017-07-10', '2017-07-27 14:56:57', 3, NULL, NULL),
(1053, 435, 54, '2017-07-10', '2017-07-11 14:24:16', 8, NULL, NULL),
(1054, 445, 54, '2017-07-10', '2017-07-13 18:15:56', 8, NULL, NULL),
(1055, 369, 54, '2017-07-10', '2017-07-24 14:48:15', 3, NULL, NULL),
(1056, 376, 54, '2017-07-10', '2017-07-11 14:24:16', 8, NULL, NULL),
(1057, 409, 54, '2017-07-10', '2017-07-11 14:24:16', 3, NULL, NULL),
(1058, 466, NULL, '2017-07-10', '2017-07-11 14:24:16', 1, NULL, NULL),
(1059, 467, NULL, '2017-07-10', '2017-07-11 14:24:16', 1, NULL, NULL),
(1060, 468, NULL, '2017-07-10', '2017-07-11 14:24:16', 1, NULL, NULL),
(1062, 432, 51, '2017-07-10', '2017-07-11 14:24:16', 4, NULL, NULL),
(1063, 465, 58, '2017-07-10', '2017-07-11 14:24:16', 2, NULL, NULL),
(1064, 467, 58, '2017-07-10', '2017-07-11 14:24:16', 2, NULL, NULL),
(1065, 369, 33, '2017-07-10', '2017-07-24 14:48:15', 2, NULL, NULL),
(1066, 468, 49, '2017-07-10', '2017-07-11 14:24:16', 2, NULL, NULL),
(1068, 369, 33, '2017-07-10', '2017-07-24 14:48:15', 4, NULL, NULL),
(1070, 369, 33, '2017-07-10', '2017-07-24 14:48:15', 4, NULL, NULL),
(1071, 409, 33, '2017-07-10', '2017-07-11 14:24:16', 2, NULL, NULL),
(1073, 471, NULL, '2017-07-10', '2017-07-11 14:24:16', 1, NULL, NULL),
(1075, 422, 33, '2017-07-10', '2017-07-26 14:38:00', 2, NULL, NULL),
(1076, 472, NULL, '2017-07-10', '2017-07-11 14:24:16', 1, NULL, NULL),
(1077, 422, 33, '2017-07-10', '2017-07-26 14:38:00', 4, NULL, NULL),
(1078, 422, 33, '2017-07-10', '2017-07-26 14:38:00', 4, NULL, NULL),
(1079, 473, NULL, '2017-07-10', '2017-07-11 14:24:16', 1, NULL, NULL),
(1080, 425, 33, '2017-07-10', '2017-07-27 14:56:57', 2, NULL, NULL),
(1081, 474, NULL, '2017-07-10', '2017-07-11 14:24:16', 1, NULL, NULL),
(1082, 382, 63, '2017-07-10', '2017-07-11 14:24:16', 4, NULL, NULL),
(1083, 425, 33, '2017-07-10', '2017-07-27 14:56:57', 4, NULL, NULL),
(1084, 425, 33, '2017-07-10', '2017-07-27 14:56:57', 3, NULL, NULL),
(1087, 366, 63, '2017-07-10', '2017-07-11 14:24:16', 2, NULL, NULL),
(1088, 366, 63, '2017-07-10', '2017-07-11 14:24:16', 3, NULL, NULL),
(1089, 369, 63, '2017-07-10', '2017-07-24 14:48:15', 2, NULL, NULL),
(1090, 369, 63, '2017-07-10', '2017-07-24 14:48:15', 3, NULL, NULL),
(1091, 373, 63, '2017-07-10', '2017-07-11 14:24:16', 2, NULL, NULL),
(1092, 373, 63, '2017-07-10', '2017-07-11 14:24:16', 3, NULL, NULL),
(1093, 382, 63, '2017-07-10', '2017-07-11 14:24:16', 3, NULL, NULL),
(1094, 387, 63, '2017-07-10', '2017-07-11 14:24:16', 2, NULL, NULL),
(1095, 387, 63, '2017-07-10', '2017-07-11 14:24:16', 3, NULL, NULL),
(1096, 366, 31, '2017-07-10', '2017-07-11 14:24:16', 4, NULL, NULL),
(1097, 366, 31, '2017-07-10', '2017-07-11 14:24:16', 3, NULL, NULL),
(1098, 367, 31, '2017-07-10', '2017-07-11 14:24:16', 4, NULL, NULL),
(1099, 368, 31, '2017-07-10', '2017-07-11 14:24:16', 4, NULL, NULL),
(1100, 369, 31, '2017-07-10', '2017-07-24 14:48:15', 4, NULL, NULL),
(1101, 370, 31, '2017-07-10', '2017-07-11 14:24:16', 4, NULL, NULL),
(1102, 371, 31, '2017-07-10', '2017-07-11 14:24:16', 4, NULL, NULL),
(1103, 372, 31, '2017-07-10', '2017-07-11 14:24:16', 4, NULL, NULL),
(1104, 373, 31, '2017-07-10', '2017-07-11 14:24:16', 4, NULL, NULL),
(1105, 374, 31, '2017-07-10', '2017-07-11 14:24:16', 4, NULL, NULL),
(1106, 375, 31, '2017-07-10', '2017-07-11 14:24:16', 4, NULL, NULL),
(1107, 376, 31, '2017-07-10', '2017-07-11 14:24:16', 4, NULL, NULL),
(1108, 377, 31, '2017-07-10', '2017-07-11 14:24:16', 4, NULL, NULL),
(1109, 378, 31, '2017-07-10', '2017-07-11 14:24:16', 4, NULL, NULL),
(1110, 380, 31, '2017-07-10', '2017-07-11 14:24:16', 4, NULL, NULL),
(1113, 381, 31, '2017-07-10', '2017-07-11 14:24:16', 4, NULL, NULL),
(1117, 440, 33, '2017-07-10', '2017-08-01 15:15:54', 2, NULL, NULL),
(1118, 440, 33, '2017-07-10', '2017-08-01 15:15:54', 4, NULL, NULL),
(1120, 383, 31, '2017-07-10', '2017-07-11 14:24:16', 4, NULL, NULL),
(1121, 384, 31, '2017-07-10', '2017-07-11 14:24:16', 4, NULL, NULL),
(1122, 385, 31, '2017-07-10', '2017-07-11 14:24:16', 4, NULL, NULL),
(1127, 386, 31, '2017-07-10', '2017-07-11 14:24:16', 4, NULL, NULL),
(1129, 388, 31, '2017-07-10', '2017-07-11 14:24:16', 4, NULL, NULL),
(1130, 366, 63, '2017-07-10', '2017-07-11 14:24:16', 2, NULL, NULL),
(1131, 366, 63, '2017-07-10', '2017-07-11 14:24:16', 3, NULL, NULL),
(1132, 373, 63, '2017-07-10', '2017-07-11 14:24:16', 2, NULL, NULL),
(1133, 373, 63, '2017-07-10', '2017-07-11 14:24:16', 3, NULL, NULL),
(1134, 388, 63, '2017-07-10', '2017-07-11 14:24:16', 2, NULL, NULL),
(1135, 395, 51, '2017-07-10', '2017-07-11 14:24:16', 8, NULL, NULL),
(1136, 386, 51, '2017-07-10', '2017-07-11 14:24:16', 2, NULL, NULL),
(1137, 378, 51, '2017-07-10', '2017-07-11 14:24:16', 2, NULL, NULL),
(1138, 377, 51, '2017-07-10', '2017-07-11 14:24:16', 2, NULL, NULL),
(1139, 377, 51, '2017-07-10', '2017-07-11 14:24:16', 8, NULL, NULL),
(1140, 367, 36, '2017-07-10', '2017-07-11 14:24:16', 2, NULL, NULL),
(1141, 371, 36, '2017-07-10', '2017-07-11 14:24:16', 2, NULL, NULL),
(1142, 374, 36, '2017-07-10', '2017-07-11 14:24:16', 2, NULL, NULL),
(1143, 384, 36, '2017-07-10', '2017-07-11 14:24:16', 2, NULL, NULL),
(1144, 384, 36, '2017-07-10', '2017-07-11 14:24:16', 8, NULL, NULL),
(1145, 385, 36, '2017-07-10', '2017-07-11 14:24:16', 2, NULL, NULL),
(1146, 388, 54, '2017-07-10', '2017-07-11 14:24:16', 2, NULL, NULL),
(1147, 383, 54, '2017-07-10', '2017-07-11 14:24:16', 2, NULL, NULL),
(1148, 383, 54, '2017-07-10', '2017-07-11 14:24:16', 8, NULL, NULL),
(1149, 381, 54, '2017-07-10', '2017-07-11 14:24:16', 2, NULL, NULL),
(1150, 381, 54, '2017-07-10', '2017-07-11 14:24:16', 8, NULL, NULL),
(1151, 376, 54, '2017-07-10', '2017-07-11 14:24:16', 2, NULL, NULL),
(1152, 376, 54, '2017-07-10', '2017-07-11 14:24:16', 8, NULL, NULL),
(1153, 370, 54, '2017-07-10', '2017-07-11 14:24:16', 2, NULL, NULL),
(1154, 370, 54, '2017-07-10', '2017-07-11 14:24:16', 8, NULL, NULL),
(1155, 368, 41, '2017-07-10', '2017-07-11 14:24:16', 2, NULL, NULL),
(1156, 380, 41, '2017-07-10', '2017-07-11 14:24:16', 2, NULL, NULL),
(1157, 375, 51, '2017-07-10', '2017-07-11 14:24:16', 2, NULL, NULL),
(1158, 372, 54, '2017-07-10', '2017-07-11 14:24:16', 2, NULL, NULL),
(1159, 372, 54, '2017-07-10', '2017-07-11 14:24:16', 8, NULL, NULL),
(1160, 481, NULL, '2017-07-11', '2017-07-13 18:16:13', 1, NULL, NULL),
(1161, 482, 63, '2017-07-11', '2017-07-12 18:21:07', 1, NULL, NULL),
(1162, 402, 51, '2017-07-11', '2017-07-11 14:24:16', 8, NULL, NULL),
(1163, 447, 51, '2017-07-11', '2017-07-13 18:15:16', 8, NULL, NULL),
(1164, 460, 33, '2017-07-11', '2017-08-01 14:47:00', 4, NULL, NULL),
(1165, 460, 33, '2017-07-11', '2017-08-01 14:47:00', 3, NULL, NULL),
(1166, 481, 51, '2017-07-11', '2017-07-13 18:16:13', 2, NULL, NULL),
(1167, 481, 51, '2017-07-11', '2017-07-13 18:16:13', 8, NULL, NULL),
(1169, 457, 54, '2017-07-11', '2017-07-26 14:27:29', 4, NULL, NULL),
(1170, 457, 54, '2017-07-11', '2017-07-26 14:27:29', 3, NULL, NULL),
(1171, 411, 51, '2017-07-11', '2017-07-13 17:02:06', 4, NULL, NULL),
(1172, 411, 51, '2017-07-11', '2017-07-13 17:02:06', 3, NULL, NULL),
(1173, 473, 54, '2017-07-11', '2017-07-11 14:24:16', 2, NULL, NULL),
(1174, 458, 51, '2017-07-11', '2017-07-11 15:30:29', 4, NULL, NULL),
(1175, 431, 51, '2017-07-11', '2017-07-11 15:33:45', 4, NULL, NULL),
(1176, 437, 51, '2017-07-11', '2017-07-13 18:16:36', 8, NULL, NULL),
(1177, 422, 33, '2017-07-11', '2017-07-26 14:38:00', 4, NULL, NULL),
(1178, 422, 33, '2017-07-11', '2017-07-26 14:38:00', 3, NULL, NULL),
(1179, 432, 51, '2017-07-11', '2017-07-11 14:24:16', 8, NULL, NULL),
(1180, 428, 51, '2017-07-11', '2017-07-11 14:24:16', 8, NULL, NULL),
(1181, 430, 51, '2017-07-11', '2017-07-11 14:24:16', 8, NULL, NULL),
(1182, 427, 51, '2017-07-11', '2017-07-11 14:24:16', 8, NULL, NULL),
(1183, 421, 51, '2017-07-11', '2017-07-11 14:24:16', 8, NULL, NULL),
(1184, 423, 51, '2017-07-11', '2017-07-11 14:24:16', 8, NULL, NULL),
(1185, 369, 33, '2017-07-11', '2017-07-24 14:48:15', 4, NULL, NULL),
(1186, 369, 33, '2017-07-11', '2017-07-24 14:48:15', 3, NULL, NULL),
(1187, 420, 51, '2017-07-11', '2017-07-11 15:43:07', 4, NULL, NULL),
(1188, 418, 51, '2017-07-11', '2017-07-11 14:24:16', 8, NULL, NULL),
(1189, 440, 33, '2017-07-11', '2017-08-01 15:15:54', 4, NULL, NULL),
(1190, 440, 33, '2017-07-11', '2017-08-01 15:15:54', 4, NULL, NULL),
(1191, 440, 33, '2017-07-11', '2017-08-01 15:15:54', 3, NULL, NULL),
(1192, 484, NULL, '2017-07-11', '2017-07-11 16:31:25', 1, NULL, NULL),
(1193, 405, 49, '2017-07-11', '2017-07-26 14:50:48', 8, NULL, NULL),
(1194, 419, 49, '2017-07-11', '2017-07-11 14:24:16', 8, NULL, NULL),
(1199, 405, 33, '2017-07-12', '2017-07-26 14:50:48', 2, NULL, NULL),
(1200, 405, 33, '2017-07-12', '2017-07-26 14:50:48', 4, NULL, NULL),
(1201, 405, 33, '2017-07-12', '2017-07-26 14:50:48', 3, NULL, NULL),
(1202, 457, 33, '2017-07-12', '2017-07-26 14:27:29', 4, NULL, NULL),
(1203, 488, NULL, '2017-07-12', '2017-07-12 13:11:00', 1, NULL, NULL),
(1204, 456, 36, '2017-07-12', '2017-07-26 15:49:51', 4, NULL, NULL),
(1206, 453, 36, '2017-07-12', '2017-07-12 13:34:53', 4, NULL, NULL),
(1207, 489, NULL, '2017-07-12', '2017-07-12 14:27:11', 1, NULL, NULL),
(1208, 490, NULL, '2017-07-12', '2017-07-24 12:23:52', 1, NULL, NULL),
(1215, 491, NULL, '2017-07-12', '2017-07-12 14:43:20', 1, NULL, NULL),
(1216, 490, 49, '2017-07-12', '2017-07-24 12:23:52', 2, NULL, NULL),
(1217, 492, NULL, '2017-07-12', '2017-07-28 11:31:00', 1, NULL, NULL),
(1218, 493, NULL, '2017-07-12', '2017-07-24 11:49:29', 1, NULL, NULL),
(1220, 494, NULL, '2017-07-12', '2017-07-12 15:14:57', 1, NULL, NULL),
(1221, 495, NULL, '2017-07-12', '2017-07-12 15:59:03', 1, NULL, NULL),
(1222, 496, NULL, '2017-07-12', '2017-07-12 16:13:18', 1, NULL, NULL),
(1223, 497, NULL, '2017-07-12', '2017-08-03 17:26:49', 1, NULL, NULL),
(1226, 499, NULL, '2017-07-12', '2017-07-12 16:53:54', 1, NULL, NULL),
(1228, 482, 31, '2017-07-12', '2017-07-12 18:21:07', 2, NULL, NULL),
(1229, 482, 31, '2017-07-12', '2017-07-12 18:21:07', 1, 'Resolucion por farroyo - 686 : No es gotera por lluvia en el techo, hay que ver tema de la bomba del sistema de calefacción para mejorar el sistema', NULL),
(1230, 482, 31, '2017-07-12', '2017-07-12 18:21:07', 4, 'Resolucion por farroyo - 686 : No es gotera por lluvia en el techo, hay que ver tema de la bomba del sistema de calefacción para mejorar el sistema', NULL),
(1231, 482, 31, '2017-07-12', '2017-07-12 18:21:07', 6, NULL, NULL),
(1232, 501, NULL, '2017-07-12', '2017-07-13 18:19:16', 1, NULL, NULL),
(1233, 501, 31, '2017-07-12', '2017-07-13 18:19:16', 2, NULL, NULL),
(1234, 501, 31, '2017-07-12', '2017-07-13 18:19:16', 4, NULL, NULL),
(1235, 502, NULL, '2017-07-12', '2017-07-12 18:34:54', 1, NULL, NULL),
(1236, 502, 31, '2017-07-12', '2017-07-12 18:34:54', 2, NULL, NULL),
(1237, 502, 31, '2017-07-12', '2017-07-12 18:34:54', 3, NULL, NULL),
(1238, 501, 31, '2017-07-12', '2017-07-13 18:19:16', 3, NULL, NULL),
(1242, 481, 34, '2017-07-13', '2017-07-13 18:16:13', 2, NULL, NULL),
(1243, 481, 34, '2017-07-13', '2017-07-13 18:16:13', 8, NULL, NULL),
(1244, 447, 34, '2017-07-13', '2017-07-13 18:15:16', 2, NULL, NULL),
(1245, 447, 34, '2017-07-13', '2017-07-13 18:15:16', 8, NULL, NULL),
(1250, 507, NULL, '2017-07-13', '2017-07-21 16:32:02', 1, NULL, NULL),
(1254, 445, 34, '2017-07-13', '2017-07-13 18:15:56', 2, NULL, NULL),
(1255, 445, 34, '2017-07-13', '2017-07-13 18:15:56', 8, NULL, NULL),
(1256, 439, 34, '2017-07-13', '2017-07-13 18:16:26', 2, NULL, NULL),
(1257, 439, 34, '2017-07-13', '2017-07-13 18:16:26', 8, NULL, NULL),
(1258, 437, 34, '2017-07-13', '2017-07-13 18:16:36', 2, NULL, NULL),
(1259, 437, 34, '2017-07-13', '2017-07-13 18:16:36', 8, NULL, NULL),
(1260, 495, 36, '2017-07-13', '2017-07-12 15:59:03', 2, NULL, NULL),
(1261, 495, 36, '2017-07-13', '2017-07-12 15:59:03', 8, NULL, NULL),
(1262, 489, 36, '2017-07-13', '2017-07-12 14:27:11', 2, NULL, NULL),
(1263, 489, 36, '2017-07-13', '2017-07-12 14:27:11', 8, NULL, NULL),
(1268, 501, 58, '2017-07-13', '2017-07-13 18:19:16', 2, NULL, NULL),
(1269, 446, 58, '2017-07-13', '2017-08-01 15:25:58', 2, NULL, NULL),
(1270, 492, 58, '2017-07-13', '2017-07-28 11:31:00', 2, NULL, NULL),
(1271, 446, 33, '2017-07-13', '2017-08-01 15:25:58', 3, NULL, NULL),
(1278, 467, 31, '2017-07-13', '2017-07-11 14:24:16', 6, NULL, NULL),
(1292, 510, NULL, '2017-07-13', '2017-07-13 16:32:08', 1, NULL, NULL),
(1293, 411, 33, '2017-07-13', '2017-07-13 17:02:06', 2, NULL, NULL),
(1294, 411, 33, '2017-07-13', '2017-07-13 17:02:06', 4, NULL, NULL),
(1295, 492, 31, '2017-07-13', '2017-07-28 11:31:00', 3, NULL, NULL),
(1300, 492, 58, '2017-07-13', '2017-07-28 11:31:00', 2, NULL, NULL),
(1301, 467, 58, '2017-07-13', '2017-07-11 14:24:16', 2, NULL, NULL),
(1302, 511, NULL, '2017-07-13', '2017-07-13 17:28:23', 1, NULL, NULL),
(1303, 512, NULL, '2017-07-13', '2017-07-13 17:36:14', 1, NULL, NULL),
(1306, 501, 31, '2017-07-13', '2017-07-13 18:19:16', 3, NULL, NULL),
(1307, 447, 31, '2017-07-13', '2017-07-13 18:15:16', 5, NULL, NULL),
(1308, 445, 31, '2017-07-13', '2017-07-13 18:15:56', 5, NULL, NULL),
(1309, 481, 31, '2017-07-13', '2017-07-13 18:16:13', 5, NULL, NULL),
(1310, 439, 31, '2017-07-13', '2017-07-13 18:16:26', 5, NULL, NULL),
(1311, 437, 31, '2017-07-13', '2017-07-13 18:16:36', 5, NULL, NULL),
(1312, 514, NULL, '2017-07-14', '2017-07-14 11:18:33', 1, NULL, NULL),
(1313, 515, NULL, '2017-07-14', '2017-07-14 11:55:58', 1, NULL, NULL),
(1314, 516, NULL, '2017-07-14', '2017-07-14 12:12:36', 1, NULL, NULL),
(1315, 517, NULL, '2017-07-14', '2017-07-21 16:28:32', 1, NULL, NULL),
(1316, 518, NULL, '2017-07-14', '2017-07-14 13:19:05', 1, NULL, NULL),
(1317, 519, NULL, '2017-07-14', '2017-07-14 12:45:24', 1, NULL, NULL),
(1318, 520, NULL, '2017-07-14', '2017-07-18 12:45:35', 1, NULL, NULL),
(1319, 517, 33, '2017-07-14', '2017-07-21 16:28:32', 2, NULL, NULL),
(1320, 521, NULL, '2017-07-14', '2017-07-14 15:57:45', 1, NULL, NULL),
(1321, 517, 33, '2017-07-14', '2017-07-21 16:28:32', 4, NULL, NULL),
(1322, 517, 33, '2017-07-14', '2017-07-21 16:28:32', 3, NULL, NULL),
(1323, 507, 33, '2017-07-14', '2017-07-21 16:32:02', 2, NULL, NULL),
(1324, 507, 33, '2017-07-14', '2017-07-21 16:32:02', 4, NULL, NULL),
(1325, 507, 33, '2017-07-14', '2017-07-21 16:32:02', 3, NULL, NULL),
(1326, 522, NULL, '2017-07-14', '2017-07-14 13:08:20', 1, NULL, NULL),
(1327, 457, 33, '2017-07-14', '2017-07-26 14:27:29', 4, NULL, NULL),
(1328, 457, 33, '2017-07-14', '2017-07-26 14:27:29', 3, NULL, NULL),
(1329, 518, 31, '2017-07-14', '2017-07-14 13:19:05', 4, NULL, NULL),
(1330, 523, NULL, '2017-07-14', '2017-07-14 13:26:02', 1, NULL, NULL),
(1331, 523, 31, '2017-07-14', '2017-07-14 13:26:02', 4, NULL, NULL),
(1332, 490, 33, '2017-07-14', '2017-07-24 12:23:52', 2, NULL, NULL),
(1333, 490, 33, '2017-07-14', '2017-07-24 12:23:52', 4, NULL, NULL),
(1334, 521, 31, '2017-07-14', '2017-07-14 15:57:45', 4, NULL, NULL),
(1335, 369, 63, '2017-07-14', '2017-07-24 14:48:15', 2, NULL, NULL),
(1336, 369, 63, '2017-07-14', '2017-07-24 14:48:15', 3, NULL, NULL),
(1337, 524, NULL, '2017-07-17', '2017-07-17 11:36:55', 1, NULL, NULL),
(1338, 525, NULL, '2017-07-17', '2017-07-17 11:46:45', 1, NULL, NULL),
(1339, 526, NULL, '2017-07-17', '2017-07-18 14:51:20', 1, NULL, NULL),
(1340, 527, NULL, '2017-07-17', '2017-07-18 16:13:53', 1, NULL, NULL),
(1341, 526, 63, '2017-07-18', '2017-07-18 14:51:20', 9, 'Resolucion por asanders - 11221 : Se reparó la conexión del tanque que estaba perdiendo agua.   ', NULL),
(1342, 528, NULL, '2017-07-17', '2017-07-17 12:19:56', 1, NULL, NULL),
(1343, 529, NULL, '2017-07-17', '2017-07-21 13:27:29', 1, NULL, NULL),
(1344, 530, NULL, '2017-07-17', '2017-07-17 12:58:35', 1, NULL, NULL),
(1345, 531, NULL, '2017-07-17', '2017-07-18 12:19:22', 1, NULL, NULL),
(1346, 532, NULL, '2017-07-17', '2017-07-17 13:05:07', 1, NULL, NULL),
(1347, 533, NULL, '2017-07-17', '2017-07-17 14:07:49', 1, NULL, NULL),
(1348, 534, NULL, '2017-07-17', '2017-07-18 16:11:21', 1, NULL, NULL),
(1353, 531, 54, '2017-07-17', '2017-07-18 12:19:22', 4, NULL, NULL),
(1354, 531, 63, '2017-07-18', '2017-07-18 12:19:22', 4, NULL, NULL),
(1355, 536, NULL, '2017-07-18', '2017-07-18 12:23:09', 1, NULL, NULL),
(1356, 536, 63, '2017-07-18', '2017-07-18 12:23:09', 4, NULL, NULL),
(1357, 537, NULL, '2017-07-18', '2017-07-27 12:36:38', 1, NULL, NULL),
(1358, 520, 63, '2017-07-18', '2017-07-18 12:45:35', 4, NULL, NULL),
(1359, 538, NULL, '2017-07-18', '2017-07-18 12:52:32', 1, NULL, NULL),
(1360, 539, NULL, '2017-07-18', '2017-07-25 12:21:24', 1, NULL, NULL),
(1361, 540, NULL, '2017-07-18', '2017-07-18 13:29:01', 1, NULL, NULL),
(1362, 529, 63, '2017-07-18', '2017-07-21 13:27:29', 4, NULL, NULL),
(1365, 534, 63, '2017-07-18', '2017-07-18 16:11:21', 4, NULL, NULL),
(1366, 527, 63, '2017-07-18', '2017-07-18 16:13:53', 4, NULL, NULL),
(1373, 545, NULL, '2017-07-19', '2017-07-19 12:08:36', 1, NULL, NULL),
(1374, 546, NULL, '2017-07-19', '2017-07-19 12:33:11', 1, NULL, NULL),
(1376, 548, NULL, '2017-07-19', '2017-07-19 13:23:45', 1, NULL, NULL),
(1377, 549, NULL, '2017-07-19', '2017-07-26 12:24:03', 1, NULL, NULL),
(1378, 550, NULL, '2017-07-19', '2017-07-19 14:20:30', 1, NULL, NULL),
(1381, 553, NULL, '2017-07-19', '2017-08-02 17:19:57', 1, NULL, NULL),
(1407, 549, 63, '2017-07-20', '2017-07-26 12:24:03', 4, NULL, NULL),
(1408, 568, NULL, '2017-07-20', '2017-07-20 12:03:46', 1, NULL, NULL),
(1409, 569, NULL, '2017-07-20', '2017-07-20 12:25:35', 1, NULL, NULL),
(1410, 570, NULL, '2017-07-20', '2017-07-20 12:31:42', 1, NULL, NULL),
(1412, 572, NULL, '2017-07-20', '2017-07-20 12:42:23', 1, NULL, NULL),
(1414, 574, NULL, '2017-07-20', '2017-07-20 13:50:38', 1, NULL, NULL),
(1426, 529, 63, '2017-07-21', '2017-07-21 13:27:29', 4, NULL, NULL),
(1436, 584, NULL, '2017-07-21', '2017-07-21 14:51:30', 1, NULL, NULL),
(1437, 585, NULL, '2017-07-21', '2017-07-25 12:23:07', 1, NULL, NULL),
(1438, 586, NULL, '2017-07-21', '2017-07-25 12:19:32', 1, NULL, NULL),
(1440, 539, 54, '2017-07-21', '2017-07-25 12:21:24', 3, NULL, NULL),
(1441, 539, 54, '2017-07-21', '2017-07-25 12:21:24', 4, NULL, NULL),
(1450, 537, 51, '2017-07-21', '2017-07-27 12:36:38', 4, NULL, NULL),
(1451, 529, 51, '2017-07-21', '2017-07-21 13:27:29', 3, NULL, NULL),
(1452, 517, 51, '2017-07-21', '2017-07-21 16:28:32', 4, NULL, NULL),
(1453, 507, 51, '2017-07-21', '2017-07-21 16:32:02', 4, NULL, NULL),
(1454, 507, 51, '2017-07-21', '2017-07-21 16:32:02', 8, NULL, NULL),
(1455, 497, 51, '2017-07-21', '2017-08-03 17:26:49', 4, NULL, NULL),
(1456, 493, 51, '2017-07-21', '2017-07-24 11:49:29', 3, NULL, NULL),
(1461, 529, 33, '2017-07-24', '2017-07-21 13:27:29', 3, NULL, NULL),
(1462, 493, 33, '2017-07-24', '2017-07-24 11:49:29', 4, NULL, NULL),
(1467, 405, 33, '2017-07-24', '2017-07-26 14:50:48', 2, NULL, NULL),
(1468, 490, 33, '2017-07-24', '2017-07-24 12:23:52', 4, NULL, NULL),
(1469, 490, 33, '2017-07-24', '2017-07-24 12:23:52', 3, NULL, NULL),
(1470, 438, 33, '2017-07-24', '2017-07-26 14:46:42', 3, NULL, NULL),
(1471, 598, NULL, '2017-07-24', '2017-07-25 12:18:03', 1, NULL, NULL),
(1473, 405, 33, '2017-07-24', '2017-07-26 14:50:48', 2, NULL, NULL),
(1474, 600, NULL, '2017-07-24', '2017-07-25 12:16:30', 1, NULL, NULL),
(1475, 601, NULL, '2017-07-24', '2017-07-24 13:01:11', 1, NULL, NULL),
(1478, 598, 54, '2017-07-24', '2017-07-25 12:18:03', 8, NULL, NULL),
(1479, 604, NULL, '2017-07-24', '2017-07-24 13:16:27', 1, NULL, NULL),
(1480, 598, 54, '2017-07-24', '2017-07-25 12:18:03', 4, NULL, NULL),
(1481, 586, 54, '2017-07-24', '2017-07-25 12:19:32', 4, NULL, NULL),
(1484, 606, NULL, '2017-07-24', '2017-07-24 16:31:25', 1, NULL, NULL),
(1485, 369, 33, '2017-07-24', '2017-07-24 14:48:15', 4, NULL, NULL),
(1495, 608, NULL, '2017-07-24', '2017-07-24 15:25:20', 1, NULL, NULL),
(1498, 606, 63, '2017-07-24', '2017-07-24 16:31:25', 4, NULL, NULL),
(1502, 600, 54, '2017-07-24', '2017-07-25 12:16:30', 4, NULL, NULL),
(1503, 600, 33, '2017-07-24', '2017-07-25 12:16:30', 2, NULL, NULL),
(1504, 600, 33, '2017-07-24', '2017-07-25 12:16:30', 4, NULL, NULL),
(1505, 598, 33, '2017-07-24', '2017-07-25 12:18:03', 2, NULL, NULL),
(1506, 598, 33, '2017-07-24', '2017-07-25 12:18:03', 4, NULL, NULL),
(1507, 586, 33, '2017-07-24', '2017-07-25 12:19:32', 2, NULL, NULL),
(1508, 586, 33, '2017-07-24', '2017-07-25 12:19:32', 4, NULL, NULL),
(1509, 539, 33, '2017-07-24', '2017-07-25 12:21:24', 4, NULL, NULL),
(1510, 585, 33, '2017-07-24', '2017-07-25 12:23:07', 2, NULL, NULL),
(1511, 585, 33, '2017-07-24', '2017-07-25 12:23:07', 4, NULL, NULL),
(1512, 585, 33, '2017-07-24', '2017-07-25 12:23:07', 4, NULL, NULL),
(1516, 600, 33, '2017-07-25', '2017-07-25 12:16:30', 4, NULL, NULL),
(1517, 600, 33, '2017-07-25', '2017-07-25 12:16:30', 3, NULL, NULL),
(1518, 598, 33, '2017-07-25', '2017-07-25 12:18:03', 4, NULL, NULL),
(1519, 598, 33, '2017-07-25', '2017-07-25 12:18:03', 3, NULL, NULL),
(1520, 586, 33, '2017-07-25', '2017-07-25 12:19:32', 4, NULL, NULL),
(1521, 586, 33, '2017-07-25', '2017-07-25 12:19:32', 3, NULL, NULL),
(1523, 539, 33, '2017-07-25', '2017-07-25 12:21:24', 4, NULL, NULL),
(1524, 539, 33, '2017-07-25', '2017-07-25 12:21:24', 3, NULL, NULL),
(1525, 585, 33, '2017-07-25', '2017-07-25 12:23:07', 4, NULL, NULL),
(1526, 585, 33, '2017-07-25', '2017-07-25 12:23:07', 3, NULL, NULL),
(1534, 456, 33, '2017-07-25', '2017-07-26 15:49:51', 4, NULL, NULL),
(1535, 456, 33, '2017-07-25', '2017-07-26 15:49:51', 2, NULL, NULL),
(1536, 614, NULL, '2017-07-25', '2017-08-03 17:10:50', 1, NULL, NULL),
(1537, 456, 33, '2017-07-25', '2017-07-26 15:49:51', 2, NULL, NULL),
(1538, 456, 33, '2017-07-25', '2017-07-26 15:49:51', 4, NULL, NULL),
(1539, 615, NULL, '2017-07-26', '2017-07-26 11:49:00', 1, NULL, NULL),
(1540, 616, NULL, '2017-07-26', '2017-07-31 16:20:47', 1, NULL, NULL),
(1541, 617, NULL, '2017-07-26', '2017-07-26 12:08:30', 1, NULL, NULL),
(1542, 618, NULL, '2017-07-26', '2017-07-26 12:15:33', 1, NULL, NULL),
(1543, 549, 63, '2017-07-26', '2017-07-26 12:24:03', 4, NULL, NULL),
(1545, 619, NULL, '2017-07-26', '2017-07-26 12:42:02', 1, NULL, NULL),
(1546, 604, 54, '2017-07-26', '2017-07-24 13:16:27', 2, NULL, NULL),
(1547, 618, 54, '2017-07-26', '2017-07-26 12:15:33', 2, NULL, NULL),
(1548, 619, 54, '2017-07-26', '2017-07-26 12:42:02', 2, NULL, NULL),
(1549, 620, NULL, '2017-07-26', '2017-07-26 12:48:34', 1, NULL, NULL),
(1550, 620, 64, '2017-07-26', '2017-07-26 12:48:34', 4, NULL, NULL),
(1551, 621, NULL, '2017-07-26', '2017-07-31 16:00:23', 1, NULL, NULL),
(1552, 622, NULL, '2017-07-26', '2017-07-26 13:14:26', 1, NULL, NULL),
(1553, 623, NULL, '2017-07-26', '2017-07-26 13:20:18', 1, NULL, NULL),
(1554, 624, NULL, '2017-07-26', '2017-08-01 17:17:00', 1, NULL, NULL),
(1555, 625, NULL, '2017-07-26', '2017-07-26 13:27:39', 1, NULL, NULL),
(1556, 626, NULL, '2017-07-26', '2017-07-26 14:30:37', 1, NULL, NULL),
(1557, 614, 33, '2017-07-26', '2017-08-03 17:10:50', 2, NULL, NULL),
(1558, 456, 33, '2017-07-26', '2017-07-26 15:49:51', 4, NULL, NULL),
(1559, 456, 33, '2017-07-26', '2017-07-26 15:49:51', 3, NULL, NULL),
(1560, 627, NULL, '2017-07-26', '2017-07-26 15:56:00', 1, NULL, NULL),
(1561, 628, NULL, '2017-07-26', '2017-07-26 16:01:44', 1, NULL, NULL),
(1562, 629, NULL, '2017-07-26', '2017-07-26 16:22:51', 1, NULL, NULL),
(1563, 630, NULL, '2017-07-26', '2017-07-26 16:26:35', 1, NULL, NULL),
(1564, 631, NULL, '2017-07-26', '2017-07-26 16:51:59', 1, NULL, NULL),
(1565, 632, NULL, '2017-07-26', '2017-07-26 16:55:25', 1, NULL, NULL),
(1574, 406, 33, '2017-07-27', '2017-07-27 13:16:57', 2, NULL, NULL),
(1576, 406, 33, '2017-07-27', '2017-07-27 13:16:57', 4, NULL, NULL),
(1580, 406, 33, '2017-07-27', '2017-07-27 13:16:57', 4, NULL, NULL),
(1581, 406, 33, '2017-07-27', '2017-07-27 13:16:57', 4, NULL, NULL),
(1582, 406, 33, '2017-07-27', '2017-07-27 13:16:57', 3, NULL, NULL),
(1586, 537, 33, '2017-07-27', '2017-07-27 12:36:38', 4, NULL, NULL),
(1587, 635, NULL, '2017-07-27', '2017-08-01 12:30:32', 1, NULL, NULL),
(1588, 636, NULL, '2017-07-27', '2017-08-01 11:55:21', 1, NULL, NULL),
(1591, 637, NULL, '2017-07-27', '2017-08-01 12:33:19', 1, NULL, NULL),
(1592, 638, NULL, '2017-07-27', '2017-07-27 12:50:38', 1, NULL, NULL),
(1593, 492, 58, '2017-07-27', '2017-07-28 11:31:00', 4, NULL, NULL),
(1594, 492, 58, '2017-07-27', '2017-07-28 11:31:00', 3, NULL, NULL),
(1595, 639, NULL, '2017-07-27', '2017-07-27 13:39:59', 1, NULL, NULL),
(1596, 639, 33, '2017-07-27', '2017-07-27 13:39:59', 2, NULL, NULL),
(1597, 639, 33, '2017-07-27', '2017-07-27 13:39:59', 4, NULL, NULL),
(1598, 639, 33, '2017-07-27', '2017-07-27 13:39:59', 3, NULL, NULL),
(1599, 492, 33, '2017-07-27', '2017-07-28 11:31:00', 2, NULL, NULL),
(1600, 492, 33, '2017-07-27', '2017-07-28 11:31:00', 4, NULL, NULL),
(1601, 406, 33, '2017-07-27', '2017-07-27 13:16:57', 4, NULL, NULL),
(1602, 406, 33, '2017-07-27', '2017-07-27 13:16:57', 3, NULL, NULL),
(1608, 641, NULL, '2017-07-27', '2017-07-27 14:14:31', 1, NULL, NULL),
(1610, 643, NULL, '2017-07-27', '2017-07-27 14:22:22', 1, NULL, NULL),
(1611, 644, NULL, '2017-07-27', '2017-07-27 16:04:04', 1, NULL, NULL),
(1612, 644, 64, '2017-07-27', '2017-07-27 16:04:04', 4, NULL, NULL),
(1634, 492, 33, '2017-07-28', '2017-07-28 11:31:00', 4, NULL, NULL),
(1635, 492, 33, '2017-07-28', '2017-07-28 11:31:00', 3, NULL, NULL),
(1642, 647, NULL, '2017-07-28', '2017-07-31 15:09:36', 1, NULL, NULL),
(1644, 649, NULL, '2017-07-28', '2017-07-31 15:07:01', 1, NULL, NULL),
(1647, 650, NULL, '2017-07-28', '2017-08-01 17:27:41', 1, NULL, NULL),
(1660, 654, NULL, '2017-07-31', '2017-07-31 15:06:51', 1, NULL, NULL),
(1661, 649, 63, '2017-07-31', '2017-07-31 15:07:01', 4, NULL, NULL),
(1662, 647, 63, '2017-07-31', '2017-07-31 15:09:36', 4, NULL, NULL),
(1663, 655, NULL, '2017-07-31', '2017-07-31 15:16:44', 1, NULL, NULL),
(1664, 656, NULL, '2017-07-31', '2017-07-31 15:23:53', 1, NULL, NULL),
(1665, 657, NULL, '2017-07-31', '2017-08-03 17:15:58', 1, NULL, NULL),
(1666, 658, NULL, '2017-07-31', '2017-07-31 15:33:22', 1, NULL, NULL),
(1667, 659, NULL, '2017-07-31', '2017-07-31 15:36:48', 1, NULL, NULL),
(1668, 660, NULL, '2017-07-31', '2017-07-31 15:42:31', 1, NULL, NULL),
(1669, 661, NULL, '2017-07-31', '2017-07-31 16:02:02', 1, NULL, NULL),
(1670, 621, 63, '2017-07-31', '2017-07-31 16:00:23', 4, NULL, NULL),
(1671, 614, 63, '2017-07-31', '2017-08-03 17:10:50', 4, NULL, NULL),
(1672, 662, NULL, '2017-07-31', '2017-08-03 16:37:44', 1, NULL, NULL),
(1673, 616, 63, '2017-07-31', '2017-07-31 16:20:47', 4, NULL, NULL),
(1674, 663, NULL, '2017-07-31', '2017-07-31 17:05:13', 1, NULL, NULL),
(1675, 664, NULL, '2017-07-31', '2017-07-31 17:08:42', 1, NULL, NULL),
(1676, 635, 63, '2017-07-31', '2017-08-01 12:30:32', 4, NULL, NULL),
(1679, 636, 63, '2017-08-01', '2017-08-01 11:55:21', 4, NULL, NULL),
(1680, 635, 63, '2017-08-01', '2017-08-01 12:30:32', 4, NULL, NULL),
(1681, 637, 63, '2017-08-01', '2017-08-01 12:33:19', 4, NULL, NULL),
(1682, 637, 63, '2017-08-01', '2017-08-01 12:33:19', 4, NULL, NULL),
(1688, 669, NULL, '2017-08-01', '2017-08-01 16:29:44', 1, NULL, NULL),
(1689, 671, NULL, '2017-08-01', '2017-08-01 17:14:23', 1, NULL, NULL),
(1690, 672, NULL, '2017-08-01', '2017-08-01 17:16:43', 1, NULL, NULL),
(1691, 624, 63, '2017-08-01', '2017-08-01 17:17:00', 4, NULL, NULL),
(1692, 650, 63, '2017-08-01', '2017-08-01 17:27:41', 4, NULL, NULL),
(1693, 673, NULL, '2017-08-01', '2017-08-01 17:36:42', 1, NULL, NULL),
(1694, 674, NULL, '2017-08-01', '2017-08-01 17:39:16', 1, NULL, NULL),
(1697, 675, NULL, '2017-08-01', '2017-08-02 12:42:22', 1, NULL, NULL),
(1698, 676, NULL, '2017-08-01', '2017-08-01 17:54:15', 1, NULL, NULL),
(1699, 677, NULL, '2017-08-01', '2017-08-01 17:56:17', 1, NULL, NULL),
(1706, 675, 31, '2017-08-02', '2017-08-02 12:42:22', 4, NULL, NULL),
(1714, 685, NULL, '2017-08-02', '2017-08-02 16:57:29', 1, NULL, NULL),
(1715, 553, 31, '2017-08-02', '2017-08-02 17:19:57', 9, 'Resolucion por farroyo - 686 : Es tarea de Albañilería Principalmente', NULL),
(1716, 686, NULL, '2017-08-02', '2017-08-03 15:39:40', 1, NULL, NULL),
(1724, 692, NULL, '2017-08-03', '2017-08-03 12:11:11', 1, NULL, NULL),
(1725, 692, 31, '2017-08-03', '2017-08-03 12:11:11', 4, NULL, NULL),
(1726, 693, NULL, '2017-08-03', '2017-08-03 12:36:31', 1, NULL, NULL),
(1731, 686, 33, '2017-08-03', '2017-08-03 15:39:40', 2, NULL, NULL),
(1732, 686, 33, '2017-08-03', '2017-08-03 15:39:40', 4, NULL, NULL),
(1733, 698, NULL, '2017-08-03', '2017-08-03 13:40:54', 1, NULL, NULL),
(1736, 700, NULL, '2017-08-03', '2017-08-03 14:04:49', 1, NULL, NULL),
(1737, 701, NULL, '2017-08-03', '2017-08-03 14:17:38', 1, NULL, NULL),
(1742, 706, NULL, '2017-08-03', '2017-08-03 14:44:38', 1, NULL, NULL),
(1752, 686, 33, '2017-08-03', '2017-08-03 15:39:40', 4, NULL, NULL),
(1753, 708, NULL, '2017-08-03', '2017-08-03 15:59:31', 1, NULL, NULL),
(1754, 708, 33, '2017-08-03', '2017-08-03 15:59:31', 2, NULL, NULL),
(1755, 708, 33, '2017-08-03', '2017-08-03 15:59:31', 4, NULL, NULL),
(1756, 662, 33, '2017-08-03', '2017-08-03 16:37:44', 2, NULL, NULL),
(1757, 662, 33, '2017-08-03', '2017-08-03 16:37:44', 4, NULL, NULL),
(1758, 709, NULL, '2017-08-03', '2017-08-03 16:39:50', 1, NULL, NULL),
(1759, 662, 33, '2017-08-03', '2017-08-03 16:37:44', 4, NULL, NULL),
(1767, 712, NULL, '2017-08-03', '2017-08-03 17:05:07', 1, NULL, NULL),
(1768, 614, 31, '2017-08-03', '2017-08-03 17:10:50', 4, NULL, NULL),
(1769, 614, 31, '2017-08-03', '2017-08-03 17:10:50', 6, NULL, NULL),
(1770, 657, 31, '2017-08-03', '2017-08-03 17:15:58', 4, NULL, NULL),
(1771, 497, 31, '2017-08-03', '2017-08-03 17:26:49', 4, NULL, NULL),
(1772, 497, 31, '2017-08-03', '2017-08-03 17:26:49', 6, NULL, NULL),
(1773, 713, NULL, '2017-08-04', '2017-08-09 16:51:56', 1, NULL, NULL),
(1774, 714, NULL, '2017-08-04', '2017-08-04 11:24:23', 1, NULL, NULL),
(1775, 387, 63, '2017-08-04', '2017-08-15 16:46:31', 4, NULL, NULL),
(1776, 715, NULL, '2017-08-04', '2017-08-04 11:32:14', 1, NULL, NULL),
(1777, 716, NULL, '2017-08-04', '2017-08-04 11:38:29', 1, NULL, NULL),
(1778, 517, 33, '2017-08-04', '2017-08-04 13:24:38', 4, NULL, NULL);
INSERT INTO `historial_tickets` (`id_historial`, `fk_ticket`, `fk_usuario`, `fecha`, `hora`, `fk_estado`, `resolucion`, `fk_razon`) VALUES
(1779, 507, 33, '2017-08-04', '2017-08-04 13:10:15', 4, NULL, NULL),
(1780, 717, NULL, '2017-08-04', '2017-08-04 12:01:07', 1, NULL, NULL),
(1786, 720, NULL, '2017-08-04', '2017-08-04 13:55:09', 1, NULL, NULL),
(1787, 721, NULL, '2017-08-04', '2017-08-04 14:43:29', 1, NULL, NULL),
(1788, 650, 36, '2017-08-04', '2017-08-09 13:53:57', 2, NULL, NULL),
(1789, 650, 36, '2017-08-04', '2017-08-09 13:53:57', 8, NULL, NULL),
(1790, 675, 36, '2017-08-04', '2017-08-04 14:46:33', 9, 'Resolucion por mllanquitur - 20587 : No se me ha asignado dicha orden de trabajo.', NULL),
(1791, 717, 36, '2017-08-04', '2017-08-04 12:01:07', 2, NULL, NULL),
(1792, 715, 36, '2017-08-04', '2017-08-04 11:32:14', 2, NULL, NULL),
(1793, 660, 36, '2017-08-04', '2017-07-31 15:42:31', 2, NULL, NULL),
(1794, 660, 36, '2017-08-04', '2017-07-31 15:42:31', 8, NULL, NULL),
(1795, 659, 36, '2017-08-04', '2017-08-11 13:09:22', 2, NULL, NULL),
(1796, 635, 36, '2017-08-04', '2017-08-01 12:30:32', 2, NULL, NULL),
(1797, 635, 36, '2017-08-04', '2017-08-01 12:30:32', 8, NULL, NULL),
(1798, 632, 36, '2017-08-04', '2017-07-26 16:55:25', 2, NULL, NULL),
(1799, 617, 36, '2017-08-04', '2017-07-26 12:08:30', 2, NULL, NULL),
(1800, 617, 36, '2017-08-04', '2017-07-26 12:08:30', 8, NULL, NULL),
(1801, 608, 36, '2017-08-04', '2017-08-04 14:59:02', 5, 'Resolucion por mllanquitur - 20587 : repetido 617', NULL),
(1802, 628, 36, '2017-08-04', '2017-07-26 16:01:44', 2, NULL, NULL),
(1803, 722, NULL, '2017-08-04', '2017-08-04 15:05:21', 1, NULL, NULL),
(1804, 606, 36, '2017-08-04', '2017-08-04 15:02:49', 9, 'Resolucion por mllanquitur - 20587 : No corresponde a este taller', NULL),
(1805, 570, 36, '2017-08-04', '2017-08-10 12:14:03', 9, 'Resolucion por mllanquitur - 20587 : corresponde a Albañileria', NULL),
(1806, 720, 54, '2017-08-04', '2017-08-04 13:55:09', 2, NULL, NULL),
(1807, 716, 54, '2017-08-04', '2017-08-04 11:38:29', 2, NULL, NULL),
(1808, 685, 54, '2017-08-04', '2017-08-02 16:57:29', 2, NULL, NULL),
(1809, 676, 54, '2017-08-04', '2017-08-01 17:54:15', 8, NULL, NULL),
(1810, 674, 54, '2017-08-04', '2017-08-01 17:39:16', 8, NULL, NULL),
(1811, 672, 54, '2017-08-04', '2017-08-15 12:28:23', 4, NULL, NULL),
(1812, 663, 54, '2017-08-04', '2017-08-10 12:22:28', 2, NULL, NULL),
(1813, 655, 54, '2017-08-04', '2017-07-31 15:16:44', 8, NULL, NULL),
(1814, 654, 54, '2017-08-04', '2017-07-31 15:06:51', 8, NULL, NULL),
(1815, 672, 54, '2017-08-04', '2017-08-15 12:28:23', 3, NULL, NULL),
(1816, 639, 54, '2017-08-04', '2017-08-15 12:29:20', 8, NULL, NULL),
(1817, 671, 79, '2017-08-04', '2017-08-04 15:53:56', 2, NULL, NULL),
(1818, 671, 79, '2017-08-04', '2017-08-04 15:55:23', 4, NULL, NULL),
(1819, 671, 79, '2017-08-04', '2017-08-04 15:55:32', 8, NULL, NULL),
(1820, 601, 79, '2017-08-04', '2017-08-04 15:57:02', 2, NULL, NULL),
(1821, 601, 79, '2017-08-04', '2017-08-04 15:59:30', 4, NULL, NULL),
(1822, 601, 79, '2017-08-04', '2017-08-04 15:59:43', 3, NULL, NULL),
(1823, 614, 79, '2017-08-04', '2017-08-04 16:01:35', 2, NULL, NULL),
(1824, 614, 79, '2017-08-04', '2017-08-04 16:02:35', 4, NULL, NULL),
(1825, 614, 79, '2017-08-04', '2017-08-04 16:02:45', 3, NULL, NULL),
(1826, 410, 79, '2017-08-04', '2017-08-04 16:03:10', 2, NULL, NULL),
(1827, 410, 79, '2017-08-04', '2017-08-04 16:04:57', 4, NULL, NULL),
(1828, 410, 79, '2017-08-04', '2017-08-04 16:05:04', 3, NULL, NULL),
(1829, 545, 79, '2017-08-04', '2017-08-04 16:05:24', 2, NULL, NULL),
(1831, 545, 79, '2017-08-04', '2017-08-04 16:06:52', 4, NULL, NULL),
(1832, 545, 79, '2017-08-04', '2017-08-04 16:07:00', 3, NULL, NULL),
(1833, 538, 79, '2017-08-04', '2017-08-04 16:07:21', 2, NULL, NULL),
(1834, 538, 79, '2017-08-04', '2017-08-04 16:07:51', 8, NULL, NULL),
(1836, 540, 79, '2017-08-04', '2017-08-04 16:08:25', 2, NULL, NULL),
(1837, 540, 79, '2017-08-04', '2017-08-04 16:08:42', 8, NULL, NULL),
(1838, 584, 79, '2017-08-04', '2017-08-04 16:08:58', 2, NULL, NULL),
(1839, 584, 79, '2017-08-04', '2017-08-04 16:09:09', 8, NULL, NULL),
(1840, 499, 79, '2017-08-04', '2017-08-04 16:09:29', 2, NULL, NULL),
(1841, 422, 63, '2017-08-04', '2017-08-04 16:09:48', 2, NULL, NULL),
(1842, 499, 79, '2017-08-04', '2017-08-04 16:09:36', 8, NULL, NULL),
(1843, 529, 79, '2017-08-04', '2017-08-04 16:09:56', 8, NULL, NULL),
(1844, 528, 79, '2017-08-04', '2017-08-04 16:10:49', 2, NULL, NULL),
(1845, 422, 63, '2017-08-04', '2017-08-04 16:11:05', 3, NULL, NULL),
(1846, 528, 79, '2017-08-04', '2017-08-04 16:11:28', 8, NULL, NULL),
(1847, 526, 79, '2017-08-04', '2017-08-04 16:11:50', 2, NULL, NULL),
(1848, 526, 79, '2017-08-04', '2017-08-04 16:12:15', 8, NULL, NULL),
(1849, 614, 33, '2017-08-04', '2017-08-07 17:01:53', 2, NULL, NULL),
(1850, 422, 64, '2017-08-04', '2017-07-26 14:38:00', 2, NULL, NULL),
(1851, 614, 33, '2017-08-04', '2017-08-07 17:01:53', 4, NULL, NULL),
(1852, 630, 52, '2017-08-04', '2017-07-26 16:26:35', 2, NULL, NULL),
(1853, 614, 33, '2017-08-04', '2017-08-07 17:01:53', 3, NULL, NULL),
(1854, 656, 52, '2017-08-04', '2017-07-31 15:23:53', 2, NULL, NULL),
(1855, 641, 52, '2017-08-04', '2017-08-08 13:25:59', 2, NULL, NULL),
(1856, 672, 33, '2017-08-04', '2017-08-15 12:28:23', 4, NULL, NULL),
(1857, 601, 33, '2017-08-04', '2017-08-08 13:43:01', 4, NULL, NULL),
(1858, 457, 64, '2017-08-04', '2017-08-04 16:42:48', 2, NULL, NULL),
(1859, 664, 52, '2017-08-04', '2017-08-04 17:17:30', 8, NULL, NULL),
(1860, 661, 52, '2017-08-04', '2017-08-04 17:18:55', 8, NULL, NULL),
(1861, 677, 52, '2017-08-04', '2017-08-04 17:19:24', 8, NULL, NULL),
(1862, 722, 52, '2017-08-04', '2017-08-04 17:19:52', 8, NULL, NULL),
(1863, 656, 52, '2017-08-04', '2017-08-04 17:20:27', 8, NULL, NULL),
(1864, 658, 52, '2017-08-04', '2017-08-04 17:20:54', 8, NULL, NULL),
(1865, 626, 52, '2017-08-04', '2017-08-04 17:21:27', 8, NULL, NULL),
(1866, 643, 52, '2017-08-04', '2017-08-04 17:22:36', 8, NULL, NULL),
(1867, 721, 63, '2017-08-04', '2017-08-04 17:44:00', 3, NULL, NULL),
(1868, 723, NULL, '2017-08-04', '2017-08-10 14:31:15', 1, NULL, NULL),
(1869, 724, NULL, '2017-08-04', '2017-08-09 17:04:37', 1, NULL, NULL),
(1871, 726, NULL, '2017-08-04', '2017-08-11 13:32:19', 1, NULL, NULL),
(1872, 727, NULL, '2017-08-04', '2017-08-04 17:58:11', 1, NULL, NULL),
(1873, 728, NULL, '2017-08-07', '2017-08-07 11:10:57', 1, NULL, NULL),
(1874, 568, 31, '2017-08-07', '2017-08-07 11:52:07', 4, NULL, NULL),
(1882, 413, 64, '2017-08-07', '2017-08-07 13:44:58', 2, NULL, NULL),
(1884, 601, 33, '2017-08-07', '2017-08-08 13:43:01', 4, NULL, NULL),
(1885, 601, 33, '2017-08-07', '2017-08-08 13:43:01', 3, NULL, NULL),
(1886, 672, 33, '2017-08-07', '2017-08-15 12:28:23', 4, NULL, NULL),
(1887, 672, 33, '2017-08-07', '2017-08-15 12:28:23', 3, NULL, NULL),
(1888, 731, NULL, '2017-08-07', '2017-08-07 14:25:24', 1, NULL, NULL),
(1889, 387, 63, '2017-08-07', '2017-08-07 14:31:55', 4, NULL, NULL),
(1890, 517, 64, '2017-08-07', '2017-08-07 14:31:42', 2, NULL, NULL),
(1891, 507, 64, '2017-08-07', '2017-08-07 14:45:46', 2, NULL, NULL),
(1901, 614, 52, '2017-08-07', '2017-08-07 17:04:45', 4, NULL, NULL),
(1902, 706, 52, '2017-08-07', '2017-08-07 17:07:43', 4, NULL, NULL),
(1903, 622, 52, '2017-08-07', '2017-08-07 17:10:56', 4, NULL, NULL),
(1904, 616, 52, '2017-08-07', '2017-08-07 17:13:09', 2, NULL, NULL),
(1905, 620, 52, '2017-08-07', '2017-08-07 17:16:15', 4, NULL, NULL),
(1906, 626, 52, '2017-08-07', '2017-08-07 17:19:47', 4, NULL, NULL),
(1907, 698, 52, '2017-08-07', '2017-08-07 17:22:20', 8, NULL, NULL),
(1930, 736, NULL, '2017-08-08', '2017-08-08 11:39:10', 1, NULL, NULL),
(1931, 737, NULL, '2017-08-08', '2017-08-08 11:42:30', 1, NULL, NULL),
(1932, 701, 31, '2017-08-08', '2017-08-08 13:01:14', 4, NULL, NULL),
(1935, 701, 33, '2017-08-08', '2017-08-08 14:30:21', 2, NULL, NULL),
(1937, 701, 33, '2017-08-08', '2017-08-08 14:30:21', 4, NULL, NULL),
(1938, 701, 33, '2017-08-08', '2017-08-08 14:30:21', 3, NULL, NULL),
(1939, 738, NULL, '2017-08-08', '2017-08-08 13:13:56', 1, NULL, NULL),
(1940, 738, 33, '2017-08-08', '2017-08-08 15:14:37', 4, NULL, NULL),
(1941, 738, 33, '2017-08-08', '2017-08-08 15:14:37', 3, NULL, NULL),
(1942, 657, 52, '2017-08-08', '2017-08-08 13:27:45', 4, NULL, NULL),
(1943, 641, 52, '2017-08-08', '2017-08-08 13:29:28', 4, NULL, NULL),
(1944, 649, 52, '2017-08-08', '2017-08-08 13:31:40', 4, NULL, NULL),
(1946, 737, 52, '2017-08-08', '2017-08-08 13:38:23', 4, NULL, NULL),
(1947, 601, 52, '2017-08-08', '2017-08-08 13:46:30', 4, NULL, NULL),
(1952, 586, 64, '2017-08-08', '2017-08-08 14:23:54', 2, NULL, NULL),
(1953, 585, 64, '2017-08-08', '2017-08-08 14:31:29', 2, NULL, NULL),
(1954, 701, 63, '2017-08-08', '2017-08-08 14:32:59', 2, NULL, NULL),
(1955, 490, 64, '2017-08-08', '2017-08-08 14:35:24', 2, NULL, NULL),
(1956, 490, 64, '2017-08-08', '2017-08-08 14:55:48', 4, NULL, NULL),
(1958, 492, 64, '2017-08-08', '2017-08-08 15:15:29', 2, NULL, NULL),
(1959, 738, 63, '2017-08-08', '2017-08-08 15:16:25', 2, NULL, NULL),
(1960, 738, 63, '2017-08-08', '2017-08-08 15:18:15', 4, NULL, NULL),
(1961, 492, 64, '2017-08-08', '2017-08-08 15:19:21', 4, NULL, NULL),
(1962, 600, 64, '2017-08-08', '2017-08-08 15:29:27', 2, NULL, NULL),
(1963, 598, 64, '2017-08-08', '2017-08-08 15:32:28', 2, NULL, NULL),
(1964, 539, 64, '2017-08-08', '2017-08-08 15:33:01', 2, NULL, NULL),
(1969, 744, NULL, '2017-08-08', '2017-08-08 17:40:53', 1, NULL, NULL),
(1970, 745, NULL, '2017-08-08', '2017-08-08 17:59:10', 1, NULL, NULL),
(1971, 746, NULL, '2017-08-08', '2017-08-08 18:29:00', 1, NULL, NULL),
(1972, 545, 33, '2017-08-09', '2017-08-10 12:19:16', 2, NULL, NULL),
(1973, 545, 33, '2017-08-09', '2017-08-10 12:19:16', 4, NULL, NULL),
(1974, 545, 33, '2017-08-09', '2017-08-10 12:19:16', 3, NULL, NULL),
(1975, 545, 33, '2017-08-09', '2017-08-10 12:19:16', 2, NULL, NULL),
(1976, 664, 52, '2017-08-09', '2017-08-09 11:38:43', 4, NULL, NULL),
(1977, 677, 52, '2017-08-09', '2017-08-09 11:42:13', 4, NULL, NULL),
(1986, 650, 33, '2017-08-09', '2017-08-09 13:53:57', 2, NULL, NULL),
(1987, 650, 33, '2017-08-09', '2017-08-09 13:53:57', 4, NULL, NULL),
(1988, 650, 33, '2017-08-09', '2017-08-09 13:53:57', 3, NULL, NULL),
(1992, 663, 54, '2017-08-09', '2017-08-09 14:34:48', 4, NULL, NULL),
(1993, 663, 54, '2017-08-09', '2017-08-09 14:34:56', 3, NULL, NULL),
(1995, 621, 54, '2017-08-09', '2017-08-09 14:41:55', 4, NULL, NULL),
(1996, 621, 54, '2017-08-09', '2017-08-09 14:42:03', 3, NULL, NULL),
(1999, 604, 54, '2017-08-09', '2017-08-09 14:48:25', 4, NULL, NULL),
(2000, 604, 54, '2017-08-09', '2017-08-09 14:48:38', 3, NULL, NULL),
(2002, 754, NULL, '2017-08-09', '2017-08-09 15:02:06', 1, NULL, NULL),
(2004, 663, 33, '2017-08-09', '2017-08-10 12:22:28', 2, NULL, NULL),
(2005, 663, 33, '2017-08-09', '2017-08-10 12:22:28', 4, NULL, NULL),
(2006, 663, 33, '2017-08-09', '2017-08-10 12:22:28', 3, NULL, NULL),
(2007, 621, 33, '2017-08-09', '2017-08-10 12:21:12', 2, NULL, NULL),
(2008, 621, 33, '2017-08-09', '2017-08-10 12:21:12', 4, NULL, NULL),
(2009, 621, 33, '2017-08-09', '2017-08-10 12:21:12', 3, NULL, NULL),
(2010, 621, 33, '2017-08-09', '2017-08-10 12:21:12', 2, NULL, NULL),
(2011, 663, 33, '2017-08-09', '2017-08-10 12:22:28', 2, NULL, NULL),
(2012, 755, NULL, '2017-08-09', '2017-08-09 16:10:10', 1, NULL, NULL),
(2013, 756, NULL, '2017-08-09', '2017-08-09 16:14:09', 1, NULL, NULL),
(2014, 757, NULL, '2017-08-09', '2017-08-09 16:26:48', 1, NULL, NULL),
(2015, 713, 52, '2017-08-09', '2017-08-09 16:55:21', 4, NULL, NULL),
(2016, 758, NULL, '2017-08-09', '2017-08-09 16:55:35', 1, NULL, NULL),
(2017, 759, NULL, '2017-08-09', '2017-08-09 17:02:35', 1, NULL, NULL),
(2018, 745, 52, '2017-08-09', '2017-08-09 17:03:04', 4, NULL, NULL),
(2019, 724, 52, '2017-08-09', '2017-08-09 17:07:36', 4, NULL, NULL),
(2021, 761, NULL, '2017-08-09', '2017-08-09 17:12:25', 1, NULL, NULL),
(2022, 762, NULL, '2017-08-09', '2017-08-09 17:22:28', 1, NULL, NULL),
(2023, 529, 33, '2017-08-09', '2017-08-09 17:20:00', 4, NULL, NULL),
(2024, 529, 33, '2017-08-09', '2017-08-09 17:20:00', 3, NULL, NULL),
(2027, 737, 33, '2017-08-09', '2017-08-10 12:24:42', 2, NULL, NULL),
(2028, 737, 33, '2017-08-09', '2017-08-10 12:24:42', 4, NULL, NULL),
(2029, 664, 33, '2017-08-09', '2017-08-09 17:45:28', 2, NULL, NULL),
(2030, 664, 33, '2017-08-09', '2017-08-09 17:45:28', 4, NULL, NULL),
(2031, 763, NULL, '2017-08-09', '2017-08-09 17:54:18', 1, NULL, NULL),
(2032, 736, 52, '2017-08-10', '2017-08-10 11:52:08', 4, NULL, NULL),
(2033, 764, NULL, '2017-08-10', '2017-08-10 11:53:27', 1, NULL, NULL),
(2034, 758, 52, '2017-08-10', '2017-08-10 11:54:34', 4, NULL, NULL),
(2035, 570, 31, '2017-08-10', '2017-08-10 12:17:44', 4, 'Resolucion por mllanquitur - 20587 : corresponde a Albañileria', NULL),
(2036, 545, 33, '2017-08-10', '2017-08-10 12:19:16', 4, NULL, NULL),
(2037, 545, 33, '2017-08-10', '2017-08-10 12:19:16', 3, NULL, NULL),
(2038, 621, 33, '2017-08-10', '2017-08-10 12:21:12', 4, NULL, NULL),
(2039, 663, 33, '2017-08-10', '2017-08-10 12:22:28', 4, NULL, NULL),
(2040, 663, 33, '2017-08-10', '2017-08-10 12:22:28', 3, NULL, NULL),
(2041, 621, 33, '2017-08-10', '2017-08-10 12:21:12', 3, NULL, NULL),
(2042, 765, NULL, '2017-08-10', '2017-08-10 12:27:16', 1, NULL, NULL),
(2043, 737, 33, '2017-08-10', '2017-08-10 12:24:42', 4, NULL, NULL),
(2044, 737, 33, '2017-08-10', '2017-08-10 12:24:42', 3, NULL, NULL),
(2045, 766, NULL, '2017-08-10', '2017-08-10 12:29:32', 1, NULL, NULL),
(2046, 767, NULL, '2017-08-10', '2017-08-10 12:31:13', 1, NULL, NULL),
(2047, 759, 33, '2017-08-10', '2017-08-14 15:36:46', 4, NULL, NULL),
(2048, 759, 33, '2017-08-10', '2017-08-14 15:36:46', 3, NULL, NULL),
(2049, 768, NULL, '2017-08-10', '2017-08-10 12:40:41', 1, NULL, NULL),
(2050, 769, NULL, '2017-08-10', '2017-08-10 12:43:56', 1, NULL, NULL),
(2052, 771, NULL, '2017-08-10', '2017-08-10 12:49:45', 1, NULL, NULL),
(2053, 772, NULL, '2017-08-10', '2017-08-10 13:16:39', 1, NULL, NULL),
(2054, 773, NULL, '2017-08-10', '2017-08-10 13:22:20', 1, NULL, NULL),
(2055, 774, NULL, '2017-08-10', '2017-08-10 14:10:41', 1, NULL, NULL),
(2056, 723, 52, '2017-08-10', '2017-08-10 14:34:38', 4, NULL, NULL),
(2065, 779, NULL, '2017-08-10', '2017-08-10 16:06:13', 1, NULL, NULL),
(2066, 780, NULL, '2017-08-10', '2017-08-10 16:11:57', 1, NULL, NULL),
(2067, 781, NULL, '2017-08-10', '2017-08-10 16:14:05', 1, NULL, NULL),
(2068, 604, 33, '2017-08-10', '2017-08-11 11:18:33', 2, NULL, NULL),
(2069, 604, 33, '2017-08-10', '2017-08-11 11:18:33', 4, NULL, NULL),
(2070, 782, NULL, '2017-08-10', '2017-08-10 16:19:32', 1, NULL, NULL),
(2071, 783, NULL, '2017-08-10', '2017-08-10 16:25:44', 1, NULL, NULL),
(2072, 661, 31, '2017-08-10', '2017-08-10 16:36:05', 5, 'Resolucion por farroyo - 686 : El ticket 713 habla del mismos tema. Fue Daniel y lo ejecuto', NULL),
(2073, 784, NULL, '2017-08-10', '2017-08-10 16:45:04', 1, NULL, NULL),
(2074, 784, 33, '2017-08-10', '2017-08-10 16:46:23', 2, NULL, NULL),
(2075, 785, NULL, '2017-08-10', '2017-08-10 16:49:37', 1, NULL, NULL),
(2076, 784, 33, '2017-08-10', '2017-08-10 16:46:23', 4, NULL, NULL),
(2077, 600, 64, '2017-08-10', '2017-08-10 17:11:49', 3, NULL, NULL),
(2078, 413, 64, '2017-08-10', '2017-08-10 17:17:41', 3, NULL, NULL),
(2079, 422, 64, '2017-08-10', '2017-08-10 17:18:43', 3, NULL, NULL),
(2080, 457, 64, '2017-08-10', '2017-08-10 17:19:13', 3, NULL, NULL),
(2081, 492, 64, '2017-08-10', '2017-08-10 17:20:37', 3, NULL, NULL),
(2082, 507, 64, '2017-08-10', '2017-08-10 17:21:00', 3, NULL, NULL),
(2083, 517, 64, '2017-08-10', '2017-08-10 17:21:21', 3, NULL, NULL),
(2084, 744, 31, '2017-08-10', '2017-08-10 17:21:31', 4, NULL, NULL),
(2085, 539, 64, '2017-08-10', '2017-08-10 17:22:31', 3, NULL, NULL),
(2086, 585, 64, '2017-08-10', '2017-08-10 17:22:48', 3, NULL, NULL),
(2087, 586, 64, '2017-08-10', '2017-08-10 17:23:03', 3, NULL, NULL),
(2088, 598, 64, '2017-08-10', '2017-08-10 17:23:41', 3, NULL, NULL),
(2089, 616, 63, '2017-08-10', '2017-08-10 17:33:04', 4, NULL, NULL),
(2090, 786, NULL, '2017-08-10', '2017-08-10 17:35:03', 1, NULL, NULL),
(2091, 787, NULL, '2017-08-10', '2017-08-10 17:44:35', 1, NULL, NULL),
(2094, 779, 31, '2017-08-10', '2017-08-10 17:59:38', 4, NULL, NULL),
(2096, 789, NULL, '2017-08-10', '2017-08-10 18:20:32', 1, NULL, NULL),
(2097, 790, NULL, '2017-08-10', '2017-08-10 18:28:58', 1, NULL, NULL),
(2099, 604, 33, '2017-08-11', '2017-08-11 11:18:33', 4, NULL, NULL),
(2101, 789, 52, '2017-08-11', '2017-08-11 11:50:52', 4, NULL, NULL),
(2102, 789, 52, '2017-08-11', '2017-08-11 11:51:18', 8, NULL, NULL),
(2103, 792, NULL, '2017-08-11', '2017-08-11 11:51:46', 1, NULL, NULL),
(2104, 785, 52, '2017-08-11', '2017-08-11 11:54:34', 4, NULL, NULL),
(2105, 785, 52, '2017-08-11', '2017-08-11 11:54:45', 8, NULL, NULL),
(2106, 793, NULL, '2017-08-11', '2017-08-11 11:56:25', 1, NULL, NULL),
(2107, 630, 52, '2017-08-11', '2017-08-11 11:57:39', 8, NULL, NULL),
(2108, 712, 52, '2017-08-11', '2017-08-11 11:58:10', 8, NULL, NULL),
(2109, 709, 52, '2017-08-11', '2017-08-11 11:58:24', 8, NULL, NULL),
(2110, 673, 52, '2017-08-11', '2017-08-11 11:58:53', 8, NULL, NULL),
(2111, 728, 52, '2017-08-11', '2017-08-11 11:59:33', 4, NULL, NULL),
(2112, 736, 52, '2017-08-11', '2017-08-11 12:00:07', 8, NULL, NULL),
(2113, 758, 52, '2017-08-11', '2017-08-11 12:00:21', 8, NULL, NULL),
(2114, 723, 52, '2017-08-11', '2017-08-11 12:00:38', 8, NULL, NULL),
(2115, 793, 52, '2017-08-11', '2017-08-11 12:01:25', 8, NULL, NULL),
(2116, 406, 64, '2017-08-11', '2017-08-11 12:12:03', 2, NULL, NULL),
(2117, 754, 54, '2017-08-11', '2017-08-11 12:40:16', 2, NULL, NULL),
(2118, 794, NULL, '2017-08-11', '2017-08-11 12:41:22', 1, NULL, NULL),
(2119, 754, 54, '2017-08-11', '2017-08-09 15:01:32', 8, NULL, NULL),
(2120, 755, 54, '2017-08-11', '2017-08-09 16:06:29', 8, NULL, NULL),
(2121, 757, 54, '2017-08-11', '2017-08-09 16:23:21', 8, NULL, NULL),
(2122, 763, 54, '2017-08-11', '2017-08-09 17:50:48', 8, NULL, NULL),
(2123, 764, 54, '2017-08-11', '2017-08-16 17:07:35', 2, NULL, NULL),
(2124, 795, NULL, '2017-08-11', '2017-08-11 12:46:24', 1, NULL, NULL),
(2125, 766, 54, '2017-08-11', '2017-08-17 12:50:38', 2, NULL, NULL),
(2126, 774, 54, '2017-08-11', '2017-08-10 14:07:10', 8, NULL, NULL),
(2127, 781, 54, '2017-08-11', '2017-08-10 16:10:37', 2, NULL, NULL),
(2128, 786, 54, '2017-08-11', '2017-08-10 17:31:36', 2, NULL, NULL),
(2129, 795, 54, '2017-08-11', '2017-08-11 12:42:57', 2, NULL, NULL),
(2130, 796, NULL, '2017-08-11', '2017-08-11 12:49:26', 1, NULL, NULL),
(2131, 759, 33, '2017-08-11', '2017-08-14 15:36:46', 4, NULL, NULL),
(2132, 759, 33, '2017-08-11', '2017-08-14 15:36:46', 3, NULL, NULL),
(2133, 659, 33, '2017-08-11', '2017-08-11 13:09:22', 2, NULL, NULL),
(2134, 659, 33, '2017-08-11', '2017-08-11 13:09:22', 4, NULL, NULL),
(2135, 659, 33, '2017-08-11', '2017-08-11 13:09:22', 3, NULL, NULL),
(2136, 797, NULL, '2017-08-11', '2017-08-11 13:16:10', 1, NULL, NULL),
(2138, 482, 33, '2017-08-11', '2017-08-11 13:31:25', 2, NULL, NULL),
(2139, 799, NULL, '2017-08-11', '2017-08-11 13:26:11', 1, NULL, NULL),
(2140, 800, NULL, '2017-08-11', '2017-08-11 13:30:24', 1, NULL, NULL),
(2141, 801, NULL, '2017-08-11', '2017-08-11 13:33:00', 1, NULL, NULL),
(2142, 482, 33, '2017-08-11', '2017-08-11 13:31:25', 4, NULL, NULL),
(2143, 726, 52, '2017-08-11', '2017-08-11 13:35:39', 4, NULL, NULL),
(2144, 726, 52, '2017-08-11', '2017-08-11 13:35:50', 8, NULL, NULL),
(2149, 686, 33, '2017-08-11', '2017-08-11 15:40:54', 4, NULL, NULL),
(2151, 686, 33, '2017-08-11', '2017-08-11 15:40:54', 3, NULL, NULL),
(2155, 657, 33, '2017-08-11', '2017-08-11 15:51:08', 2, NULL, NULL),
(2156, 657, 33, '2017-08-11', '2017-08-11 15:51:08', 4, NULL, NULL),
(2157, 657, 33, '2017-08-11', '2017-08-11 15:51:08', 3, NULL, NULL),
(2158, 803, NULL, '2017-08-11', '2017-08-11 14:18:38', 1, NULL, NULL),
(2159, 804, NULL, '2017-08-11', '2017-08-11 14:24:57', 1, NULL, NULL),
(2160, 805, NULL, '2017-08-11', '2017-08-11 14:26:17', 1, NULL, NULL),
(2161, 657, 33, '2017-08-11', '2017-08-11 15:51:08', 4, NULL, NULL),
(2162, 657, 33, '2017-08-11', '2017-08-11 15:51:08', 3, NULL, NULL),
(2166, 806, NULL, '2017-08-11', '2017-08-11 15:08:29', 1, NULL, NULL),
(2173, 686, 63, '2017-08-11', '2017-08-11 15:43:54', 2, NULL, NULL),
(2174, 657, 64, '2017-08-11', '2017-08-11 16:10:04', 2, NULL, NULL),
(2175, 368, 33, '2017-08-11', '2017-08-11 16:09:08', 2, NULL, NULL),
(2176, 368, 33, '2017-08-11', '2017-08-11 16:09:08', 4, NULL, NULL),
(2177, 808, NULL, '2017-08-11', '2017-08-11 16:13:08', 1, NULL, NULL),
(2178, 808, 49, '2017-08-11', '2017-08-11 16:15:01', 2, NULL, NULL),
(2179, 797, 64, '2017-08-11', '2017-08-11 16:15:35', 3, NULL, NULL),
(2180, 657, 64, '2017-08-11', '2017-08-11 16:15:46', 3, NULL, NULL),
(2181, 808, 49, '2017-08-11', '2017-08-11 16:21:13', 4, NULL, NULL),
(2182, 808, 49, '2017-08-11', '2017-08-11 16:21:30', 3, NULL, NULL),
(2183, 809, NULL, '2017-08-11', '2017-08-11 16:29:01', 1, NULL, NULL),
(2184, 771, 31, '2017-08-11', '2017-08-11 16:37:04', 4, NULL, NULL),
(2185, 810, NULL, '2017-08-11', '2017-08-11 16:39:16', 1, NULL, NULL),
(2186, 406, 64, '2017-08-11', '2017-08-11 16:41:52', 3, NULL, NULL),
(2187, 796, 52, '2017-08-11', '2017-08-11 17:48:43', 4, NULL, NULL),
(2188, 796, 52, '2017-08-11', '2017-08-11 17:49:10', 8, NULL, NULL),
(2189, 804, 52, '2017-08-11', '2017-08-11 17:50:09', 4, NULL, NULL),
(2190, 804, 52, '2017-08-11', '2017-08-11 17:50:16', 8, NULL, NULL),
(2191, 810, 52, '2017-08-11', '2017-08-11 17:51:18', 4, NULL, NULL),
(2192, 810, 52, '2017-08-11', '2017-08-11 17:51:44', 8, NULL, NULL),
(2193, 810, 52, '2017-08-11', '2017-08-11 17:55:03', 4, NULL, NULL),
(2195, 812, NULL, '2017-08-14', '2017-08-14 11:38:26', 1, NULL, NULL),
(2205, 808, 33, '2017-08-14', '2017-08-15 11:39:20', 2, NULL, NULL),
(2206, 808, 33, '2017-08-14', '2017-08-15 11:39:20', 4, NULL, NULL),
(2208, 657, 33, '2017-08-14', '2017-08-11 15:51:08', 3, NULL, NULL),
(2209, 812, 63, '2017-08-14', '2017-08-14 13:23:58', 4, NULL, NULL),
(2212, 816, NULL, '2017-08-14', '2017-08-14 13:38:16', 1, NULL, NULL),
(2213, 817, NULL, '2017-08-14', '2017-08-14 13:40:55', 1, NULL, NULL),
(2214, 797, 63, '2017-08-14', '2017-08-14 13:46:01', 4, NULL, NULL),
(2215, 818, NULL, '2017-08-14', '2017-08-14 13:50:15', 1, NULL, NULL),
(2216, 819, NULL, '2017-08-14', '2017-08-14 14:01:45', 1, NULL, NULL),
(2218, 820, NULL, '2017-08-14', '2017-08-14 14:19:34', 1, NULL, NULL),
(2219, 821, NULL, '2017-08-14', '2017-08-14 14:25:50', 1, NULL, NULL),
(2220, 822, NULL, '2017-08-14', '2017-08-14 14:39:37', 1, NULL, NULL),
(2221, 823, NULL, '2017-08-14', '2017-08-14 14:42:13', 1, NULL, NULL),
(2223, 824, NULL, '2017-08-14', '2017-08-14 14:48:24', 1, NULL, NULL),
(2224, 825, NULL, '2017-08-14', '2017-08-14 14:53:09', 1, NULL, NULL),
(2225, 826, NULL, '2017-08-14', '2017-08-14 14:57:51', 1, NULL, NULL),
(2227, 827, NULL, '2017-08-14', '2017-08-14 15:06:23', 1, NULL, NULL),
(2228, 759, 63, '2017-08-14', '2017-08-14 15:38:38', 2, NULL, NULL),
(2232, 820, 31, '2017-08-14', '2017-08-14 15:48:17', 2, NULL, NULL),
(2243, 817, 79, '2017-08-14', '2017-08-14 16:19:03', 2, NULL, NULL),
(2244, 817, 79, '2017-08-14', '2017-08-14 16:19:36', 8, NULL, NULL),
(2245, 816, 79, '2017-08-14', '2017-08-14 16:20:17', 2, NULL, NULL),
(2247, 816, 79, '2017-08-14', '2017-08-14 16:23:30', 8, NULL, NULL),
(2248, 812, 79, '2017-08-14', '2017-08-14 16:24:00', 2, NULL, NULL),
(2249, 812, 79, '2017-08-14', '2017-08-14 16:24:15', 8, NULL, NULL),
(2259, 657, 63, '2017-08-14', '2017-08-14 17:15:15', 2, NULL, NULL),
(2260, 831, NULL, '2017-08-14', '2017-08-14 17:26:00', 1, NULL, NULL),
(2263, 759, 63, '2017-08-14', '2017-08-14 17:47:15', 3, NULL, NULL),
(2264, 759, 63, '2017-08-14', '2017-08-14 17:50:25', 3, NULL, NULL),
(2267, 832, NULL, '2017-08-15', '2017-08-15 11:42:15', 1, NULL, NULL),
(2268, 808, 33, '2017-08-15', '2017-08-15 11:39:20', 4, NULL, NULL),
(2269, 808, 33, '2017-08-15', '2017-08-15 11:39:20', 3, NULL, NULL),
(2270, 425, 63, '2017-08-15', '2017-08-15 11:46:32', 3, NULL, NULL),
(2272, 438, 63, '2017-08-15', '2017-08-15 11:47:46', 3, NULL, NULL),
(2273, 672, 63, '2017-08-15', '2017-08-15 12:11:04', 2, NULL, NULL),
(2274, 456, 64, '2017-08-15', '2017-08-15 12:21:20', 2, NULL, NULL),
(2278, 835, NULL, '2017-08-15', '2017-08-15 13:43:08', 1, NULL, NULL),
(2283, 821, 52, '2017-08-15', '2017-08-15 14:05:41', 4, NULL, NULL),
(2284, 821, 52, '2017-08-15', '2017-08-15 14:05:41', 8, NULL, NULL),
(2285, 817, 34, '2017-08-15', '2017-08-15 14:17:15', 8, NULL, NULL),
(2286, 816, 34, '2017-08-15', '2017-08-15 14:35:32', 8, NULL, NULL),
(2287, 812, 34, '2017-08-15', '2017-08-15 14:36:31', 8, NULL, NULL),
(2288, 804, 34, '2017-08-15', '2017-08-15 14:37:17', 8, NULL, NULL),
(2289, 796, 34, '2017-08-15', '2017-08-15 14:37:59', 8, NULL, NULL),
(2291, 793, 34, '2017-08-15', '2017-08-15 14:39:04', 8, NULL, NULL),
(2292, 789, 34, '2017-08-15', '2017-08-15 14:40:11', 8, NULL, NULL),
(2293, 817, 31, '2017-08-15', '2017-08-15 15:02:38', 5, NULL, NULL),
(2294, 812, 31, '2017-08-15', '2017-08-15 15:04:03', 5, NULL, NULL),
(2295, 816, 31, '2017-08-15', '2017-08-15 15:05:10', 5, NULL, NULL),
(2296, 804, 31, '2017-08-15', '2017-08-15 15:05:43', 5, NULL, NULL),
(2297, 796, 31, '2017-08-15', '2017-08-15 15:06:20', 5, NULL, NULL),
(2298, 793, 31, '2017-08-15', '2017-08-15 15:06:54', 5, NULL, NULL),
(2299, 789, 31, '2017-08-15', '2017-08-15 15:07:47', 5, NULL, NULL),
(2300, 836, NULL, '2017-08-15', '2017-08-15 15:31:37', 1, NULL, NULL),
(2301, 837, NULL, '2017-08-15', '2017-08-15 15:39:16', 1, NULL, NULL),
(2312, 824, 52, '2017-08-15', '2017-08-15 16:48:36', 4, NULL, NULL),
(2313, 824, 52, '2017-08-15', '2017-08-15 16:48:48', 8, NULL, NULL),
(2314, 387, 52, '2017-08-15', '2017-08-15 16:49:55', 4, NULL, NULL),
(2315, 387, 52, '2017-08-15', '2017-08-15 16:51:38', 8, NULL, NULL),
(2316, 709, 52, '2017-08-15', '2017-08-15 16:52:53', 4, NULL, NULL),
(2317, 818, 52, '2017-08-15', '2017-08-15 16:53:32', 8, NULL, NULL),
(2318, 746, 52, '2017-08-15', '2017-08-15 16:54:23', 8, NULL, NULL),
(2319, 572, 52, '2017-08-15', '2017-08-15 16:55:34', 4, NULL, NULL),
(2320, 572, 52, '2017-08-15', '2017-08-15 16:55:45', 8, NULL, NULL),
(2323, 370, 34, '2017-08-15', '2017-08-15 16:57:01', 8, NULL, NULL),
(2324, 731, 52, '2017-08-15', '2017-08-15 16:57:04', 4, NULL, NULL),
(2325, 731, 52, '2017-08-15', '2017-08-15 16:57:23', 8, NULL, NULL),
(2326, 615, 52, '2017-08-15', '2017-08-15 16:57:36', 8, NULL, NULL),
(2327, 372, 34, '2017-08-15', '2017-08-15 16:57:49', 8, NULL, NULL),
(2329, 376, 34, '2017-08-15', '2017-08-15 16:58:12', 8, NULL, NULL),
(2331, 377, 34, '2017-08-15', '2017-08-15 16:59:15', 8, NULL, NULL),
(2332, 381, 34, '2017-08-15', '2017-08-15 17:01:06', 8, NULL, NULL),
(2333, 383, 34, '2017-08-15', '2017-08-15 17:01:26', 8, NULL, NULL),
(2334, 384, 34, '2017-08-15', '2017-08-15 17:02:23', 8, NULL, NULL),
(2335, 387, 34, '2017-08-15', '2017-08-15 17:09:15', 6, NULL, NULL),
(2336, 402, 34, '2017-08-15', '2017-08-15 17:17:10', 8, NULL, NULL),
(2337, 403, 34, '2017-08-15', '2017-08-15 17:17:34', 8, NULL, NULL),
(2338, 418, 34, '2017-08-15', '2017-08-15 17:18:02', 8, NULL, NULL),
(2340, 419, 34, '2017-08-15', '2017-08-15 17:18:19', 8, NULL, NULL),
(2341, 423, 34, '2017-08-15', '2017-08-15 17:18:40', 8, NULL, NULL),
(2342, 841, NULL, '2017-08-15', '2017-08-15 17:39:36', 1, NULL, NULL),
(2345, 764, 54, '2017-08-15', '2017-08-15 17:44:33', 4, NULL, NULL),
(2346, 764, 54, '2017-08-15', '2017-08-15 17:44:45', 3, NULL, NULL),
(2347, 424, 34, '2017-08-15', '2017-08-15 18:04:20', 8, NULL, NULL),
(2348, 427, 34, '2017-08-15', '2017-08-15 18:09:18', 8, NULL, NULL),
(2349, 430, 34, '2017-08-15', '2017-08-15 18:09:34', 8, NULL, NULL),
(2350, 435, 34, '2017-08-15', '2017-08-15 18:09:49', 8, NULL, NULL),
(2351, 428, 34, '2017-08-15', '2017-08-15 18:10:04', 8, NULL, NULL),
(2352, 432, 34, '2017-08-15', '2017-08-15 18:10:25', 8, NULL, NULL),
(2353, 436, 34, '2017-08-15', '2017-08-15 18:10:47', 8, NULL, NULL),
(2354, 444, 34, '2017-08-15', '2017-08-15 18:11:14', 8, NULL, NULL),
(2355, 370, 31, '2017-08-15', '2017-08-15 18:12:48', 5, NULL, NULL),
(2356, 403, 31, '2017-08-15', '2017-08-15 18:13:27', 5, NULL, NULL),
(2357, 402, 31, '2017-08-15', '2017-08-15 18:14:32', 5, NULL, NULL),
(2358, 384, 31, '2017-08-15', '2017-08-15 18:14:57', 5, NULL, NULL),
(2359, 383, 31, '2017-08-15', '2017-08-15 18:15:14', 5, NULL, NULL),
(2360, 381, 31, '2017-08-15', '2017-08-15 18:15:50', 5, NULL, NULL),
(2361, 377, 31, '2017-08-15', '2017-08-15 18:16:09', 5, NULL, NULL),
(2362, 376, 31, '2017-08-15', '2017-08-15 18:16:26', 5, NULL, NULL),
(2363, 372, 31, '2017-08-15', '2017-08-15 18:16:48', 5, NULL, NULL),
(2364, 418, 31, '2017-08-15', '2017-08-15 18:17:53', 5, NULL, NULL),
(2365, 419, 31, '2017-08-15', '2017-08-15 18:18:16', 5, NULL, NULL),
(2366, 423, 31, '2017-08-15', '2017-08-15 18:18:44', 5, NULL, NULL),
(2367, 424, 31, '2017-08-15', '2017-08-15 18:19:10', 5, NULL, NULL),
(2368, 427, 31, '2017-08-15', '2017-08-15 18:20:17', 5, NULL, NULL),
(2369, 428, 31, '2017-08-15', '2017-08-15 18:23:03', 5, NULL, NULL),
(2370, 430, 31, '2017-08-15', '2017-08-15 18:23:27', 5, NULL, NULL),
(2371, 432, 31, '2017-08-15', '2017-08-15 18:24:07', 5, NULL, NULL),
(2372, 435, 31, '2017-08-15', '2017-08-15 18:24:32', 5, NULL, NULL),
(2373, 436, 31, '2017-08-15', '2017-08-15 18:26:13', 5, NULL, NULL),
(2374, 819, 54, '2017-08-16', '2017-08-16 11:29:54', 8, NULL, NULL),
(2375, 826, 54, '2017-08-16', '2017-08-16 11:30:20', 3, NULL, NULL),
(2376, 764, 33, '2017-08-16', '2017-08-16 17:07:35', 2, NULL, NULL),
(2377, 764, 33, '2017-08-16', '2017-08-16 17:07:35', 4, NULL, NULL),
(2378, 826, 54, '2017-08-16', '2017-08-16 11:38:18', 4, NULL, NULL),
(2379, 826, 54, '2017-08-16', '2017-08-16 11:38:32', 3, NULL, NULL),
(2380, 766, 54, '2017-08-16', '2017-08-16 11:43:49', 4, NULL, NULL),
(2381, 766, 54, '2017-08-16', '2017-08-16 11:44:00', 3, NULL, NULL),
(2386, 846, NULL, '2017-08-16', '2017-08-16 14:11:57', 1, NULL, NULL),
(2387, 826, 33, '2017-08-16', '2017-08-17 17:06:13', 2, NULL, NULL),
(2390, 826, 33, '2017-08-16', '2017-08-17 17:06:13', 4, NULL, NULL),
(2399, 764, 33, '2017-08-16', '2017-08-16 17:07:35', 4, NULL, NULL),
(2400, 764, 33, '2017-08-16', '2017-08-16 17:07:35', 3, NULL, NULL),
(2402, 468, 33, '2017-08-16', '2017-08-18 11:41:02', 4, NULL, NULL),
(2403, 468, 33, '2017-08-16', '2017-08-18 11:41:02', 3, NULL, NULL),
(2404, 456, 64, '2017-08-16', '2017-08-16 16:57:52', 3, NULL, NULL),
(2405, 764, 63, '2017-08-16', '2017-08-16 17:09:56', 2, NULL, NULL),
(2406, 851, NULL, '2017-08-16', '2017-08-16 18:17:16', 1, NULL, NULL),
(2407, 852, NULL, '2017-08-16', '2017-08-16 18:28:06', 1, NULL, NULL),
(2408, 853, NULL, '2017-08-16', '2017-08-16 18:31:05', 1, NULL, NULL),
(2409, 854, NULL, '2017-08-16', '2017-08-16 18:34:56', 1, NULL, NULL),
(2410, 459, 31, '2017-08-16', '2017-08-16 18:38:09', 4, NULL, NULL),
(2411, 855, NULL, '2017-08-16', '2017-08-16 18:40:59', 1, NULL, NULL),
(2412, 826, 33, '2017-08-17', '2017-08-17 11:28:32', 4, NULL, NULL),
(2413, 826, 33, '2017-08-17', '2017-08-17 11:28:55', 3, NULL, NULL),
(2419, 766, 33, '2017-08-17', '2017-08-17 12:53:30', 2, NULL, NULL),
(2420, 766, 33, '2017-08-17', '2017-08-17 12:54:02', 4, NULL, NULL),
(2429, 468, 64, '2017-08-17', '2017-08-17 14:55:17', 2, NULL, NULL),
(2445, 826, 64, '2017-08-17', '2017-08-17 15:57:07', 2, NULL, NULL),
(2449, 871, NULL, '2017-08-17', '2017-08-17 16:39:52', 1, NULL, NULL),
(2455, 826, 64, '2017-08-17', '2017-08-17 17:10:05', 3, NULL, NULL),
(2456, 872, NULL, '2017-08-17', '2017-08-17 17:15:36', 1, NULL, NULL),
(2459, 874, NULL, '2017-08-17', '2017-08-17 18:33:38', 1, NULL, NULL),
(2460, 875, NULL, '2017-08-18', '2017-08-18 11:33:47', 1, NULL, NULL),
(2461, 875, 33, '2017-08-18', '2017-08-18 11:43:48', 4, NULL, NULL),
(2462, 875, 33, '2017-08-18', '2017-08-18 11:44:33', 3, NULL, NULL),
(2463, 875, 63, '2017-08-18', '2017-08-18 11:47:55', 2, NULL, NULL),
(2465, 876, NULL, '2017-08-18', '2017-08-18 12:46:06', 1, NULL, NULL),
(2467, 878, NULL, '2017-08-18', '2017-08-18 13:39:42', 1, NULL, NULL),
(2468, 879, NULL, '2017-08-18', '2017-08-18 13:49:20', 1, NULL, NULL),
(2469, 468, 64, '2017-08-18', '2017-08-18 13:52:14', 3, NULL, NULL),
(2470, 880, NULL, '2017-08-18', '2017-08-18 13:56:45', 1, NULL, NULL),
(2471, 880, 52, '2017-08-18', '2017-08-18 13:58:50', 4, NULL, NULL),
(2472, 880, 52, '2017-08-18', '2017-08-18 13:59:02', 8, NULL, NULL),
(2473, 808, 64, '2017-08-18', '2017-08-18 14:00:51', 2, NULL, NULL),
(2475, 659, 63, '2017-08-18', '2017-08-18 14:22:14', 2, NULL, NULL),
(2481, 737, 63, '2017-08-18', '2017-08-18 15:19:42', 2, NULL, NULL),
(2482, 832, 63, '2017-08-18', '2017-08-18 15:39:07', 4, NULL, NULL),
(2483, 808, 64, '2017-08-18', '2017-08-18 15:49:19', 3, NULL, NULL),
(2486, 884, NULL, '2017-08-18', '2017-08-18 16:11:13', 1, NULL, NULL),
(2487, 885, NULL, '2017-08-18', '2017-08-18 16:15:50', 1, NULL, NULL),
(2488, 886, NULL, '2017-08-18', '2017-08-18 16:25:20', 1, NULL, NULL),
(2489, 887, NULL, '2017-08-18', '2017-08-18 16:38:10', 1, NULL, NULL),
(2490, 846, 52, '2017-08-18', '2017-08-18 16:39:12', 4, NULL, NULL),
(2491, 846, 52, '2017-08-18', '2017-08-18 16:39:58', 8, NULL, NULL),
(2492, 810, 52, '2017-08-18', '2017-08-18 16:40:16', 8, NULL, NULL),
(2494, 771, 33, '2017-08-18', '2017-08-18 17:12:07', 4, NULL, NULL),
(2496, 771, 33, '2017-08-18', '2017-08-18 17:13:07', 2, NULL, NULL),
(2497, 756, 33, '2017-08-18', '2017-08-18 17:16:02', 4, NULL, NULL),
(2499, 820, 33, '2017-08-18', '2017-08-18 17:20:41', 4, NULL, NULL),
(2500, 831, 33, '2017-08-18', '2017-08-18 17:23:52', 4, NULL, NULL),
(2501, 831, 33, '2017-08-18', '2017-08-18 17:25:09', 2, NULL, NULL),
(2502, 771, 33, '2017-08-18', '2017-08-18 17:25:44', 2, NULL, NULL),
(2503, 890, NULL, '2017-08-18', '2017-08-18 18:22:11', 1, NULL, NULL),
(2505, 892, NULL, '2017-08-22', '2017-08-22 11:37:21', 1, NULL, NULL),
(2506, 893, NULL, '2017-08-22', '2017-08-22 11:43:12', 1, NULL, NULL),
(2507, 894, NULL, '2017-08-22', '2017-08-22 11:46:33', 1, NULL, NULL),
(2508, 895, NULL, '2017-08-22', '2017-08-22 11:49:25', 1, NULL, NULL),
(2512, 893, 63, '2017-08-22', '2017-08-22 12:17:23', 4, NULL, NULL),
(2515, 636, 31, '2017-08-22', '2017-08-22 12:39:58', 5, 'Resolucion por farroyo - 686 : corresponde a ticket 492. tema repetido', NULL),
(2522, 514, 58, '2017-08-22', '2017-08-22 13:00:44', 2, NULL, NULL),
(2524, 874, 58, '2017-08-22', '2017-08-22 13:00:58', 2, NULL, NULL),
(2525, 855, 58, '2017-08-22', '2017-08-22 13:01:05', 2, NULL, NULL),
(2526, 794, 58, '2017-08-22', '2017-08-22 13:01:13', 2, NULL, NULL),
(2527, 790, 58, '2017-08-22', '2017-08-22 13:01:25', 2, NULL, NULL),
(2528, 553, 58, '2017-08-22', '2017-08-22 13:01:33', 2, NULL, NULL),
(2529, 714, 58, '2017-08-22', '2017-08-22 13:01:48', 2, NULL, NULL),
(2530, 693, 58, '2017-08-22', '2017-08-22 13:02:05', 2, NULL, NULL),
(2531, 851, 44, '2017-08-22', '2017-08-22 13:10:23', 2, NULL, NULL),
(2532, 871, 44, '2017-08-22', '2017-08-22 13:10:50', 2, NULL, NULL),
(2533, 465, 33, '2017-08-22', '2017-08-22 13:12:29', 2, NULL, NULL),
(2535, 465, 33, '2017-08-22', '2017-08-22 13:21:23', 4, NULL, NULL),
(2537, 604, 64, '2017-08-22', '2017-08-22 13:32:29', 2, NULL, NULL),
(2538, 901, NULL, '2017-08-22', '2017-08-22 13:41:49', 1, NULL, NULL),
(2539, 902, NULL, '2017-08-22', '2017-08-22 13:44:59', 1, NULL, NULL),
(2543, 904, NULL, '2017-08-22', '2017-08-22 14:10:33', 1, NULL, NULL),
(2544, 905, NULL, '2017-08-22', '2017-08-22 14:21:42', 1, NULL, NULL),
(2545, 529, 33, '2017-08-22', '2017-08-22 14:41:45', 4, NULL, NULL),
(2546, 906, NULL, '2017-08-22', '2017-08-22 14:44:32', 1, NULL, NULL),
(2548, 604, 64, '2017-08-22', '2017-08-22 15:19:35', 4, NULL, NULL),
(2549, 604, 64, '2017-08-22', '2017-08-22 15:31:06', 3, NULL, NULL),
(2550, 907, NULL, '2017-08-22', '2017-08-22 15:35:58', 1, NULL, NULL),
(2557, 731, 31, '2017-08-22', '2017-08-22 16:45:20', 5, NULL, NULL),
(2559, 810, 33, '2017-08-22', '2017-08-22 16:49:39', 2, NULL, NULL),
(2560, 723, 52, '2017-08-22', '2017-08-22 16:51:46', 3, NULL, NULL),
(2561, 810, 33, '2017-08-22', '2017-08-22 16:52:06', 4, NULL, NULL),
(2562, 810, 33, '2017-08-22', '2017-08-22 16:52:23', 3, NULL, NULL),
(2563, 736, 52, '2017-08-22', '2017-08-22 16:52:18', 3, NULL, NULL),
(2564, 810, 33, '2017-08-22', '2017-08-22 16:53:35', 2, NULL, NULL),
(2565, 724, 52, '2017-08-22', '2017-08-22 16:54:22', 3, NULL, NULL),
(2566, 745, 52, '2017-08-22', '2017-08-22 16:54:36', 3, NULL, NULL),
(2567, 677, 52, '2017-08-22', '2017-08-22 16:55:01', 3, NULL, NULL),
(2568, 601, 52, '2017-08-22', '2017-08-22 16:55:17', 3, NULL, NULL),
(2569, 846, 33, '2017-08-22', '2017-08-22 16:56:13', 2, NULL, NULL),
(2570, 846, 52, '2017-08-22', '2017-08-22 16:56:47', 3, NULL, NULL),
(2571, 846, 33, '2017-08-22', '2017-08-22 16:57:02', 4, NULL, NULL),
(2572, 601, 33, '2017-08-22', '2017-08-22 17:01:45', 4, NULL, NULL),
(2573, 736, 52, '2017-08-22', '2017-08-22 17:01:38', 3, NULL, NULL),
(2574, 880, 52, '2017-08-22', '2017-08-22 17:02:03', 3, NULL, NULL),
(2575, 677, 33, '2017-08-22', '2017-08-22 17:05:21', 4, NULL, NULL),
(2576, 880, 33, '2017-08-22', '2017-08-22 17:08:15', 2, NULL, NULL),
(2577, 880, 33, '2017-08-22', '2017-08-22 17:10:07', 4, NULL, NULL),
(2578, 736, 33, '2017-08-22', '2017-08-22 17:12:24', 2, NULL, NULL),
(2579, 736, 33, '2017-08-22', '2017-08-22 17:13:57', 4, NULL, NULL),
(2580, 745, 33, '2017-08-22', '2017-08-22 17:17:46', 2, NULL, NULL),
(2581, 745, 33, '2017-08-22', '2017-08-22 17:18:29', 4, NULL, NULL),
(2582, 724, 33, '2017-08-22', '2017-08-22 17:20:44', 2, NULL, NULL),
(2583, 724, 33, '2017-08-22', '2017-08-22 17:22:57', 4, NULL, NULL),
(2584, 723, 33, '2017-08-22', '2017-08-22 17:23:54', 2, NULL, NULL),
(2585, 723, 33, '2017-08-22', '2017-08-22 17:26:43', 4, NULL, NULL),
(2586, 818, 31, '2017-08-22', '2017-08-22 17:45:35', 5, NULL, NULL),
(2588, 601, 33, '2017-08-23', '2017-08-23 11:40:30', 3, NULL, NULL),
(2589, 909, NULL, '2017-08-23', '2017-08-23 12:11:32', 1, NULL, NULL),
(2590, 663, 64, '2017-08-23', '2017-08-23 13:58:03', 2, NULL, NULL),
(2591, 677, 33, '2017-08-23', '2017-08-23 15:50:48', 4, NULL, NULL),
(2592, 677, 33, '2017-08-23', '2017-08-23 15:51:06', 3, NULL, NULL),
(2593, 880, 33, '2017-08-23', '2017-08-23 16:37:58', 4, NULL, NULL),
(2594, 880, 33, '2017-08-23', '2017-08-23 16:38:49', 3, NULL, NULL),
(2595, 736, 33, '2017-08-23', '2017-08-23 16:40:00', 4, NULL, NULL),
(2596, 736, 33, '2017-08-23', '2017-08-23 16:40:17', 3, NULL, NULL),
(2597, 745, 33, '2017-08-23', '2017-08-23 16:41:05', 4, NULL, NULL),
(2598, 745, 33, '2017-08-23', '2017-08-23 16:41:24', 3, NULL, NULL),
(2599, 724, 33, '2017-08-23', '2017-08-23 16:43:31', 4, NULL, NULL),
(2600, 723, 33, '2017-08-23', '2017-08-23 16:45:07', 4, NULL, NULL),
(2601, 723, 33, '2017-08-23', '2017-08-23 16:45:39', 3, NULL, NULL),
(2602, 410, 33, '2017-08-23', '2017-08-23 17:08:39', 4, NULL, NULL),
(2603, 810, 33, '2017-08-24', '2017-08-24 11:22:01', 4, NULL, NULL),
(2604, 810, 33, '2017-08-24', '2017-08-24 11:22:22', 3, NULL, NULL),
(2605, 846, 33, '2017-08-24', '2017-08-24 11:23:51', 4, NULL, NULL),
(2606, 846, 33, '2017-08-24', '2017-08-24 11:24:40', 3, NULL, NULL),
(2607, 529, 33, '2017-08-24', '2017-08-24 11:41:03', 4, NULL, NULL),
(2608, 529, 33, '2017-08-24', '2017-08-24 11:41:27', 3, NULL, NULL),
(2610, 528, 31, '2017-08-24', '2017-08-24 11:51:10', 5, NULL, NULL),
(2613, 912, NULL, '2017-08-24', '2017-08-24 11:58:16', 1, NULL, NULL),
(2614, 821, 31, '2017-08-24', '2017-08-24 12:10:14', 5, NULL, NULL),
(2616, 465, 33, '2017-08-24', '2017-08-24 12:18:45', 4, NULL, NULL),
(2617, 465, 33, '2017-08-24', '2017-08-24 12:19:29', 3, NULL, NULL),
(2618, 766, 33, '2017-08-24', '2017-08-24 12:29:59', 4, NULL, NULL),
(2619, 368, 33, '2017-08-24', '2017-08-24 12:34:19', 4, NULL, NULL),
(2620, 368, 33, '2017-08-24', '2017-08-24 12:43:01', 4, NULL, NULL),
(2621, 761, 33, '2017-08-24', '2017-08-24 12:46:57', 4, NULL, NULL),
(2622, 662, 33, '2017-08-24', '2017-08-24 13:05:48', 4, NULL, NULL),
(2623, 708, 33, '2017-08-24', '2017-08-24 13:10:49', 4, NULL, NULL),
(2626, 601, 52, '2017-08-24', '2017-08-24 13:27:32', 2, NULL, NULL),
(2629, 601, 64, '2017-08-24', '2017-08-24 14:16:51', 2, NULL, NULL),
(2635, 914, NULL, '2017-08-24', '2017-08-24 14:34:30', 1, NULL, NULL),
(2637, 915, NULL, '2017-08-24', '2017-08-24 14:42:02', 1, NULL, NULL),
(2638, 601, 64, '2017-08-24', '2017-08-24 14:41:59', 4, NULL, NULL),
(2639, 601, 64, '2017-08-24', '2017-08-24 14:42:24', 3, NULL, NULL),
(2640, 916, NULL, '2017-08-24', '2017-08-24 14:44:01', 1, NULL, NULL),
(2643, 663, 64, '2017-08-24', '2017-08-24 14:46:01', 3, NULL, NULL),
(2645, 917, NULL, '2017-08-24', '2017-08-24 14:46:33', 1, NULL, NULL),
(2646, 918, NULL, '2017-08-24', '2017-08-24 14:49:28', 1, NULL, NULL),
(2647, 677, 63, '2017-08-24', '2017-08-24 15:03:54', 2, NULL, NULL),
(2648, 810, 64, '2017-08-24', '2017-08-24 15:07:20', 2, NULL, NULL),
(2649, 529, 63, '2017-08-24', '2017-08-24 15:19:28', 4, NULL, NULL),
(2652, 529, 63, '2017-08-24', '2017-08-24 15:33:52', 4, NULL, NULL),
(2653, 810, 64, '2017-08-24', '2017-08-24 15:51:28', 3, NULL, NULL),
(2654, 723, 63, '2017-08-24', '2017-08-24 15:59:02', 2, NULL, NULL),
(2655, 724, 63, '2017-08-24', '2017-08-24 16:26:48', 2, NULL, NULL),
(2656, 736, 64, '2017-08-24', '2017-08-24 16:36:01', 2, NULL, NULL),
(2661, 736, 64, '2017-08-24', '2017-08-24 17:46:55', 3, NULL, NULL),
(2662, 745, 64, '2017-08-24', '2017-08-24 17:58:35', 2, NULL, NULL),
(2663, 727, 31, '2017-08-24', '2017-08-24 18:26:47', 4, NULL, NULL),
(2664, 727, 49, '2017-08-24', '2017-08-24 18:28:29', 2, NULL, NULL),
(2665, 922, NULL, '2017-08-24', '2017-08-24 18:37:15', 1, NULL, NULL),
(2666, 846, 64, '2017-08-24', '2017-08-24 18:40:24', 2, NULL, NULL),
(2667, 846, 64, '2017-08-24', '2017-08-24 19:24:28', 3, NULL, NULL),
(2668, 368, 33, '2017-08-25', '2017-08-25 11:31:14', 4, NULL, NULL),
(2669, 368, 33, '2017-08-25', '2017-08-25 11:33:46', 4, NULL, NULL),
(2670, 368, 33, '2017-08-25', '2017-08-25 11:34:41', 3, NULL, NULL),
(2671, 880, 33, '2017-08-25', '2017-08-25 12:15:26', 2, NULL, NULL),
(2672, 880, 33, '2017-08-25', '2017-08-25 12:16:01', 3, NULL, NULL),
(2676, 926, NULL, '2017-08-25', '2017-08-25 13:48:44', 1, NULL, NULL),
(2677, 927, NULL, '2017-08-25', '2017-08-25 14:07:35', 1, NULL, NULL),
(2678, 928, NULL, '2017-08-25', '2017-08-25 14:49:53', 1, NULL, NULL),
(2679, 657, 63, '2017-08-25', '2017-08-25 15:08:39', 4, NULL, NULL),
(2680, 657, 63, '2017-08-25', '2017-08-25 15:09:03', 6, NULL, NULL),
(2681, 756, 33, '2017-08-25', '2017-08-25 15:10:48', 4, NULL, NULL),
(2682, 771, 33, '2017-08-25', '2017-08-25 15:14:06', 4, NULL, NULL),
(2683, 771, 33, '2017-08-25', '2017-08-25 15:15:38', 3, NULL, NULL),
(2684, 756, 33, '2017-08-25', '2017-08-25 15:26:26', 4, NULL, NULL),
(2685, 756, 33, '2017-08-25', '2017-08-25 15:26:45', 3, NULL, NULL),
(2686, 929, NULL, '2017-08-25', '2017-08-25 16:10:05', 1, NULL, NULL),
(2687, 930, NULL, '2017-08-25', '2017-08-25 16:20:37', 1, NULL, NULL),
(2688, 820, 33, '2017-08-25', '2017-08-25 16:29:52', 4, NULL, NULL),
(2689, 820, 33, '2017-08-25', '2017-08-25 16:30:18', 3, NULL, NULL),
(2690, 831, 33, '2017-08-25', '2017-08-25 16:33:04', 4, NULL, NULL),
(2691, 831, 33, '2017-08-25', '2017-08-25 16:34:40', 3, NULL, NULL),
(2692, 892, 31, '2017-08-25', '2017-08-25 16:45:42', 5, NULL, NULL),
(2693, 894, 31, '2017-08-25', '2017-08-25 16:48:31', 5, NULL, NULL),
(2694, 909, 31, '2017-08-25', '2017-08-25 17:35:03', 5, NULL, NULL),
(2695, 708, 33, '2017-08-28', '2017-08-28 11:19:18', 4, NULL, NULL),
(2696, 931, NULL, '2017-08-28', '2017-08-28 11:24:40', 1, NULL, NULL),
(2697, 932, NULL, '2017-08-28', '2017-08-28 11:26:15', 1, NULL, NULL),
(2698, 759, 33, '2017-08-28', '2017-08-28 11:31:25', 4, NULL, NULL),
(2699, 759, 33, '2017-08-28', '2017-08-28 11:31:49', 3, NULL, NULL),
(2700, 759, 33, '2017-08-28', '2017-08-28 11:34:34', 4, NULL, NULL),
(2701, 708, 33, '2017-08-28', '2017-08-28 11:39:49', 3, NULL, NULL),
(2702, 933, NULL, '2017-08-28', '2017-08-28 11:46:26', 1, NULL, NULL),
(2703, 934, NULL, '2017-08-28', '2017-08-28 12:32:58', 1, NULL, NULL),
(2704, 933, 31, '2017-08-28', '2017-08-28 12:45:27', 4, NULL, NULL),
(2705, 905, 54, '2017-08-28', '2017-08-28 12:48:55', 4, NULL, NULL),
(2706, 905, 54, '2017-08-28', '2017-08-28 12:49:19', 8, NULL, NULL),
(2707, 933, 54, '2017-08-28', '2017-08-28 12:50:56', 4, NULL, NULL),
(2708, 905, 54, '2017-08-28', '2017-08-28 12:51:15', 8, NULL, NULL),
(2709, 663, 54, '2017-08-28', '2017-08-28 12:51:37', 3, NULL, NULL),
(2710, 935, NULL, '2017-08-28', '2017-08-28 12:53:25', 1, NULL, NULL),
(2711, 639, 54, '2017-08-28', '2017-08-28 12:53:42', 8, NULL, NULL),
(2712, 933, 54, '2017-08-28', '2017-08-28 13:01:17', 8, NULL, NULL),
(2713, 916, 54, '2017-08-28', '2017-08-28 13:01:42', 8, NULL, NULL),
(2714, 852, 54, '2017-08-28', '2017-08-28 13:03:15', 8, NULL, NULL),
(2715, 936, NULL, '2017-08-28', '2017-08-28 13:36:59', 1, NULL, NULL),
(2716, 852, 31, '2017-08-28', '2017-08-28 13:40:18', 5, NULL, NULL),
(2717, 916, 31, '2017-08-28', '2017-08-28 13:40:45', 5, NULL, NULL),
(2718, 639, 31, '2017-08-28', '2017-08-28 13:41:04', 5, NULL, NULL),
(2719, 933, 31, '2017-08-28', '2017-08-28 13:41:24', 5, NULL, NULL),
(2720, 708, 33, '2017-08-28', '2017-08-28 13:43:25', 4, NULL, NULL),
(2721, 708, 33, '2017-08-28', '2017-08-28 13:43:46', 3, NULL, NULL),
(2723, 935, 33, '2017-08-28', '2017-08-28 16:36:54', 4, NULL, NULL),
(2724, 534, 31, '2017-08-28', '2017-08-28 17:26:17', 5, NULL, NULL),
(2725, 938, NULL, '2017-08-28', '2017-08-28 17:35:25', 1, NULL, NULL),
(2726, 654, 31, '2017-08-28', '2017-08-28 17:42:41', 5, NULL, NULL),
(2727, 905, 31, '2017-08-28', '2017-08-28 17:43:29', 5, NULL, NULL),
(2728, 819, 31, '2017-08-28', '2017-08-28 17:44:36', 5, NULL, NULL),
(2729, 444, 31, '2017-08-28', '2017-08-28 17:45:09', 5, NULL, NULL),
(2730, 572, 31, '2017-08-28', '2017-08-28 17:46:48', 5, NULL, NULL),
(2731, 939, NULL, '2017-08-28', '2017-08-28 18:06:48', 1, NULL, NULL),
(2732, 745, 64, '2017-08-29', '2017-08-29 11:40:07', 3, NULL, NULL),
(2733, 940, NULL, '2017-08-29', '2017-08-29 12:19:07', 1, NULL, NULL),
(2735, 942, NULL, '2017-08-29', '2017-08-29 12:23:44', 1, NULL, NULL),
(2736, 708, 33, '2017-08-29', '2017-08-29 12:26:54', 4, NULL, NULL),
(2737, 708, 33, '2017-08-29', '2017-08-29 12:27:29', 3, NULL, NULL),
(2738, 942, 54, '2017-08-29', '2017-08-29 13:30:48', 3, NULL, NULL),
(2739, 790, 63, '2017-08-29', '2017-08-29 13:43:04', 4, NULL, NULL),
(2740, 942, 54, '2017-08-29', '2017-08-29 13:44:37', 4, NULL, NULL),
(2741, 942, 54, '2017-08-29', '2017-08-29 13:44:54', 3, NULL, NULL),
(2742, 884, 54, '2017-08-29', '2017-08-29 13:51:03', 4, NULL, NULL),
(2743, 822, 54, '2017-08-29', '2017-08-29 13:51:17', 3, NULL, NULL),
(2744, 943, NULL, '2017-08-29', '2017-08-29 14:01:16', 1, NULL, NULL),
(2745, 871, 63, '2017-08-29', '2017-08-29 14:14:59', 4, NULL, NULL),
(2746, 708, 64, '2017-08-29', '2017-08-29 14:17:27', 2, NULL, NULL),
(2747, 944, NULL, '2017-08-29', '2017-08-29 14:18:29', 1, NULL, NULL),
(2750, 942, 33, '2017-08-29', '2017-08-29 15:42:59', 4, NULL, NULL),
(2751, 942, 33, '2017-08-29', '2017-08-29 15:44:17', 3, NULL, NULL),
(2752, 947, NULL, '2017-08-29', '2017-08-29 17:03:09', 1, NULL, NULL),
(2753, 948, NULL, '2017-08-29', '2017-08-29 18:22:30', 1, NULL, NULL),
(2754, 949, NULL, '2017-08-29', '2017-08-29 18:25:38', 1, NULL, NULL),
(2758, 949, 33, '2017-08-30', '2017-08-30 11:14:28', 2, NULL, NULL),
(2759, 942, 33, '2017-08-30', '2017-08-30 11:32:57', 4, NULL, NULL),
(2760, 942, 33, '2017-08-30', '2017-08-30 11:36:06', 4, NULL, NULL),
(2761, 949, 33, '2017-08-30', '2017-08-30 11:37:19', 4, NULL, NULL),
(2762, 395, 31, '2017-08-30', '2017-08-30 11:41:31', 5, NULL, NULL),
(2763, 949, 33, '2017-08-30', '2017-08-30 11:43:05', 4, NULL, NULL),
(2764, 952, NULL, '2017-08-30', '2017-08-30 11:50:36', 1, NULL, NULL),
(2765, 931, 33, '2017-08-30', '2017-08-30 11:57:09', 2, NULL, NULL),
(2768, 948, 31, '2017-08-30', '2017-08-30 12:19:38', 4, NULL, NULL),
(2769, 953, NULL, '2017-08-30', '2017-08-30 12:24:33', 1, NULL, NULL),
(2772, 758, 31, '2017-08-30', '2017-08-30 12:32:16', 5, NULL, NULL),
(2773, 942, 63, '2017-08-30', '2017-08-30 12:43:13', 4, NULL, NULL),
(2774, 426, 63, '2017-08-30', '2017-08-30 12:57:04', 3, 'Resolucion por asanders - 11221 : Se envió correo a mecánica para la compra ', NULL),
(2775, 931, 33, '2017-08-30', '2017-08-30 12:58:38', 4, NULL, NULL),
(2776, 935, 33, '2017-08-30', '2017-08-30 13:12:00', 2, NULL, NULL),
(2777, 935, 33, '2017-08-30', '2017-08-30 13:12:47', 4, NULL, NULL),
(2778, 935, 33, '2017-08-30', '2017-08-30 13:13:37', 3, NULL, NULL),
(2779, 820, 33, '2017-08-30', '2017-08-30 13:17:20', 4, NULL, NULL),
(2780, 368, 63, '2017-08-30', '2017-08-30 13:33:02', 2, NULL, NULL),
(2781, 708, 64, '2017-08-30', '2017-08-30 13:39:28', 3, NULL, NULL),
(2782, 820, 63, '2017-08-30', '2017-08-30 14:20:49', 2, NULL, NULL),
(2783, 746, 51, '2017-08-30', '2017-08-30 14:46:34', 2, NULL, NULL),
(2784, 831, 63, '2017-08-30', '2017-08-30 14:50:48', 2, NULL, NULL),
(2785, 746, 51, '2017-08-30', '2017-08-30 14:52:51', 4, NULL, NULL),
(2786, 746, 51, '2017-08-30', '2017-08-30 14:53:54', 3, NULL, NULL),
(2787, 459, 44, '2017-08-30', '2017-08-30 15:12:43', 4, NULL, NULL),
(2788, 459, 44, '2017-08-30', '2017-08-30 15:13:03', 3, NULL, NULL),
(2789, 454, 44, '2017-08-30', '2017-08-30 15:18:02', 4, NULL, NULL),
(2790, 454, 44, '2017-08-30', '2017-08-30 15:19:11', 3, NULL, NULL),
(2791, 955, NULL, '2017-08-30', '2017-08-30 15:40:35', 1, NULL, NULL),
(2796, 756, 64, '2017-08-30', '2017-08-30 16:21:24', 2, NULL, NULL),
(2797, 746, 33, '2017-08-30', '2017-08-30 17:06:06', 2, NULL, NULL),
(2798, 746, 33, '2017-08-30', '2017-08-30 17:08:48', 4, NULL, NULL),
(2799, 529, 33, '2017-08-30', '2017-08-30 17:27:25', 4, NULL, NULL),
(2800, 529, 33, '2017-08-30', '2017-08-30 17:28:10', 6, NULL, NULL),
(2801, 958, NULL, '2017-08-30', '2017-08-30 17:31:49', 1, NULL, NULL),
(2802, 959, NULL, '2017-08-30', '2017-08-30 17:41:44', 1, NULL, NULL),
(2803, 756, 33, '2017-08-30', '2017-08-30 17:44:56', 4, NULL, NULL),
(2804, 960, NULL, '2017-08-30', '2017-08-30 17:46:09', 1, NULL, NULL),
(2805, 902, 31, '2017-08-30', '2017-08-30 17:55:29', 9, 'Resolucion por farroyo - 686 : Aparentemente es ingreso de agua por el treeno del vecino del Este, hay que investigar si es vertiente o caño del vecino', NULL),
(2806, 961, NULL, '2017-08-30', '2017-08-30 18:08:52', 1, NULL, NULL),
(2807, 962, NULL, '2017-08-30', '2017-08-30 18:13:28', 1, NULL, NULL),
(2808, 963, NULL, '2017-08-30', '2017-08-30 18:21:33', 1, NULL, NULL),
(2809, 964, NULL, '2017-08-30', '2017-08-30 18:23:35', 1, NULL, NULL),
(2810, 965, NULL, '2017-08-30', '2017-08-30 18:29:27', 1, NULL, NULL),
(2811, 824, 51, '2017-08-30', '2017-08-30 18:42:25', 2, NULL, NULL),
(2812, 824, 51, '2017-08-30', '2017-08-30 18:44:49', 4, NULL, NULL),
(2813, 824, 51, '2017-08-30', '2017-08-30 18:45:02', 3, NULL, NULL),
(2814, 929, 31, '2017-08-30', '2017-08-30 18:49:15', 4, NULL, NULL),
(2815, 966, NULL, '2017-08-30', '2017-08-30 18:53:19', 1, NULL, NULL),
(2816, 967, NULL, '2017-08-30', '2017-08-30 18:57:48', 1, NULL, NULL),
(2817, 824, 33, '2017-08-31', '2017-08-31 11:39:12', 2, NULL, NULL),
(2818, 824, 33, '2017-08-31', '2017-08-31 11:42:40', 4, NULL, NULL),
(2819, 931, 33, '2017-08-31', '2017-08-31 11:53:05', 4, NULL, NULL),
(2820, 931, 33, '2017-08-31', '2017-08-31 11:53:29', 3, NULL, NULL),
(2821, 746, 33, '2017-08-31', '2017-08-31 11:59:16', 4, NULL, NULL);
INSERT INTO `historial_tickets` (`id_historial`, `fk_ticket`, `fk_usuario`, `fecha`, `hora`, `fk_estado`, `resolucion`, `fk_razon`) VALUES
(2822, 746, 33, '2017-08-31', '2017-08-31 12:02:47', 3, NULL, NULL),
(2823, 824, 33, '2017-08-31', '2017-08-31 12:16:00', 4, NULL, NULL),
(2825, 454, 33, '2017-08-31', '2017-08-31 12:25:32', 2, NULL, NULL),
(2826, 454, 33, '2017-08-31', '2017-08-31 12:31:15', 4, NULL, NULL),
(2827, 459, 33, '2017-08-31', '2017-08-31 12:32:45', 2, NULL, NULL),
(2828, 459, 33, '2017-08-31', '2017-08-31 12:47:16', 4, NULL, NULL),
(2829, 459, 33, '2017-08-31', '2017-08-31 12:48:42', 3, NULL, NULL),
(2830, 650, 63, '2017-08-31', '2017-08-31 13:20:02', 2, NULL, NULL),
(2831, 955, 52, '2017-08-31', '2017-08-31 13:20:54', 4, NULL, NULL),
(2832, 955, 52, '2017-08-31', '2017-08-31 13:21:11', 8, NULL, NULL),
(2833, 926, 52, '2017-08-31', '2017-08-31 13:21:37', 2, NULL, NULL),
(2834, 968, NULL, '2017-08-31', '2017-08-31 13:28:18', 1, NULL, NULL),
(2835, 969, NULL, '2017-08-31', '2017-08-31 13:57:42', 1, NULL, NULL),
(2836, 948, 58, '2017-08-31', '2017-08-31 14:05:49', 2, NULL, NULL),
(2837, 824, 33, '2017-08-31', '2017-08-31 14:06:06', 4, NULL, NULL),
(2838, 824, 33, '2017-08-31', '2017-08-31 14:06:50', 3, NULL, NULL),
(2839, 438, 58, '2017-08-31', '2017-08-31 14:07:57', 2, NULL, NULL),
(2840, 874, 58, '2017-08-31', '2017-08-31 14:11:31', 8, NULL, NULL),
(2841, 855, 58, '2017-08-31', '2017-08-31 14:13:19', 8, NULL, NULL),
(2842, 693, 58, '2017-08-31', '2017-08-31 14:16:16', 8, NULL, NULL),
(2843, 874, 58, '2017-08-31', '2017-08-31 14:19:13', 8, NULL, NULL),
(2844, 904, 33, '2017-08-31', '2017-08-31 14:19:10', 4, NULL, NULL),
(2845, 756, 64, '2017-08-31', '2017-08-31 14:19:01', 2, NULL, NULL),
(2846, 855, 58, '2017-08-31', '2017-08-31 14:20:35', 8, NULL, NULL),
(2847, 904, 33, '2017-08-31', '2017-08-31 14:24:31', 2, NULL, NULL),
(2848, 904, 33, '2017-08-31', '2017-08-31 14:26:03', 4, NULL, NULL),
(2849, 855, 58, '2017-08-31', '2017-08-31 14:30:33', 6, NULL, NULL),
(2850, 756, 64, '2017-08-31', '2017-08-31 14:31:38', 3, NULL, NULL),
(2851, 438, 31, '2017-08-31', '2017-08-31 14:47:32', 3, NULL, NULL),
(2852, 970, NULL, '2017-08-31', '2017-08-31 14:58:18', 1, NULL, NULL),
(2853, 971, NULL, '2017-08-31', '2017-08-31 15:05:53', 1, NULL, NULL),
(2854, 771, 64, '2017-08-31', '2017-08-31 15:12:53', 2, NULL, NULL),
(2855, 771, 64, '2017-08-31', '2017-08-31 15:17:52', 3, NULL, NULL),
(2856, 972, NULL, '2017-08-31', '2017-08-31 15:29:20', 1, NULL, NULL),
(2857, 465, 64, '2017-08-31', '2017-08-31 15:33:53', 2, NULL, NULL),
(2858, 621, 63, '2017-08-31', '2017-08-31 16:06:59', 2, NULL, NULL),
(2859, 454, 33, '2017-08-31', '2017-08-31 16:07:46', 4, NULL, NULL),
(2860, 454, 33, '2017-08-31', '2017-08-31 16:08:54', 3, NULL, NULL),
(2861, 465, 33, '2017-08-31', '2017-08-31 16:28:37', 4, NULL, NULL),
(2862, 955, 31, '2017-08-31', '2017-08-31 17:19:54', 5, NULL, NULL),
(2863, 907, 31, '2017-08-31', '2017-08-31 18:16:37', 9, 'Resolucion por farroyo - 686 : Se solicta amurar una babeta de chapa en la mempostería sobre el techo de Servicios', NULL),
(2864, 879, 36, '2017-08-31', '2017-08-31 18:19:54', 8, NULL, NULL),
(2865, 901, 36, '2017-08-31', '2017-08-31 18:20:19', 8, NULL, NULL),
(2866, 820, 36, '2017-08-31', '2017-08-31 18:20:58', 8, NULL, NULL),
(2867, 973, NULL, '2017-09-01', '2017-09-01 12:21:41', 1, NULL, NULL),
(2870, 914, 63, '2017-09-01', '2017-09-01 12:30:43', 4, NULL, NULL),
(2872, 915, 33, '2017-09-01', '2017-09-01 13:12:09', 4, NULL, NULL),
(2873, 915, 33, '2017-09-01', '2017-09-01 13:14:22', 2, NULL, NULL),
(2874, 915, 33, '2017-09-01', '2017-09-01 13:15:48', 4, NULL, NULL),
(2875, 915, 33, '2017-09-01', '2017-09-01 13:16:13', 3, NULL, NULL),
(2877, 523, 31, '2017-09-01', '2017-09-01 15:29:38', 4, NULL, NULL),
(2887, 979, NULL, '2017-09-04', '2017-09-04 11:35:17', 1, NULL, NULL),
(2888, 980, NULL, '2017-09-04', '2017-09-04 12:43:37', 1, NULL, NULL),
(2889, 968, 33, '2017-09-04', '2017-09-04 15:11:58', 2, NULL, NULL),
(2890, 968, 33, '2017-09-04', '2017-09-04 15:12:43', 4, NULL, NULL),
(2893, 982, NULL, '2017-09-05', '2017-09-05 11:49:07', 1, NULL, NULL),
(2894, 983, NULL, '2017-09-05', '2017-09-05 11:55:28', 1, NULL, NULL),
(2895, 440, 31, '2017-09-05', '2017-09-05 11:59:25', 4, NULL, NULL),
(2896, 440, 31, '2017-09-05', '2017-09-05 11:59:48', 6, NULL, NULL),
(2897, 764, 31, '2017-09-05', '2017-09-05 12:01:22', 4, NULL, NULL),
(2898, 764, 31, '2017-09-05', '2017-09-05 12:03:04', 6, NULL, NULL),
(2899, 663, 33, '2017-09-05', '2017-09-05 12:35:49', 2, NULL, NULL),
(2900, 984, NULL, '2017-09-05', '2017-09-05 12:35:57', 1, NULL, NULL),
(2901, 663, 33, '2017-09-05', '2017-09-05 12:37:05', 3, NULL, NULL),
(2902, 985, NULL, '2017-09-05', '2017-09-05 12:40:35', 1, NULL, NULL),
(2903, 986, NULL, '2017-09-05', '2017-09-05 12:42:48', 1, NULL, NULL),
(2917, 991, NULL, '2017-09-05', '2017-09-05 16:29:01', 1, NULL, NULL),
(2918, 992, NULL, '2017-09-05', '2017-09-05 16:53:40', 1, NULL, NULL),
(2919, 410, 33, '2017-09-06', '2017-09-06 11:16:14', 2, NULL, NULL),
(2921, 410, 33, '2017-09-06', '2017-09-06 11:16:58', 4, NULL, NULL),
(2926, 995, NULL, '2017-09-06', '2017-09-06 12:07:09', 1, NULL, NULL),
(2927, 672, 63, '2017-09-06', '2017-09-06 12:12:06', 4, NULL, NULL),
(2928, 672, 63, '2017-09-06', '2017-09-06 12:13:56', 6, NULL, NULL),
(2929, 996, NULL, '2017-09-06', '2017-09-06 12:37:03', 1, NULL, NULL),
(2930, 997, NULL, '2017-09-06', '2017-09-06 12:45:18', 1, NULL, NULL),
(2932, 998, NULL, '2017-09-06', '2017-09-06 13:41:10', 1, NULL, NULL),
(2934, 604, 31, '2017-09-06', '2017-09-06 14:15:04', 4, NULL, NULL),
(2936, 604, 31, '2017-09-06', '2017-09-06 14:17:15', 6, NULL, NULL),
(2939, 737, 31, '2017-09-06', '2017-09-06 14:31:08', 4, NULL, NULL),
(2940, 737, 31, '2017-09-06', '2017-09-06 14:46:07', 6, NULL, NULL),
(2941, 1000, NULL, '2017-09-06', '2017-09-06 14:51:56', 1, NULL, NULL),
(2942, 902, 31, '2017-09-06', '2017-09-06 15:08:55', 9, 'Resolucion por farroyo - 686 : Aparentemente es ingreso de agua por el treeno del vecino del Este, hay que investigar si es vertiente o caño del vecino\nResolucion por farroyo - 686 : PRADO FUE E INFORMÓ QUE HAY ROMPER PÀRA VER QUE ES', NULL),
(2943, 902, 31, '2017-09-06', '2017-09-06 15:13:32', 4, 'Resolucion por farroyo - 686 : Aparentemente es ingreso de agua por el treeno del vecino del Este, hay que investigar si es vertiente o caño del vecino\nResolucion por farroyo - 686 : PRADO FUE E INFORMÓ QUE HAY ROMPER PÀRA VER QUE ES', NULL),
(2944, 902, 31, '2017-09-06', '2017-09-06 15:14:06', 6, 'Resolucion por farroyo - 686 : Aparentemente es ingreso de agua por el treeno del vecino del Este, hay que investigar si es vertiente o caño del vecino\nResolucion por farroyo - 686 : PRADO FUE E INFORMÓ QUE HAY ROMPER PÀRA VER QUE ES', NULL),
(2945, 1001, NULL, '2017-09-06', '2017-09-06 15:24:34', 1, NULL, NULL),
(2946, 992, 31, '2017-09-06', '2017-09-06 15:26:07', 2, NULL, NULL),
(2947, 992, 31, '2017-09-06', '2017-09-06 15:26:31', 3, NULL, NULL),
(2948, 992, 31, '2017-09-06', '2017-09-06 15:30:24', 4, NULL, NULL),
(2949, 992, 31, '2017-09-06', '2017-09-06 15:31:25', 3, NULL, NULL),
(2950, 1002, NULL, '2017-09-06', '2017-09-06 15:49:04', 1, NULL, NULL),
(2960, 1004, NULL, '2017-09-06', '2017-09-06 16:27:02', 1, NULL, NULL),
(2961, 530, 31, '2017-09-06', '2017-09-06 17:00:27', 5, NULL, NULL),
(2962, 518, 31, '2017-09-06', '2017-09-06 17:01:24', 5, NULL, NULL),
(2963, 519, 31, '2017-09-06', '2017-09-06 17:02:22', 5, NULL, NULL),
(2964, 516, 31, '2017-09-06', '2017-09-06 17:03:04', 5, NULL, NULL),
(2965, 507, 31, '2017-09-06', '2017-09-06 17:05:23', 5, NULL, NULL),
(2966, 497, 31, '2017-09-06', '2017-09-06 17:11:15', 5, NULL, NULL),
(2967, 484, 31, '2017-09-06', '2017-09-06 17:12:03', 5, NULL, NULL),
(2968, 488, 31, '2017-09-06', '2017-09-06 17:12:49', 5, NULL, NULL),
(2969, 416, 31, '2017-09-06', '2017-09-06 17:17:09', 5, NULL, NULL),
(2970, 533, 31, '2017-09-06', '2017-09-06 17:19:19', 5, NULL, NULL),
(2971, 536, 31, '2017-09-06', '2017-09-06 17:28:17', 5, NULL, NULL),
(2972, 515, 31, '2017-09-06', '2017-09-06 17:47:19', 5, NULL, NULL),
(2979, 465, 33, '2017-09-07', '2017-09-07 11:52:20', 3, NULL, NULL),
(2980, 1005, NULL, '2017-09-07', '2017-09-07 12:08:29', 1, NULL, NULL),
(2983, 568, 31, '2017-09-07', '2017-09-07 12:14:27', 5, NULL, NULL),
(2984, 517, 31, '2017-09-07', '2017-09-07 12:34:10', 5, NULL, NULL),
(2985, 1007, NULL, '2017-09-07', '2017-09-07 12:47:54', 1, NULL, NULL),
(2986, 1008, NULL, '2017-09-07', '2017-09-07 13:03:17', 1, NULL, NULL),
(2987, 992, 33, '2017-09-07', '2017-09-07 13:12:15', 4, NULL, NULL),
(2989, 992, 33, '2017-09-07', '2017-09-07 13:15:46', 6, NULL, NULL),
(2993, 1007, 31, '2017-09-07', '2017-09-07 13:43:25', 5, 'Resolucion por farroyo - 686 : LA TAREA YA SE EJECUTÓ, SE VOLVIÓ A ROMPER Y SE HIZO EL TICKET 846 PIDIENDO MATERIALES CON NOTA Nº 299-DMI-17', NULL),
(2994, 837, 31, '2017-09-07', '2017-09-07 13:59:14', 5, NULL, NULL),
(2995, 1011, NULL, '2017-09-07', '2017-09-07 14:05:47', 1, NULL, NULL),
(2996, 1012, NULL, '2017-09-07', '2017-09-07 14:24:44', 1, NULL, NULL),
(3017, 465, 64, '2017-09-07', '2017-09-07 17:42:43', 2, NULL, NULL),
(3022, 465, 64, '2017-09-07', '2017-09-07 17:56:49', 4, NULL, NULL),
(3023, 465, 64, '2017-09-07', '2017-09-07 17:57:29', 3, NULL, NULL),
(3024, 465, 64, '2017-09-07', '2017-09-07 18:00:04', 3, NULL, NULL),
(3027, 935, 64, '2017-09-08', '2017-09-08 12:06:19', 2, NULL, NULL),
(3028, 935, 64, '2017-09-08', '2017-09-08 12:10:10', 3, NULL, NULL),
(3029, 1019, NULL, '2017-09-08', '2017-09-08 12:12:38', 1, NULL, NULL),
(3035, 1021, NULL, '2017-09-08', '2017-09-08 12:42:16', 1, NULL, NULL),
(3036, 1019, 41, '2017-09-08', '2017-09-08 13:17:46', 2, NULL, NULL),
(3037, 1012, 41, '2017-09-08', '2017-09-08 13:18:04', 2, NULL, NULL),
(3038, 996, 41, '2017-09-08', '2017-09-08 13:18:16', 2, NULL, NULL),
(3039, 986, 41, '2017-09-08', '2017-09-08 13:18:28', 2, NULL, NULL),
(3040, 952, 41, '2017-09-08', '2017-09-08 13:21:16', 2, NULL, NULL),
(3041, 922, 41, '2017-09-08', '2017-09-08 13:21:50', 2, NULL, NULL),
(3042, 912, 41, '2017-09-08', '2017-09-08 13:22:19', 2, NULL, NULL),
(3043, 827, 41, '2017-09-08', '2017-09-08 13:22:43', 2, NULL, NULL),
(3044, 669, 41, '2017-09-08', '2017-09-08 13:23:36', 2, NULL, NULL),
(3045, 806, 41, '2017-09-08', '2017-09-08 13:24:12', 2, NULL, NULL),
(3046, 675, 41, '2017-09-08', '2017-09-08 13:24:23', 2, NULL, NULL),
(3047, 803, 41, '2017-09-08', '2017-09-08 13:25:27', 2, NULL, NULL),
(3048, 569, 41, '2017-09-08', '2017-09-08 13:26:12', 2, NULL, NULL),
(3049, 769, 41, '2017-09-08', '2017-09-08 13:26:42', 2, NULL, NULL),
(3050, 466, 41, '2017-09-08', '2017-09-08 13:27:11', 2, NULL, NULL),
(3051, 471, 41, '2017-09-08', '2017-09-08 13:27:36', 2, NULL, NULL),
(3052, 979, 33, '2017-09-08', '2017-09-08 14:54:42', 4, NULL, NULL),
(3053, 915, 64, '2017-09-08', '2017-09-08 14:54:37', 2, NULL, NULL),
(3054, 979, 33, '2017-09-08', '2017-09-08 15:26:04', 4, NULL, NULL),
(3055, 979, 33, '2017-09-08', '2017-09-08 15:26:28', 2, NULL, NULL),
(3059, 912, 33, '2017-09-08', '2017-09-08 15:39:19', 4, NULL, NULL),
(3060, 912, 33, '2017-09-08', '2017-09-08 15:40:28', 2, NULL, NULL),
(3061, 482, 33, '2017-09-08', '2017-09-08 15:47:14', 4, NULL, NULL),
(3062, 482, 33, '2017-09-08', '2017-09-08 15:48:02', 2, NULL, NULL),
(3063, 953, 33, '2017-09-08', '2017-09-08 15:57:51', 4, NULL, NULL),
(3064, 953, 33, '2017-09-08', '2017-09-08 15:58:15', 2, NULL, NULL),
(3065, 1021, 54, '2017-09-08', '2017-09-08 16:02:33', 8, NULL, NULL),
(3066, 1002, 54, '2017-09-08', '2017-09-08 16:02:51', 8, NULL, NULL),
(3067, 1005, 54, '2017-09-08', '2017-09-08 16:03:19', 8, NULL, NULL),
(3068, 1000, 54, '2017-09-08', '2017-09-08 16:03:36', 8, NULL, NULL),
(3069, 995, 54, '2017-09-08', '2017-09-08 16:04:33', 8, NULL, NULL),
(3070, 991, 54, '2017-09-08', '2017-09-08 16:12:54', 4, NULL, NULL),
(3071, 991, 54, '2017-09-08', '2017-09-08 16:13:11', 3, NULL, NULL),
(3072, 465, 31, '2017-09-08', '2017-09-08 16:13:20', 5, 'Resolucion por farroyo - 686 : Se ejecutó integramente de madera.', NULL),
(3073, 973, 54, '2017-09-08', '2017-09-08 16:14:44', 8, NULL, NULL),
(3074, 462, 31, '2017-09-08', '2017-09-08 16:15:02', 5, 'Resolucion por farroyo - 686 : Se ejecutó integramente de madera', NULL),
(3075, 966, 54, '2017-09-08', '2017-09-08 16:17:58', 8, NULL, NULL),
(3076, 996, 31, '2017-09-08', '2017-09-08 16:18:44', 5, NULL, NULL),
(3077, 827, 31, '2017-09-08', '2017-09-08 16:22:17', 5, NULL, NULL),
(3078, 676, 54, '2017-09-08', '2017-09-08 16:23:41', 4, NULL, NULL),
(3079, 669, 31, '2017-09-08', '2017-09-08 16:23:59', 5, NULL, NULL),
(3080, 676, 54, '2017-09-08', '2017-09-08 16:24:09', 3, NULL, NULL),
(3081, 803, 31, '2017-09-08', '2017-09-08 16:26:15', 5, NULL, NULL),
(3082, 922, 33, '2017-09-08', '2017-09-08 16:26:23', 2, NULL, NULL),
(3083, 434, 31, '2017-09-08', '2017-09-08 16:29:08', 5, NULL, NULL),
(3084, 922, 33, '2017-09-08', '2017-09-08 16:30:09', 4, NULL, NULL),
(3085, 433, 31, '2017-09-08', '2017-09-08 16:30:00', 5, NULL, NULL),
(3086, 644, 31, '2017-09-08', '2017-09-08 16:32:25', 5, NULL, NULL),
(3087, 686, 31, '2017-09-08', '2017-09-08 16:33:58', 3, NULL, NULL),
(3088, 991, 33, '2017-09-08', '2017-09-08 16:35:27', 2, NULL, NULL),
(3089, 569, 31, '2017-09-08', '2017-09-08 16:35:39', 5, NULL, NULL),
(3090, 769, 31, '2017-09-08', '2017-09-08 16:37:14', 9, NULL, NULL),
(3091, 991, 33, '2017-09-08', '2017-09-08 16:37:52', 4, NULL, NULL),
(3092, 471, 31, '2017-09-08', '2017-09-08 16:38:38', 5, NULL, NULL),
(3093, 676, 33, '2017-09-08', '2017-09-08 16:40:02', 2, NULL, NULL),
(3094, 676, 33, '2017-09-08', '2017-09-08 16:43:44', 4, NULL, NULL),
(3095, 872, 31, '2017-09-08', '2017-09-08 17:01:32', 5, NULL, NULL),
(3096, 966, 31, '2017-09-08', '2017-09-08 17:04:38', 5, NULL, NULL),
(3097, 973, 31, '2017-09-08', '2017-09-08 17:06:32', 5, NULL, NULL),
(3098, 995, 31, '2017-09-08', '2017-09-08 17:07:14', 5, NULL, NULL),
(3099, 1000, 31, '2017-09-08', '2017-09-08 17:07:53', 5, NULL, NULL),
(3100, 1002, 31, '2017-09-08', '2017-09-08 17:08:25', 5, NULL, NULL),
(3101, 1005, 31, '2017-09-08', '2017-09-08 17:09:13', 5, NULL, NULL),
(3103, 1021, 31, '2017-09-08', '2017-09-08 17:10:02', 5, NULL, NULL),
(3106, 1024, NULL, '2017-09-08', '2017-09-08 17:14:20', 1, NULL, NULL),
(3107, 1024, 31, '2017-09-08', '2017-09-08 17:17:06', 4, NULL, NULL),
(3111, 1025, NULL, '2017-09-08', '2017-09-08 17:38:52', 1, NULL, NULL),
(3112, 1026, NULL, '2017-09-08', '2017-09-08 18:13:17', 1, NULL, NULL),
(3113, 1025, 31, '2017-09-08', '2017-09-08 18:21:56', 2, NULL, NULL),
(3115, 759, 31, '2017-09-11', '2017-09-11 11:24:13', 2, NULL, NULL),
(3117, 759, 31, '2017-09-11', '2017-09-11 11:27:55', 4, NULL, NULL),
(3119, 759, 31, '2017-09-11', '2017-09-11 11:29:32', 3, NULL, NULL),
(3125, 1028, NULL, '2017-09-11', '2017-09-11 11:44:59', 1, NULL, NULL),
(3126, 1029, NULL, '2017-09-11', '2017-09-11 11:55:59', 1, NULL, NULL),
(3131, 980, 33, '2017-09-11', '2017-09-11 12:07:53', 4, NULL, NULL),
(3134, 1030, NULL, '2017-09-11', '2017-09-11 12:47:45', 1, NULL, NULL),
(3135, 1031, NULL, '2017-09-11', '2017-09-11 13:15:44', 1, NULL, NULL),
(3137, 1033, NULL, '2017-09-11', '2017-09-11 13:26:19', 1, NULL, NULL),
(3139, 1034, NULL, '2017-09-11', '2017-09-11 13:45:38', 1, NULL, NULL),
(3140, 759, 33, '2017-09-11', '2017-09-11 14:37:59', 4, NULL, NULL),
(3141, 759, 33, '2017-09-11', '2017-09-11 14:43:40', 6, NULL, NULL),
(3142, 766, 33, '2017-09-11', '2017-09-11 15:12:19', 4, NULL, NULL),
(3143, 766, 33, '2017-09-11', '2017-09-11 15:13:02', 3, NULL, NULL),
(3144, 979, 33, '2017-09-11', '2017-09-11 15:16:51', 4, NULL, NULL),
(3145, 979, 33, '2017-09-11', '2017-09-11 15:17:19', 6, NULL, NULL),
(3146, 953, 33, '2017-09-11', '2017-09-11 15:18:20', 4, NULL, NULL),
(3147, 953, 33, '2017-09-11', '2017-09-11 15:19:16', 6, NULL, NULL),
(3149, 912, 33, '2017-09-11', '2017-09-11 15:27:43', 4, NULL, NULL),
(3150, 912, 33, '2017-09-11', '2017-09-11 15:32:30', 3, NULL, NULL),
(3151, 922, 33, '2017-09-11', '2017-09-11 15:33:55', 4, NULL, NULL),
(3152, 922, 33, '2017-09-11', '2017-09-11 15:34:27', 3, NULL, NULL),
(3153, 1035, NULL, '2017-09-11', '2017-09-11 15:34:57', 1, NULL, NULL),
(3154, 991, 33, '2017-09-11', '2017-09-11 15:35:53', 4, NULL, NULL),
(3155, 676, 33, '2017-09-11', '2017-09-11 15:38:41', 4, NULL, NULL),
(3157, 673, 31, '2017-09-11', '2017-09-11 15:51:51', 5, NULL, NULL),
(3161, 421, 31, '2017-09-11', '2017-09-11 15:53:17', 5, NULL, NULL),
(3162, 726, 31, '2017-09-11', '2017-09-11 15:56:51', 5, NULL, NULL),
(3169, 915, 64, '2017-09-11', '2017-09-11 17:29:23', 3, NULL, NULL),
(3174, 545, 64, '2017-09-12', '2017-09-12 13:11:51', 2, NULL, NULL),
(3178, 482, 33, '2017-09-12', '2017-09-12 13:49:27', 4, NULL, NULL),
(3179, 482, 33, '2017-09-12', '2017-09-12 13:49:43', 3, NULL, NULL),
(3180, 980, 64, '2017-09-12', '2017-09-12 13:59:36', 2, NULL, NULL),
(3181, 784, 33, '2017-09-12', '2017-09-12 13:59:57', 4, NULL, NULL),
(3182, 980, 64, '2017-09-12', '2017-09-12 14:02:10', 3, NULL, NULL),
(3183, 1039, NULL, '2017-09-12', '2017-09-12 14:04:11', 1, NULL, NULL),
(3184, 1040, NULL, '2017-09-12', '2017-09-12 14:21:29', 1, NULL, NULL),
(3187, 1042, NULL, '2017-09-12', '2017-09-12 15:13:51', 1, NULL, NULL),
(3189, 1043, NULL, '2017-09-12', '2017-09-12 16:15:19', 1, NULL, NULL),
(3190, 531, 31, '2017-09-12', '2017-09-12 16:21:25', 6, NULL, NULL),
(3191, 531, 31, '2017-09-12', '2017-09-12 16:24:46', 4, NULL, NULL),
(3199, 511, 31, '2017-09-12', '2017-09-12 18:14:12', 4, NULL, NULL),
(3200, 676, 31, '2017-09-12', '2017-09-12 18:23:17', 4, NULL, NULL),
(3201, 874, 31, '2017-09-12', '2017-09-12 18:27:37', 5, NULL, NULL),
(3202, 1048, NULL, '2017-09-12', '2017-09-12 18:52:55', 1, NULL, NULL),
(3203, 1049, NULL, '2017-09-12', '2017-09-12 19:02:10', 1, NULL, NULL),
(3204, 1050, NULL, '2017-09-12', '2017-09-12 19:08:29', 1, NULL, NULL),
(3205, 931, 31, '2017-09-12', '2017-09-12 19:10:54', 4, NULL, NULL),
(3206, 820, 31, '2017-09-12', '2017-09-12 19:12:24', 5, NULL, NULL),
(3207, 931, 31, '2017-09-12', '2017-09-12 19:12:51', 3, NULL, NULL),
(3208, 841, 31, '2017-09-13', '2017-09-13 12:15:24', 5, 'Resolucion por farroyo - 686 : Se reforzó y luego tomaron el edidficio. Y se recuperó, no está mas el CPA en el lugar', NULL),
(3209, 1051, NULL, '2017-09-13', '2017-09-13 12:18:59', 1, NULL, NULL),
(3210, 647, 31, '2017-09-13', '2017-09-13 16:17:05', 5, NULL, NULL),
(3211, 1011, 31, '2017-09-13', '2017-09-13 16:18:18', 5, NULL, NULL),
(3212, 643, 31, '2017-09-13', '2017-09-13 16:21:09', 5, NULL, NULL),
(3213, 655, 31, '2017-09-13', '2017-09-13 16:21:25', 5, NULL, NULL),
(3214, 617, 31, '2017-09-13', '2017-09-13 16:21:41', 5, NULL, NULL),
(3215, 1052, NULL, '2017-09-13', '2017-09-13 17:13:57', 1, NULL, NULL),
(3216, 698, 31, '2017-09-13', '2017-09-13 17:14:46', 5, NULL, NULL),
(3217, 1053, NULL, '2017-09-13', '2017-09-13 17:23:00', 1, NULL, NULL),
(3218, 1052, 36, '2017-09-13', '2017-09-13 17:28:21', 2, NULL, NULL),
(3219, 1052, 36, '2017-09-13', '2017-09-13 17:28:24', 3, NULL, NULL),
(3220, 931, 33, '2017-09-13', '2017-09-13 17:29:49', 4, NULL, NULL),
(3221, 953, 33, '2017-09-13', '2017-09-13 17:36:48', 4, NULL, NULL),
(3222, 953, 33, '2017-09-13', '2017-09-13 17:37:10', 3, NULL, NULL),
(3223, 448, 31, '2017-09-13', '2017-09-13 17:40:51', 5, NULL, NULL),
(3224, 953, 33, '2017-09-13', '2017-09-13 17:44:04', 4, NULL, NULL),
(3225, 953, 33, '2017-09-13', '2017-09-13 17:44:11', 3, NULL, NULL),
(3226, 1054, NULL, '2017-09-13', '2017-09-13 17:53:03', 1, NULL, NULL),
(3227, 1055, NULL, '2017-09-13', '2017-09-13 18:00:42', 1, NULL, NULL),
(3228, 1056, NULL, '2017-09-14', '2017-09-14 13:09:49', 1, NULL, NULL),
(3229, 1057, NULL, '2017-09-14', '2017-09-14 13:21:01', 1, NULL, NULL),
(3230, 1058, NULL, '2017-09-14', '2017-09-14 14:03:40', 1, NULL, NULL),
(3231, 835, 64, '2017-09-14', '2017-09-14 14:29:08', 2, NULL, NULL),
(3232, 835, 64, '2017-09-14', '2017-09-14 14:30:47', 3, NULL, NULL),
(3233, 953, 63, '2017-09-14', '2017-09-14 14:39:32', 2, NULL, NULL),
(3234, 784, 33, '2017-09-14', '2017-09-14 15:09:55', 4, NULL, NULL),
(3235, 784, 33, '2017-09-14', '2017-09-14 15:10:42', 6, NULL, NULL),
(3236, 1059, NULL, '2017-09-14', '2017-09-14 15:31:30', 1, NULL, NULL),
(3237, 1060, NULL, '2017-09-14', '2017-09-14 16:13:11', 1, NULL, NULL),
(3238, 466, 31, '2017-09-14', '2017-09-14 17:26:06', 5, NULL, NULL),
(3239, 1061, NULL, '2017-09-14', '2017-09-14 17:28:00', 1, NULL, NULL),
(3240, 1062, NULL, '2017-09-14', '2017-09-14 17:35:15', 1, NULL, NULL),
(3241, 446, 63, '2017-09-14', '2017-09-14 17:37:45', 2, NULL, NULL),
(3242, 446, 63, '2017-09-14', '2017-09-14 17:40:31', 3, NULL, NULL),
(3243, 663, 63, '2017-09-14', '2017-09-14 17:41:43', 3, NULL, NULL),
(3244, 621, 63, '2017-09-14', '2017-09-14 17:43:05', 3, NULL, NULL),
(3245, 545, 63, '2017-09-14', '2017-09-14 17:47:33', 2, NULL, NULL),
(3246, 545, 63, '2017-09-14', '2017-09-14 17:47:58', 3, NULL, NULL),
(3247, 763, 31, '2017-09-14', '2017-09-14 18:21:40', 5, NULL, NULL),
(3248, 1063, NULL, '2017-09-14', '2017-09-14 18:24:06', 1, NULL, NULL),
(3249, 959, 31, '2017-09-14', '2017-09-14 18:27:01', 4, NULL, NULL),
(3250, 959, 31, '2017-09-14', '2017-09-14 18:28:59', 4, NULL, NULL),
(3251, 959, 31, '2017-09-14', '2017-09-14 18:34:01', 6, NULL, NULL),
(3252, 901, 31, '2017-09-14', '2017-09-14 18:39:20', 5, 'Resolucion por farroyo - 686 : Habrá que monitorear por si es otra cosa.', NULL),
(3253, 879, 31, '2017-09-14', '2017-09-14 18:39:32', 4, NULL, NULL),
(3254, 879, 31, '2017-09-14', '2017-09-14 18:39:46', 5, NULL, NULL),
(3255, 693, 31, '2017-09-14', '2017-09-14 18:40:12', 5, NULL, NULL),
(3256, 615, 31, '2017-09-14', '2017-09-14 18:41:06', 5, NULL, NULL),
(3257, 712, 31, '2017-09-14', '2017-09-14 18:41:27', 5, NULL, NULL),
(3258, 630, 31, '2017-09-14', '2017-09-14 18:41:39', 5, NULL, NULL),
(3259, 785, 31, '2017-09-14', '2017-09-14 18:41:46', 5, NULL, NULL),
(3260, 757, 31, '2017-09-14', '2017-09-14 18:41:58', 5, NULL, NULL),
(3261, 755, 31, '2017-09-14', '2017-09-14 18:42:07', 5, NULL, NULL),
(3262, 754, 31, '2017-09-14', '2017-09-14 18:42:19', 5, NULL, NULL),
(3263, 658, 31, '2017-09-14', '2017-09-14 18:42:33', 5, NULL, NULL),
(3264, 656, 31, '2017-09-14', '2017-09-14 18:42:44', 5, NULL, NULL),
(3265, 722, 31, '2017-09-14', '2017-09-14 18:43:00', 5, NULL, NULL),
(3266, 526, 31, '2017-09-14', '2017-09-14 18:43:20', 5, NULL, NULL),
(3267, 499, 31, '2017-09-14', '2017-09-14 18:43:35', 5, NULL, NULL),
(3268, 584, 31, '2017-09-14', '2017-09-14 18:43:46', 5, NULL, NULL),
(3269, 540, 31, '2017-09-14', '2017-09-14 18:44:12', 5, NULL, NULL),
(3270, 538, 31, '2017-09-14', '2017-09-14 18:44:33', 5, NULL, NULL),
(3271, 671, 31, '2017-09-14', '2017-09-14 18:44:58', 5, NULL, NULL),
(3272, 635, 31, '2017-09-14', '2017-09-14 18:45:18', 5, NULL, NULL),
(3273, 660, 31, '2017-09-14', '2017-09-14 18:45:25', 2, NULL, NULL),
(3274, 660, 31, '2017-09-14', '2017-09-14 18:45:38', 5, NULL, NULL),
(3275, 774, 31, '2017-09-14', '2017-09-14 18:46:02', 5, NULL, NULL),
(3276, 501, 31, '2017-09-14', '2017-09-14 18:54:02', 2, NULL, NULL),
(3277, 501, 31, '2017-09-14', '2017-09-14 18:54:10', 3, NULL, NULL),
(3278, 1064, NULL, '2017-09-14', '2017-09-14 19:07:51', 1, NULL, NULL),
(3279, 1064, 31, '2017-09-14', '2017-09-14 19:08:00', 2, NULL, NULL),
(3280, 1064, 31, '2017-09-14', '2017-09-14 19:08:09', 3, NULL, NULL),
(3281, 934, 31, '2017-09-14', '2017-09-14 19:14:20', 5, NULL, NULL),
(3282, 495, 31, '2017-09-14', '2017-09-14 19:15:48', 5, NULL, NULL),
(3283, 736, 33, '2017-09-15', '2017-09-15 12:26:35', 4, NULL, NULL),
(3284, 736, 33, '2017-09-15', '2017-09-15 12:26:52', 6, NULL, NULL),
(3285, 756, 33, '2017-09-15', '2017-09-15 12:40:33', 4, NULL, NULL),
(3286, 756, 33, '2017-09-15', '2017-09-15 12:40:58', 6, NULL, NULL),
(3287, 915, 33, '2017-09-15', '2017-09-15 12:46:45', 4, NULL, NULL),
(3288, 915, 33, '2017-09-15', '2017-09-15 12:46:53', 6, NULL, NULL),
(3289, 1065, NULL, '2017-09-15', '2017-09-15 12:53:52', 1, NULL, NULL),
(3290, 1066, NULL, '2017-09-15', '2017-09-15 12:57:21', 1, NULL, NULL),
(3291, 1062, 33, '2017-09-15', '2017-09-15 13:00:52', 4, NULL, NULL),
(3292, 1062, 33, '2017-09-15', '2017-09-15 13:01:11', 2, NULL, NULL),
(3293, 1067, NULL, '2017-09-15', '2017-09-15 13:09:54', 1, NULL, NULL),
(3294, 876, 63, '2017-09-15', '2017-09-15 13:12:09', 2, NULL, NULL),
(3295, 876, 63, '2017-09-15', '2017-09-15 13:14:24', 8, NULL, NULL),
(3296, 482, 64, '2017-09-15', '2017-09-15 14:41:01', 2, NULL, NULL),
(3297, 771, 31, '2017-09-15', '2017-09-15 14:48:11', 4, NULL, NULL),
(3298, 771, 31, '2017-09-15', '2017-09-15 14:56:35', 3, NULL, NULL),
(3299, 468, 31, '2017-09-15', '2017-09-15 14:58:24', 4, NULL, NULL),
(3300, 460, 31, '2017-09-15', '2017-09-15 15:02:56', 4, NULL, NULL),
(3301, 468, 31, '2017-09-15', '2017-09-15 15:03:06', 3, NULL, NULL),
(3302, 460, 31, '2017-09-15', '2017-09-15 15:03:11', 3, NULL, NULL),
(3303, 1068, NULL, '2017-09-15', '2017-09-15 15:07:19', 1, NULL, NULL),
(3304, 482, 64, '2017-09-15', '2017-09-15 15:09:39', 3, NULL, NULL),
(3305, 922, 64, '2017-09-15', '2017-09-15 15:13:56', 2, NULL, NULL),
(3306, 746, 33, '2017-09-15', '2017-09-15 16:17:43', 4, NULL, NULL),
(3307, 746, 33, '2017-09-15', '2017-09-15 16:17:54', 6, NULL, NULL),
(3308, 746, 33, '2017-09-15', '2017-09-15 16:21:58', 6, NULL, NULL),
(3309, 1012, 33, '2017-09-15', '2017-09-15 17:09:12', 4, NULL, NULL),
(3310, 922, 64, '2017-09-15', '2017-09-15 17:40:00', 3, NULL, NULL),
(3311, 1069, NULL, '2017-09-15', '2017-09-15 18:30:48', 1, NULL, NULL),
(3312, 1070, NULL, '2017-09-15', '2017-09-15 18:34:19', 1, NULL, NULL),
(3313, 1071, NULL, '2017-09-15', '2017-09-15 18:36:07', 1, NULL, NULL),
(3314, 1055, 31, '2017-09-15', '2017-09-15 18:39:33', 5, NULL, NULL),
(3315, 737, 31, '2017-09-15', '2017-09-15 18:40:30', 4, NULL, NULL),
(3316, 737, 31, '2017-09-15', '2017-09-15 18:40:38', 6, NULL, NULL),
(3317, 1012, 33, '2017-09-18', '2017-09-18 11:16:29', 4, NULL, NULL),
(3318, 1012, 33, '2017-09-18', '2017-09-18 11:16:38', 3, NULL, NULL),
(3319, 746, 33, '2017-09-18', '2017-09-18 11:34:48', 4, NULL, NULL),
(3320, 746, 33, '2017-09-18', '2017-09-18 11:35:00', 6, NULL, NULL),
(3321, 1072, NULL, '2017-09-18', '2017-09-18 11:41:39', 1, NULL, NULL),
(3322, 1073, NULL, '2017-09-18', '2017-09-18 11:42:56', 1, NULL, NULL),
(3323, 931, 33, '2017-09-18', '2017-09-18 11:47:12', 4, NULL, NULL),
(3324, 1074, NULL, '2017-09-18', '2017-09-18 11:47:26', 1, NULL, NULL),
(3325, 746, 31, '2017-09-18', '2017-09-18 12:00:28', 4, NULL, NULL),
(3326, 1075, NULL, '2017-09-18', '2017-09-18 12:06:45', 1, NULL, NULL),
(3327, 1076, NULL, '2017-09-18', '2017-09-18 12:20:31', 1, NULL, NULL),
(3328, 1077, NULL, '2017-09-18', '2017-09-18 13:35:14', 1, NULL, NULL),
(3329, 1078, NULL, '2017-09-18', '2017-09-18 13:36:33', 1, NULL, NULL),
(3330, 1079, NULL, '2017-09-18', '2017-09-18 14:27:48', 1, NULL, NULL),
(3331, 1079, 33, '2017-09-18', '2017-09-18 14:39:45', 4, NULL, NULL),
(3332, 1079, 33, '2017-09-18', '2017-09-18 14:39:50', 3, NULL, NULL),
(3333, 1080, NULL, '2017-09-18', '2017-09-18 15:26:51', 1, NULL, NULL),
(3334, 1081, NULL, '2017-09-18', '2017-09-18 15:47:20', 1, NULL, NULL),
(3335, 468, 63, '2017-09-18', '2017-09-18 16:02:21', 4, NULL, NULL),
(3336, 1076, 31, '2017-09-18', '2017-09-18 16:03:04', 4, NULL, NULL),
(3337, 1061, 33, '2017-09-18', '2017-09-18 16:03:16', 4, NULL, NULL),
(3338, 1061, 33, '2017-09-18', '2017-09-18 16:09:50', 4, NULL, NULL),
(3339, 771, 63, '2017-09-18', '2017-09-18 16:10:07', 4, NULL, NULL),
(3340, 756, 63, '2017-09-18', '2017-09-18 16:14:56', 4, NULL, NULL),
(3341, 1074, 31, '2017-09-18', '2017-09-18 16:47:00', 5, NULL, NULL),
(3342, 1019, 31, '2017-09-18', '2017-09-18 16:47:26', 5, NULL, NULL),
(3343, 756, 31, '2017-09-18', '2017-09-18 16:56:36', 3, NULL, NULL),
(3344, 771, 31, '2017-09-18', '2017-09-18 16:56:47', 3, NULL, NULL),
(3345, 1082, NULL, '2017-09-18', '2017-09-18 17:04:47', 1, NULL, NULL),
(3346, 1083, NULL, '2017-09-18', '2017-09-18 17:14:46', 1, NULL, NULL),
(3347, 1084, NULL, '2017-09-18', '2017-09-18 17:43:21', 1, NULL, NULL),
(3348, 1061, 33, '2017-09-19', '2017-09-19 11:31:28', 4, NULL, NULL),
(3349, 1061, 33, '2017-09-19', '2017-09-19 11:32:15', 4, NULL, NULL),
(3350, 1061, 33, '2017-09-19', '2017-09-19 11:32:28', 3, NULL, NULL),
(3351, 890, 79, '2017-09-19', '2017-09-19 12:14:47', 4, NULL, NULL),
(3352, 890, 79, '2017-09-19', '2017-09-19 12:15:56', 3, NULL, NULL),
(3353, 927, 79, '2017-09-19', '2017-09-19 12:17:00', 8, NULL, NULL),
(3354, 902, 79, '2017-09-19', '2017-09-19 12:17:27', 2, NULL, NULL),
(3355, 902, 79, '2017-09-19', '2017-09-19 12:17:35', 8, NULL, NULL),
(3356, 887, 79, '2017-09-19', '2017-09-19 12:17:48', 2, NULL, NULL),
(3357, 887, 79, '2017-09-19', '2017-09-19 12:17:55', 8, NULL, NULL),
(3358, 971, 79, '2017-09-19', '2017-09-19 12:18:09', 2, NULL, NULL),
(3359, 971, 79, '2017-09-19', '2017-09-19 12:18:16', 8, NULL, NULL),
(3360, 969, 79, '2017-09-19', '2017-09-19 12:18:28', 2, NULL, NULL),
(3361, 969, 79, '2017-09-19', '2017-09-19 12:18:33', 8, NULL, NULL),
(3362, 736, 79, '2017-09-19', '2017-09-19 12:18:47', 2, NULL, NULL),
(3363, 736, 79, '2017-09-19', '2017-09-19 12:18:54', 8, NULL, NULL),
(3364, 930, 79, '2017-09-19', '2017-09-19 12:19:06', 2, NULL, NULL),
(3365, 930, 79, '2017-09-19', '2017-09-19 12:19:11', 8, NULL, NULL),
(3366, 853, 79, '2017-09-19', '2017-09-19 12:19:24', 2, NULL, NULL),
(3367, 853, 79, '2017-09-19', '2017-09-19 12:19:29', 8, NULL, NULL),
(3368, 902, 79, '2017-09-19', '2017-09-19 12:19:47', 2, NULL, NULL),
(3369, 902, 79, '2017-09-19', '2017-09-19 12:20:00', 8, NULL, NULL),
(3370, 886, 79, '2017-09-19', '2017-09-19 12:20:14', 2, NULL, NULL),
(3371, 886, 79, '2017-09-19', '2017-09-19 12:20:19', 8, NULL, NULL),
(3372, 893, 79, '2017-09-19', '2017-09-19 12:20:36', 2, NULL, NULL),
(3373, 893, 79, '2017-09-19', '2017-09-19 12:20:42', 8, NULL, NULL),
(3374, 917, 79, '2017-09-19', '2017-09-19 12:20:57', 2, NULL, NULL),
(3375, 917, 79, '2017-09-19', '2017-09-19 12:21:04', 8, NULL, NULL),
(3376, 878, 79, '2017-09-19', '2017-09-19 12:21:16', 2, NULL, NULL),
(3377, 878, 79, '2017-09-19', '2017-09-19 12:21:22', 8, NULL, NULL),
(3378, 824, 79, '2017-09-19', '2017-09-19 12:22:08', 2, NULL, NULL),
(3379, 824, 79, '2017-09-19', '2017-09-19 12:22:16', 8, NULL, NULL),
(3380, 970, 79, '2017-09-19', '2017-09-19 12:22:52', 2, NULL, NULL),
(3381, 970, 79, '2017-09-19', '2017-09-19 12:22:59', 8, NULL, NULL),
(3382, 832, 79, '2017-09-19', '2017-09-19 12:23:13', 2, NULL, NULL),
(3383, 832, 79, '2017-09-19', '2017-09-19 12:23:18', 8, NULL, NULL),
(3384, 854, 79, '2017-09-19', '2017-09-19 12:23:30', 2, NULL, NULL),
(3385, 854, 79, '2017-09-19', '2017-09-19 12:23:35', 8, NULL, NULL),
(3386, 1004, 79, '2017-09-19', '2017-09-19 12:23:49', 2, NULL, NULL),
(3387, 1004, 79, '2017-09-19', '2017-09-19 12:23:54', 8, NULL, NULL),
(3388, 1008, 79, '2017-09-19', '2017-09-19 12:24:05', 2, NULL, NULL),
(3389, 1008, 79, '2017-09-19', '2017-09-19 12:24:10', 8, NULL, NULL),
(3390, 1034, 79, '2017-09-19', '2017-09-19 12:24:27', 2, NULL, NULL),
(3391, 1034, 79, '2017-09-19', '2017-09-19 12:24:34', 8, NULL, NULL),
(3392, 1030, 79, '2017-09-19', '2017-09-19 12:24:45', 2, NULL, NULL),
(3393, 1030, 79, '2017-09-19', '2017-09-19 12:24:51', 8, NULL, NULL),
(3394, 1035, 79, '2017-09-19', '2017-09-19 12:25:03', 2, NULL, NULL),
(3395, 1035, 79, '2017-09-19', '2017-09-19 12:25:08', 8, NULL, NULL),
(3396, 1040, 79, '2017-09-19', '2017-09-19 12:27:15', 2, NULL, NULL),
(3397, 1040, 79, '2017-09-19', '2017-09-19 12:27:20', 8, NULL, NULL),
(3398, 1039, 79, '2017-09-19', '2017-09-19 12:27:35', 2, NULL, NULL),
(3399, 1039, 79, '2017-09-19', '2017-09-19 12:27:41', 8, NULL, NULL),
(3400, 1060, 79, '2017-09-19', '2017-09-19 12:27:55', 2, NULL, NULL),
(3401, 1060, 79, '2017-09-19', '2017-09-19 12:28:00', 8, NULL, NULL),
(3402, 1043, 79, '2017-09-19', '2017-09-19 12:28:12', 2, NULL, NULL),
(3403, 1043, 79, '2017-09-19', '2017-09-19 12:28:17', 8, NULL, NULL),
(3404, 1043, 79, '2017-09-19', '2017-09-19 12:28:57', 2, NULL, NULL),
(3405, 1043, 79, '2017-09-19', '2017-09-19 12:29:04', 8, NULL, NULL),
(3406, 1001, 79, '2017-09-19', '2017-09-19 12:33:12', 2, NULL, NULL),
(3407, 1001, 79, '2017-09-19', '2017-09-19 12:33:17', 8, NULL, NULL),
(3408, 930, 79, '2017-09-19', '2017-09-19 12:36:18', 2, NULL, NULL),
(3409, 1061, 64, '2017-09-19', '2017-09-19 12:57:37', 2, NULL, NULL),
(3410, 1059, 33, '2017-09-19', '2017-09-19 14:09:51', 4, NULL, NULL),
(3411, 1059, 33, '2017-09-19', '2017-09-19 14:15:41', 6, NULL, NULL),
(3412, 927, 31, '2017-09-19', '2017-09-19 14:36:59', 5, NULL, NULL),
(3413, 887, 31, '2017-09-19', '2017-09-19 14:37:17', 5, NULL, NULL),
(3414, 971, 31, '2017-09-19', '2017-09-19 14:37:35', 4, NULL, NULL),
(3415, 723, 33, '2017-09-19', '2017-09-19 14:37:39', 4, NULL, NULL),
(3416, 971, 31, '2017-09-19', '2017-09-19 14:37:59', 5, NULL, NULL),
(3417, 969, 31, '2017-09-19', '2017-09-19 14:38:17', 5, NULL, NULL),
(3418, 723, 33, '2017-09-19', '2017-09-19 14:38:29', 6, NULL, NULL),
(3419, 736, 31, '2017-09-19', '2017-09-19 14:38:50', 5, NULL, NULL),
(3420, 853, 31, '2017-09-19', '2017-09-19 14:39:22', 5, NULL, NULL),
(3421, 902, 31, '2017-09-19', '2017-09-19 14:40:06', 5, NULL, NULL),
(3422, 886, 31, '2017-09-19', '2017-09-19 14:40:24', 5, NULL, NULL),
(3423, 893, 31, '2017-09-19', '2017-09-19 14:43:56', 5, NULL, NULL),
(3424, 917, 31, '2017-09-19', '2017-09-19 14:44:11', 5, NULL, NULL),
(3425, 878, 31, '2017-09-19', '2017-09-19 14:45:03', 5, NULL, NULL),
(3426, 970, 31, '2017-09-19', '2017-09-19 14:45:43', 5, NULL, NULL),
(3427, 832, 31, '2017-09-19', '2017-09-19 14:46:05', 5, NULL, NULL),
(3428, 854, 31, '2017-09-19', '2017-09-19 14:48:01', 5, NULL, NULL),
(3429, 1004, 31, '2017-09-19', '2017-09-19 14:48:18', 5, NULL, NULL),
(3430, 1008, 31, '2017-09-19', '2017-09-19 14:48:30', 5, NULL, NULL),
(3431, 1034, 31, '2017-09-19', '2017-09-19 14:48:45', 5, NULL, NULL),
(3432, 1030, 31, '2017-09-19', '2017-09-19 14:48:59', 5, NULL, NULL),
(3433, 1035, 31, '2017-09-19', '2017-09-19 14:49:12', 5, NULL, NULL),
(3434, 1040, 31, '2017-09-19', '2017-09-19 14:49:30', 5, NULL, NULL),
(3435, 1039, 31, '2017-09-19', '2017-09-19 14:49:44', 5, NULL, NULL),
(3436, 1060, 31, '2017-09-19', '2017-09-19 14:49:56', 5, NULL, NULL),
(3437, 1043, 31, '2017-09-19', '2017-09-19 14:50:11', 8, NULL, NULL),
(3438, 1043, 31, '2017-09-19', '2017-09-19 15:08:34', 5, NULL, NULL),
(3439, 1059, 31, '2017-09-19', '2017-09-19 15:12:16', 9, 'Resolucion por farroyo - 686 : por estar Llanquitur en la cabaña de catedral, se solcita su intervención.', NULL),
(3440, 1073, 54, '2017-09-19', '2017-09-19 15:10:25', 8, NULL, NULL),
(3441, 1067, 54, '2017-09-19', '2017-09-19 15:10:49', 8, NULL, NULL),
(3442, 991, 63, '2017-09-19', '2017-09-19 15:12:10', 4, NULL, NULL),
(3443, 984, 54, '2017-09-19', '2017-09-19 15:12:46', 8, NULL, NULL),
(3444, 822, 54, '2017-09-19', '2017-09-19 15:15:51', 4, NULL, NULL),
(3445, 1057, 54, '2017-09-19', '2017-09-19 15:17:11', 8, NULL, NULL),
(3446, 1058, 54, '2017-09-19', '2017-09-19 15:17:22', 8, NULL, NULL),
(3447, 1056, 54, '2017-09-19', '2017-09-19 15:17:33', 8, NULL, NULL),
(3448, 1042, 54, '2017-09-19', '2017-09-19 15:17:49', 8, NULL, NULL),
(3449, 1033, 54, '2017-09-19', '2017-09-19 15:18:13', 8, NULL, NULL),
(3450, 1031, 54, '2017-09-19', '2017-09-19 15:18:26', 8, NULL, NULL),
(3451, 1057, 31, '2017-09-19', '2017-09-19 15:26:10', 5, NULL, NULL),
(3452, 1058, 31, '2017-09-19', '2017-09-19 15:26:25', 5, NULL, NULL),
(3453, 1056, 31, '2017-09-19', '2017-09-19 15:26:44', 5, NULL, NULL),
(3454, 1042, 31, '2017-09-19', '2017-09-19 15:26:58', 5, NULL, NULL),
(3455, 1033, 31, '2017-09-19', '2017-09-19 15:27:09', 5, NULL, NULL),
(3456, 1079, 63, '2017-09-19', '2017-09-19 15:27:34', 4, NULL, NULL),
(3457, 1031, 31, '2017-09-19', '2017-09-19 15:27:33', 5, NULL, NULL),
(3458, 1067, 31, '2017-09-19', '2017-09-19 15:29:13', 5, NULL, NULL),
(3459, 1073, 31, '2017-09-19', '2017-09-19 15:29:27', 5, NULL, NULL),
(3460, 991, 63, '2017-09-19', '2017-09-19 15:29:45', 3, NULL, NULL),
(3461, 1079, 63, '2017-09-19', '2017-09-19 15:31:08', 4, NULL, NULL),
(3462, 1079, 63, '2017-09-19', '2017-09-19 15:32:04', 3, NULL, NULL),
(3463, 746, 31, '2017-09-19', '2017-09-19 15:46:40', 6, NULL, NULL),
(3464, 876, 31, '2017-09-19', '2017-09-19 15:51:31', 5, NULL, NULL),
(3465, 890, 33, '2017-09-19', '2017-09-19 16:11:01', 4, NULL, NULL),
(3466, 746, 33, '2017-09-19', '2017-09-19 16:22:56', 4, NULL, NULL),
(3467, 746, 33, '2017-09-19', '2017-09-19 16:23:38', 6, NULL, NULL),
(3468, 880, 63, '2017-09-19', '2017-09-19 16:32:39', 4, NULL, NULL),
(3469, 880, 63, '2017-09-19', '2017-09-19 16:33:46', 3, NULL, NULL),
(3470, 1061, 63, '2017-09-19', '2017-09-19 16:47:07', 2, NULL, NULL),
(3471, 771, 31, '2017-09-19', '2017-09-19 18:02:58', 3, NULL, NULL),
(3472, 984, 31, '2017-09-19', '2017-09-19 18:04:16', 5, NULL, NULL),
(3473, 831, 31, '2017-09-19', '2017-09-19 18:06:45', 5, NULL, NULL),
(3474, 1085, NULL, '2017-09-20', '2017-09-20 11:54:12', 1, NULL, NULL),
(3475, 904, 31, '2017-09-20', '2017-09-20 13:07:24', 6, NULL, NULL),
(3476, 904, 31, '2017-09-20', '2017-09-20 13:12:09', 4, NULL, NULL),
(3477, 904, 31, '2017-09-20', '2017-09-20 13:12:21', 6, NULL, NULL),
(3478, 1012, 63, '2017-09-20', '2017-09-20 13:20:30', 2, NULL, NULL),
(3479, 1086, NULL, '2017-09-20', '2017-09-20 13:56:03', 1, NULL, NULL),
(3480, 1086, 33, '2017-09-20', '2017-09-20 14:46:31', 4, NULL, NULL),
(3481, 1086, 33, '2017-09-20', '2017-09-20 14:46:59', 6, NULL, NULL),
(3482, 1087, NULL, '2017-09-20', '2017-09-20 15:04:15', 1, NULL, NULL),
(3483, 1088, NULL, '2017-09-20', '2017-09-20 15:10:12', 1, NULL, NULL),
(3484, 912, 63, '2017-09-20', '2017-09-20 15:16:32', 2, NULL, NULL),
(3485, 1089, NULL, '2017-09-20', '2017-09-20 15:18:00', 1, NULL, NULL),
(3486, 1090, NULL, '2017-09-20', '2017-09-20 15:18:59', 1, NULL, NULL),
(3487, 1091, NULL, '2017-09-20', '2017-09-20 15:20:30', 1, NULL, NULL),
(3488, 1090, 33, '2017-09-20', '2017-09-20 15:22:03', 4, NULL, NULL),
(3489, 1090, 33, '2017-09-20', '2017-09-20 15:22:10', 6, NULL, NULL),
(3490, 1092, NULL, '2017-09-20', '2017-09-20 15:24:20', 1, NULL, NULL),
(3491, 1093, NULL, '2017-09-20', '2017-09-20 15:27:08', 1, NULL, NULL),
(3492, 912, 63, '2017-09-20', '2017-09-20 15:29:23', 3, NULL, NULL),
(3493, 1012, 63, '2017-09-20', '2017-09-20 15:29:33', 3, NULL, NULL),
(3494, 890, 33, '2017-09-20', '2017-09-20 15:32:40', 4, NULL, NULL),
(3495, 890, 33, '2017-09-20', '2017-09-20 15:32:51', 3, NULL, NULL),
(3496, 766, 63, '2017-09-20', '2017-09-20 15:57:10', 2, NULL, NULL),
(3497, 835, 33, '2017-09-20', '2017-09-20 16:14:46', 4, NULL, NULL),
(3498, 1088, 33, '2017-09-20', '2017-09-20 16:25:36', 4, NULL, NULL),
(3499, 1088, 33, '2017-09-20', '2017-09-20 16:25:59', 6, NULL, NULL),
(3500, 1094, NULL, '2017-09-20', '2017-09-20 16:37:12', 1, NULL, NULL),
(3501, 1095, NULL, '2017-09-20', '2017-09-20 16:37:29', 1, NULL, NULL),
(3502, 1096, NULL, '2017-09-20', '2017-09-20 16:40:02', 1, NULL, NULL),
(3503, 766, 63, '2017-09-20', '2017-09-20 16:49:20', 3, NULL, NULL),
(3504, 737, 31, '2017-09-20', '2017-09-20 17:17:05', 4, NULL, NULL),
(3505, 723, 33, '2017-09-20', '2017-09-20 17:37:05', 4, NULL, NULL),
(3506, 723, 33, '2017-09-20', '2017-09-20 17:37:15', 6, NULL, NULL),
(3507, 1095, 31, '2017-09-20', '2017-09-20 17:58:12', 5, NULL, NULL),
(3508, 1094, 31, '2017-09-20', '2017-09-20 17:58:26', 5, NULL, NULL),
(3509, 1091, 31, '2017-09-20', '2017-09-20 18:19:07', 4, NULL, NULL),
(3510, 890, 64, '2017-09-21', '2017-09-21 11:19:54', 2, NULL, NULL),
(3511, 890, 33, '2017-09-21', '2017-09-21 12:12:04', 4, NULL, NULL),
(3512, 890, 64, '2017-09-21', '2017-09-21 12:54:15', 3, NULL, NULL),
(3513, 454, 64, '2017-09-21', '2017-09-21 13:02:50', 2, NULL, NULL),
(3514, 459, 64, '2017-09-21', '2017-09-21 13:04:39', 2, NULL, NULL),
(3515, 454, 64, '2017-09-21', '2017-09-21 13:35:05', 3, NULL, NULL),
(3516, 931, 33, '2017-09-21', '2017-09-21 14:06:42', 4, NULL, NULL),
(3517, 931, 33, '2017-09-21', '2017-09-21 14:06:59', 6, NULL, NULL),
(3518, 835, 33, '2017-09-21', '2017-09-21 14:22:16', 4, NULL, NULL),
(3519, 835, 33, '2017-09-21', '2017-09-21 14:22:25', 6, NULL, NULL),
(3520, 454, 64, '2017-09-21', '2017-09-21 14:52:54', 3, NULL, NULL),
(3521, 459, 64, '2017-09-21', '2017-09-21 14:56:40', 3, NULL, NULL),
(3522, 1062, 33, '2017-09-21', '2017-09-21 15:12:28', 4, NULL, NULL),
(3523, 1062, 33, '2017-09-21', '2017-09-21 15:12:59', 3, NULL, NULL),
(3524, 1083, 33, '2017-09-21', '2017-09-21 15:25:44', 4, NULL, NULL),
(3525, 931, 33, '2017-09-21', '2017-09-21 16:28:34', 4, NULL, NULL),
(3526, 931, 33, '2017-09-21', '2017-09-21 16:28:42', 6, NULL, NULL),
(3527, 835, 33, '2017-09-21', '2017-09-21 16:29:48', 4, NULL, NULL),
(3528, 835, 33, '2017-09-21', '2017-09-21 16:30:24', 6, NULL, NULL),
(3529, 1062, 64, '2017-09-21', '2017-09-21 16:32:54', 2, NULL, NULL),
(3530, 1097, NULL, '2017-09-22', '2017-09-22 11:38:43', 1, NULL, NULL),
(3531, 1098, NULL, '2017-09-22', '2017-09-22 12:09:17', 1, NULL, NULL),
(3532, 664, 33, '2017-09-22', '2017-09-22 12:18:09', 4, NULL, NULL),
(3533, 664, 33, '2017-09-22', '2017-09-22 12:18:52', 3, NULL, NULL),
(3534, 664, 64, '2017-09-22', '2017-09-22 12:27:07', 2, NULL, NULL),
(3535, 806, 33, '2017-09-22', '2017-09-22 12:28:47', 4, NULL, NULL),
(3536, 1083, 33, '2017-09-22', '2017-09-22 12:39:50', 4, NULL, NULL),
(3537, 1083, 33, '2017-09-22', '2017-09-22 12:39:57', 3, NULL, NULL),
(3538, 968, 33, '2017-09-22', '2017-09-22 13:23:02', 4, NULL, NULL),
(3539, 664, 64, '2017-09-22', '2017-09-22 13:38:14', 3, NULL, NULL),
(3540, 1098, 63, '2017-09-22', '2017-09-22 13:43:13', 6, NULL, NULL),
(3541, 474, 31, '2017-09-22', '2017-09-22 14:25:05', 5, NULL, NULL),
(3542, 473, 31, '2017-09-22', '2017-09-22 14:26:49', 5, NULL, NULL),
(3543, 1059, 31, '2017-09-22', '2017-09-22 14:56:48', 5, 'Resolucion por farroyo - 686 : por estar Llanquitur en la cabaña de catedral, se solcita su intervención.\nResolucion por farroyo - 686 : ', NULL),
(3544, 1099, NULL, '2017-09-22', '2017-09-22 15:50:40', 1, NULL, NULL),
(3545, 1062, 64, '2017-09-22', '2017-09-22 17:29:45', 3, NULL, NULL),
(3546, 1100, NULL, '2017-09-25', '2017-09-25 11:17:29', 1, NULL, NULL),
(3547, 1101, NULL, '2017-09-25', '2017-09-25 11:23:28', 1, NULL, NULL),
(3548, 1066, 54, '2017-09-25', '2017-09-25 12:22:08', 4, NULL, NULL),
(3549, 1066, 54, '2017-09-25', '2017-09-25 12:22:23', 3, NULL, NULL),
(3550, 1065, 54, '2017-09-25', '2017-09-25 12:27:00', 4, NULL, NULL),
(3551, 1065, 54, '2017-09-25', '2017-09-25 12:27:25', 3, NULL, NULL),
(3552, 1070, 54, '2017-09-25', '2017-09-25 12:27:36', 8, NULL, NULL),
(3553, 980, 33, '2017-09-25', '2017-09-25 15:21:55', 4, NULL, NULL),
(3554, 980, 33, '2017-09-25', '2017-09-25 15:22:00', 6, NULL, NULL),
(3555, 806, 33, '2017-09-25', '2017-09-25 15:35:27', 4, NULL, NULL),
(3556, 806, 33, '2017-09-25', '2017-09-25 15:35:33', 3, NULL, NULL),
(3557, 1065, 33, '2017-09-25', '2017-09-25 15:46:29', 4, NULL, NULL),
(3558, 1066, 33, '2017-09-25', '2017-09-25 15:50:46', 4, NULL, NULL),
(3559, 1102, NULL, '2017-09-25', '2017-09-25 16:24:39', 1, NULL, NULL),
(3560, 1103, NULL, '2017-09-25', '2017-09-25 16:52:09', 1, NULL, NULL),
(3561, 1070, 31, '2017-09-25', '2017-09-25 17:00:58', 5, NULL, NULL),
(3562, 415, 31, '2017-09-25', '2017-09-25 17:02:33', 5, NULL, NULL),
(3563, 1104, NULL, '2017-09-25', '2017-09-25 17:23:18', 1, NULL, NULL),
(3564, 980, 33, '2017-09-26', '2017-09-26 11:38:24', 4, NULL, NULL),
(3565, 980, 33, '2017-09-26', '2017-09-26 11:39:22', 4, NULL, NULL),
(3566, 980, 33, '2017-09-26', '2017-09-26 12:33:26', 4, NULL, NULL),
(3567, 980, 33, '2017-09-26', '2017-09-26 12:33:37', 3, NULL, NULL),
(3568, 1104, 51, '2017-09-26', '2017-09-26 14:05:15', 4, NULL, NULL),
(3569, 1105, NULL, '2017-09-26', '2017-09-26 14:53:33', 1, NULL, NULL),
(3570, 980, 63, '2017-09-26', '2017-09-26 15:04:57', 2, NULL, NULL),
(3571, 1104, 63, '2017-09-26', '2017-09-26 15:06:10', 4, NULL, NULL),
(3572, 806, 64, '2017-09-26', '2017-09-26 15:16:15', 2, NULL, NULL),
(3573, 1104, 63, '2017-09-26', '2017-09-26 15:17:40', 4, NULL, NULL),
(3574, 980, 63, '2017-09-26', '2017-09-26 15:18:52', 4, NULL, NULL),
(3575, 1083, 64, '2017-09-26', '2017-09-26 15:21:11', 2, NULL, NULL),
(3576, 529, 33, '2017-09-26', '2017-09-26 17:17:32', 4, NULL, NULL),
(3577, 1103, 33, '2017-09-26', '2017-09-26 17:31:59', 4, NULL, NULL),
(3578, 1103, 33, '2017-09-26', '2017-09-26 17:32:33', 4, NULL, NULL),
(3579, 386, 31, '2017-09-26', '2017-09-26 18:55:27', 5, NULL, NULL),
(3580, 378, 31, '2017-09-26', '2017-09-26 18:56:06', 5, NULL, NULL),
(3581, 375, 31, '2017-09-26', '2017-09-26 18:56:33', 5, NULL, NULL),
(3582, 366, 31, '2017-09-26', '2017-09-26 18:57:27', 5, NULL, NULL),
(3583, 1106, NULL, '2017-09-26', '2017-09-26 19:03:29', 1, NULL, NULL),
(3584, 1065, 33, '2017-09-27', '2017-09-27 11:24:45', 4, NULL, NULL),
(3585, 1065, 33, '2017-09-27', '2017-09-27 11:25:07', 3, NULL, NULL),
(3586, 1066, 33, '2017-09-27', '2017-09-27 11:26:06', 4, NULL, NULL),
(3587, 1066, 33, '2017-09-27', '2017-09-27 11:26:34', 4, NULL, NULL),
(3588, 1066, 33, '2017-09-27', '2017-09-27 11:26:40', 3, NULL, NULL),
(3589, 979, 33, '2017-09-27', '2017-09-27 11:37:38', 3, NULL, NULL),
(3590, 465, 31, '2017-09-27', '2017-09-27 12:15:12', 3, 'Resolucion por farroyo - 686 : Se ejecutó integramente de madera.', NULL),
(3591, 1107, NULL, '2017-09-27', '2017-09-27 12:18:25', 1, NULL, NULL),
(3592, 1108, NULL, '2017-09-27', '2017-09-27 12:27:07', 1, NULL, NULL),
(3593, 979, 63, '2017-09-27', '2017-09-27 12:33:01', 2, NULL, NULL),
(3594, 1109, NULL, '2017-09-27', '2017-09-27 12:52:31', 1, NULL, NULL),
(3595, 465, 64, '2017-09-27', '2017-09-27 12:56:01', 4, 'Resolucion por farroyo - 686 : Se ejecutó integramente de madera.', NULL),
(3596, 979, 63, '2017-09-27', '2017-09-27 12:58:30', 4, NULL, NULL),
(3597, 1110, NULL, '2017-09-27', '2017-09-27 12:58:53', 1, NULL, NULL),
(3598, 979, 63, '2017-09-27', '2017-09-27 13:04:55', 4, NULL, NULL),
(3599, 806, 64, '2017-09-27', '2017-09-27 13:34:00', 3, NULL, NULL),
(3600, 968, 33, '2017-09-27', '2017-09-27 13:36:20', 4, NULL, NULL),
(3601, 968, 33, '2017-09-27', '2017-09-27 13:36:31', 3, NULL, NULL),
(3602, 1111, NULL, '2017-09-27', '2017-09-27 14:12:02', 1, NULL, NULL),
(3603, 1112, NULL, '2017-09-27', '2017-09-27 15:04:47', 1, NULL, NULL),
(3604, 1113, NULL, '2017-09-27', '2017-09-27 15:08:22', 1, NULL, NULL),
(3605, 1112, 31, '2017-09-27', '2017-09-27 15:08:42', 4, NULL, NULL),
(3606, 1114, NULL, '2017-09-27', '2017-09-27 15:12:03', 1, NULL, NULL),
(3607, 1103, 33, '2017-09-27', '2017-09-27 15:16:16', 4, NULL, NULL),
(3608, 1103, 33, '2017-09-27', '2017-09-27 15:16:38', 3, NULL, NULL),
(3609, 1101, 31, '2017-09-27', '2017-09-27 15:34:30', 4, NULL, NULL),
(3610, 1103, 63, '2017-09-27', '2017-09-27 15:42:46', 2, NULL, NULL),
(3611, 1103, 63, '2017-09-27', '2017-09-27 16:07:35', 3, NULL, NULL),
(3612, 1115, NULL, '2017-09-27', '2017-09-27 16:09:00', 1, NULL, NULL),
(3613, 991, 31, '2017-09-27', '2017-09-27 16:44:20', 4, NULL, NULL),
(3614, 1114, 31, '2017-09-27', '2017-09-27 17:09:44', 9, 'Resolucion por farroyo - 686 : CORRESPONDE A ELECTRICIDAD', NULL),
(3615, 1116, NULL, '2017-09-27', '2017-09-27 17:56:02', 1, NULL, NULL),
(3616, 1117, NULL, '2017-09-28', '2017-09-28 11:58:27', 1, NULL, NULL),
(3617, 1118, NULL, '2017-09-28', '2017-09-28 12:16:25', 1, NULL, NULL),
(3618, 1083, 64, '2017-09-28', '2017-09-28 13:07:39', 3, NULL, NULL),
(3619, 1119, NULL, '2017-09-28', '2017-09-28 13:24:52', 1, NULL, NULL),
(3620, 1101, 31, '2017-09-28', '2017-09-28 14:11:20', 4, NULL, NULL),
(3621, 1101, 31, '2017-09-28', '2017-09-28 14:14:08', 4, NULL, NULL),
(3622, 968, 64, '2017-09-28', '2017-09-28 14:31:48', 2, NULL, NULL),
(3623, 1120, NULL, '2017-09-28', '2017-09-28 15:37:58', 1, NULL, NULL),
(3624, 399, 31, '2017-09-28', '2017-09-28 16:41:47', 4, NULL, NULL),
(3625, 1121, NULL, '2017-09-28', '2017-09-28 16:46:57', 1, NULL, NULL),
(3626, 968, 64, '2017-09-28', '2017-09-28 16:49:37', 3, NULL, NULL),
(3627, 1049, 31, '2017-09-28', '2017-09-28 16:51:55', 4, NULL, NULL),
(3628, 1075, 31, '2017-09-28', '2017-09-28 16:53:34', 4, NULL, NULL),
(3629, 1066, 64, '2017-09-28', '2017-09-28 17:04:13', 2, NULL, NULL),
(3630, 1122, NULL, '2017-09-28', '2017-09-28 17:12:43', 1, NULL, NULL),
(3631, 1123, NULL, '2017-09-28', '2017-09-28 17:27:23', 1, NULL, NULL),
(3632, 1123, 31, '2017-09-28', '2017-09-28 17:28:34', 4, NULL, NULL),
(3633, 1066, 64, '2017-09-29', '2017-09-29 12:31:44', 3, NULL, NULL),
(3634, 1124, NULL, '2017-09-29', '2017-09-29 14:30:21', 1, NULL, NULL),
(3638, 1128, NULL, '2017-09-29', '2017-09-29 14:42:47', 1, NULL, NULL),
(3640, 1101, 31, '2017-09-29', '2017-09-29 15:17:33', 4, NULL, NULL),
(3641, 1065, 64, '2017-09-29', '2017-09-29 15:22:39', 2, NULL, NULL),
(3642, 1129, NULL, '2017-09-29', '2017-09-29 16:50:12', 1, NULL, NULL),
(3643, 1130, NULL, '2017-09-29', '2017-09-29 16:54:23', 1, NULL, NULL),
(3644, 1117, 63, '2017-09-29', '2017-09-29 17:03:28', 2, NULL, NULL),
(3645, 1131, NULL, '2017-09-29', '2017-09-29 17:03:22', 1, NULL, NULL);

-- --------------------------------------------------------

--
-- Estructura de tabla para la tabla `permisos`
--

CREATE TABLE `permisos` (
  `id_permiso` int(11) NOT NULL,
  `nombre_permiso` varchar(30) COLLATE utf8_spanish2_ci NOT NULL
) ENGINE=InnoDB DEFAULT CHARSET=utf8 COLLATE=utf8_spanish2_ci;

--
-- Volcado de datos para la tabla `permisos`
--

INSERT INTO `permisos` (`id_permiso`, `nombre_permiso`) VALUES
(4, 'misTickets'),
(5, 'nuevoTicket'),
(6, 'baseConocimiento'),
(7, 'MenuAdministracion'),
(8, 'administrarTicketV'),
(9, 'verHistorialTicketB'),
(10, 'eliminarTicketB'),
(11, 'cambiarEstadoB'),
(12, 'MenuEstadoPGM'),
(13, 'MenuConfiguracion'),
(14, 'areasV'),
(15, 'eliminarAreaB'),
(16, 'modificarAreaB'),
(17, 'nuevAreaB'),
(18, 'asuntosV'),
(19, 'eliminarAsuntoB'),
(20, 'nuevoAsuntoB'),
(21, 'serviciosV'),
(22, 'eliminarServiciosB'),
(23, 'nuevoServicioB'),
(24, 'RazonesTransferenciaV'),
(25, 'eliminarRazonB'),
(26, 'nuevaRazonB'),
(27, 'usuariosV'),
(28, 'eliminarUsuarioB'),
(29, 'dehsabilitarUsuarioB'),
(30, 'habilitarUsuarioB'),
(31, 'resetearClaveB'),
(32, 'nuevoUsuarioB'),
(33, 'cambiarRolUsuarioB'),
(34, 'AsignarAsuntosV'),
(35, 'RolesV'),
(36, 'eliminarRolB'),
(37, 'nuevoRolB'),
(38, 'agregarPermisoB'),
(39, 'quitarPermisoB'),
(40, 'EmpleadosV'),
(41, 'eliminarEmpleadoB'),
(42, 'nuevoEmpleadoB'),
(43, 'modificarEmpeladoB'),
(44, 'versiones'),
(45, 'modificarPatrimonio'),
(46, 'notaSalida'),
(47, 'edificiosView'),
(48, 'nuevoEdificio'),
(50, 'eliminarEdificio'),
(51, 'ConfigurarSistema');

-- --------------------------------------------------------

--
-- Estructura de tabla para la tabla `razones_transferencias`
--

CREATE TABLE `razones_transferencias` (
  `id_razon` int(11) NOT NULL,
  `nombre_razon` varchar(50) NOT NULL
) ENGINE=InnoDB DEFAULT CHARSET=utf8;

--
-- Volcado de datos para la tabla `razones_transferencias`
--

INSERT INTO `razones_transferencias` (`id_razon`, `nombre_razon`) VALUES
(1, 'Asunto erroneo'),
(2, 'Ya realice mi parte');

-- --------------------------------------------------------

--
-- Estructura de tabla para la tabla `respuestas`
--

CREATE TABLE `respuestas` (
  `id_ticket` int(11) NOT NULL,
  `respuesta` varchar(255) COLLATE utf8_spanish2_ci DEFAULT NULL,
  `id_usuario` int(11) DEFAULT NULL
) ENGINE=MyISAM DEFAULT CHARSET=utf8 COLLATE=utf8_spanish2_ci;

-- --------------------------------------------------------

--
-- Estructura de tabla para la tabla `roles`
--

CREATE TABLE `roles` (
  `id_rol` int(11) NOT NULL,
  `nombre_rol` varchar(30) COLLATE utf8_spanish2_ci NOT NULL
) ENGINE=InnoDB DEFAULT CHARSET=utf8 COLLATE=utf8_spanish2_ci;

--
-- Volcado de datos para la tabla `roles`
--

INSERT INTO `roles` (`id_rol`, `nombre_rol`) VALUES
(5, 'administracion del area'),
(1, 'administrador'),
(4, 'jefe de area'),
(3, 'sistemas'),
(2, 'user');

-- --------------------------------------------------------

--
-- Estructura de tabla para la tabla `roles_permisos`
--

CREATE TABLE `roles_permisos` (
  `fk_rol` int(11) NOT NULL,
  `fk_permiso` int(11) NOT NULL
) ENGINE=InnoDB DEFAULT CHARSET=utf8 COLLATE=utf8_spanish_ci;

--
-- Volcado de datos para la tabla `roles_permisos`
--

INSERT INTO `roles_permisos` (`fk_rol`, `fk_permiso`) VALUES
(1, 4),
(2, 4),
(3, 4),
(4, 4),
(5, 4),
(1, 5),
(2, 5),
(3, 5),
(4, 5),
(5, 5),
(1, 6),
(2, 6),
(3, 6),
(4, 6),
(5, 6),
(1, 7),
(4, 7),
(1, 8),
(4, 8),
(1, 9),
(4, 9),
(1, 10),
(4, 10),
(1, 11),
(4, 11),
(1, 12),
(1, 13),
(3, 13),
(4, 13),
(1, 14),
(3, 14),
(4, 14),
(1, 15),
(3, 15),
(1, 16),
(3, 16),
(1, 17),
(3, 17),
(4, 17),
(1, 18),
(3, 18),
(1, 19),
(1, 20),
(3, 20),
(1, 21),
(3, 21),
(1, 22),
(1, 23),
(3, 23),
(1, 24),
(1, 25),
(1, 26),
(1, 27),
(3, 27),
(4, 27),
(1, 28),
(4, 28),
(1, 29),
(3, 29),
(4, 29),
(1, 30),
(3, 30),
(4, 30),
(1, 31),
(3, 31),
(1, 32),
(3, 32),
(4, 32),
(1, 33),
(1, 34),
(3, 34),
(4, 34),
(1, 35),
(1, 36),
(1, 37),
(1, 38),
(3, 38),
(1, 39),
(1, 40),
(3, 40),
(4, 40),
(1, 41),
(3, 41),
(4, 41),
(1, 42),
(3, 42),
(4, 42),
(1, 43),
(3, 43),
(1, 44),
(3, 44),
(4, 44),
(1, 45),
(3, 45),
(4, 45),
(5, 45),
(1, 46),
(3, 46),
(4, 46),
(5, 46),
(1, 47),
(3, 47),
(4, 47),
(1, 48),
(3, 48),
(4, 48),
(1, 50),
(3, 50),
(4, 50),
(1, 51);

-- --------------------------------------------------------

--
-- Estructura de tabla para la tabla `servicios`
--

CREATE TABLE `servicios` (
  `id_asuntoS` int(11) NOT NULL,
  `nombre_asuntoS` varchar(70) COLLATE utf8_spanish2_ci NOT NULL,
  `pertenece` int(11) NOT NULL
) ENGINE=InnoDB DEFAULT CHARSET=utf8 COLLATE=utf8_spanish2_ci;

--
-- Volcado de datos para la tabla `servicios`
--

INSERT INTO `servicios` (`id_asuntoS`, `nombre_asuntoS`, `pertenece`) VALUES
(27, 'Alta usuario (Legajo y Documento)', 11),
(29, 'Modificar permisos (Legajo y Documento)', 11),
(48, 'Otros problemas', 11),
(49, 'Diferencias en sueldos', 12),
(50, 'Actualizaciones de sueldos', 12),
(51, 'Alta usuario (Legajo y Documento)', 13),
(52, 'Baja usuario (Legajo y Documento)', 13),
(53, 'Configuracion de usuario (Permisos e instancias)', 13),
(54, 'Pedido de estadisticas (Arribos y salidas)', 14),
(55, 'Error de vinculacion (Aclarar cedulon/es)', 15),
(56, 'No se puede cobrar cedulon (Error de vinculo)', 15),
(57, 'Alta usuario cajero', 15),
(58, 'Baja usuario cajero', 15),
(59, 'Pedido de nuevo correo electronico', 16),
(60, 'Baja de correo electronico', 16),
(62, 'Problemas con el turnero', 17),
(66, 'Generacion de informes de sueldos', 12),
(67, 'Programacion de liquidacion', 12),
(68, 'Alta novedades', 12),
(69, 'Vinculacion de novedades', 12),
(70, 'Modificacion de novedades', 12),
(71, 'Baja novedades', 12),
(74, 'Actualizacion acumuladores de ganancia', 12),
(76, 'Elaboracion de informes de ganancias', 12),
(77, 'Generacion de recibos de manos a la obra', 12),
(78, 'Alta y modificacion de un cargo', 12),
(79, 'Alta y modificacion de funcion', 12),
(80, 'Alta y modificacion de area administrativa', 12),
(81, 'Alta y modificacion de organigrama', 12),
(82, 'Alta y modificacion de categoria', 12),
(83, 'Alta y modificacion de tipo de empleado', 12),
(84, 'Alta y modificacion de ubicacion de empelado', 12),
(85, 'Modificacion de sueldo basico en las categorias', 12),
(86, 'Modificacion de sueldo basico en las subrrogancias', 12),
(87, 'Actualizacion de salario minimo vital y movil', 12),
(88, 'Actualizacion de limites para asignaciones familiares', 12),
(89, 'Agregar nuevo servicio (Cual,por y para que)', 19),
(90, 'Mal funcionamiento del CPU', 17),
(91, 'Problemas con el mouse o teclado', 17),
(92, 'Mal funcionamiento de la impresora', 17),
(93, 'No funciona internet', 17),
(94, 'No funcionan los mail', 17),
(95, 'Cambio-Movimiento de impresoras', 17),
(96, 'No puedo enviar correos', 16),
(97, 'Saber si esta entregado', 20),
(98, 'Saber en que secretaria se encuentra', 20),
(99, 'Como realizar un pedido de abastecimiento', 20),
(100, 'Da error al cargar el pedido', 20),
(101, 'A que cuenta lo tengo que imputar', 20),
(102, 'No funciona', 21),
(103, 'No puede ingresar', 15),
(104, 'Alta usuario(Legajo y Documento)', 21),
(105, 'Baja usuario(Legajo y Documento)', 21),
(106, 'Modificar usuario(Legajo y Documento)', 21),
(107, 'Alta de calles', 21),
(108, 'Alta de barrios', 21),
(109, 'Creacion de reportes', 21),
(110, 'Otro problemas', 21),
(111, 'Error de migracion', 21),
(112, 'Instalacion servidor web', 22),
(113, 'Nuevo usuario', 23),
(114, 'Permisos para consulta general', 23),
(115, 'talonarios', 24),
(116, 'tsm', 24),
(117, 'tish', 24),
(118, 'pagos electronicos', 24),
(119, 'obras contribuciones', 24),
(120, 'listados', 24),
(121, 'sueldos', 24),
(122, 'compras', 24),
(123, 'obras privadas', 24),
(124, 'trib.faltas', 24),
(125, 'contaduria', 24),
(126, 'tesoreria', 24),
(127, 'otros', 24),
(128, 'Auditoria', 21),
(129, 'Agregar Entidad de cobro de multas', 13),
(130, 'Resetear Clave', 13),
(131, 'Cambiar documento de plantillas', 13),
(132, 'Modificación Permisos', 21),
(134, 'Modificación Aplicación', 25),
(135, 'Modificación BDD', 25),
(136, 'Errores de PGM', 12),
(137, 'Pagos electronicos', 21),
(138, 'Modificacion', 19),
(139, 'Otros', 23),
(140, 'Modificación de Reportes', 21),
(141, 'Reparacion de cerraduras de puertas', 28),
(142, 'Reparacion de cerraduras de muebles', 28),
(143, 'Reparacion o ejecucion de tabiques de placa de yeso', 28),
(144, 'Reparacion o ejecucion de techos', 28),
(145, 'Reparacion de mobiliario', 28),
(146, 'Reparacion por ingreso de agua en ventanas y/o aire', 28),
(147, 'Reaparacion o colocacion o retiro de piso flotante', 28),
(148, 'Reparacion o colocacion o retiro de alfombras', 28),
(149, 'Reparacion o ejecucion de pisos de madera', 28),
(150, 'Varios', 28),
(151, 'Proyecto especial', 28),
(152, 'Reparacion o ejecucion de estanterias para archivo', 29),
(153, 'Reparacion o ejecucion de repisas para pared', 29),
(154, 'Reparacion o ejecucion de sillas de madera', 29),
(155, 'Reparacion o ejecucion de mesas de madera', 29),
(156, 'Reparacion o ejecucion de aberturas de madera', 29),
(157, 'Varios', 29),
(158, 'Proyecto especial', 29),
(159, 'Pintura interior de edificios', 30),
(160, 'Pintura exterior de edificios', 30),
(161, 'Pintura de elementos de madera', 30),
(162, 'Pintura de cercos y aberturas de metal', 30),
(163, 'Pinturas y terminaciones de yeso o masilla', 30),
(165, 'Varios', 30),
(166, 'Proyecto especial', 30),
(167, 'Reparacion de herramientes de servicios publicos', 31),
(168, 'Reparacion o ejecucion de cercos perimetrales metalicos', 31),
(169, 'Reparacion o ejecucion de puertas o portones metalicos exteriores', 31),
(170, 'Reparacion o ejecucion de mobiliario metalico', 31),
(171, 'Reparacion o ejecucion de rejas', 31),
(172, 'Reparacion o ejecucion de juegos de plazas', 31),
(173, 'Reparacion o ejecucion de aberturas metalicas', 31),
(174, 'Reparacion o ejecucion de estructuras metalicas', 31),
(175, 'Varios', 31),
(176, 'Proyectos especiales', 31),
(177, 'Agua; Sanitarios; Roto', 32),
(178, 'Agua; Sanitarios; Perdida', 32),
(179, 'Agua; Sanitarios; Sin agua', 32),
(180, 'Agua; Sanitarios; Nuevo', 32),
(181, 'Agua; Tanque; Pierde', 32),
(182, 'Agua; Tanque; Rebalsa', 32),
(183, 'Agua; Conexion domiciliaria; Rota por maquina municipal', 32),
(184, 'Agua; Conexion domiciliaria; Nueva', 32),
(185, 'Agua; Conexion domiciliaria; Pierde', 32),
(186, 'Agua; Instalacion; Pierde', 32),
(187, 'Agua; Instalacion; Nueva', 32),
(188, 'Agua; Cocina; Pierde', 32),
(189, 'Agua; Cocina; Sin agua', 32),
(190, 'Agua; Cocina; Nueva', 32),
(191, 'Agua; Termotanque; Pierde agua', 32),
(192, 'Agua; Termotanque; Nuevo', 32),
(193, 'Desagües; Sanitarios; Tapadado', 32),
(194, 'Desagües; Sanitarios; Pierde descarga artefacto lavado de manos', 32),
(195, 'Desagües; Sanitarios; Descarga inodoro', 32),
(196, 'Desagües; Cocina; Tapado', 32),
(197, 'Calefaccion; Calefactores; Encender', 32),
(198, 'Calefaccion; Calefactores; Pierde gas', 32),
(199, 'Calefaccion; Calefactores; Reparar', 32),
(200, 'Calefaccion; Calefactores; Limpieza', 32),
(201, 'Calefaccion; Calefactores; Nuevo', 32),
(202, 'Calefaccion; Caldera; Encender', 32),
(203, 'Calefaccion; Caldera; Nueva', 32),
(204, 'Gas; Instalacion; Nueva', 32),
(205, 'Gas; Instalacion; Olor a gas', 32),
(206, 'Gas; Artefacto; Pierde', 32),
(207, 'Gas; Artefacto; Reparar', 32),
(208, 'Gas; Artefacto; Nuevo', 32),
(209, 'Varios', 32),
(210, 'Proyecto especial', 32),
(211, 'Iluminacion; Llave de luz; Rota', 33),
(212, 'Iluminacion; Cambiar tubo', 33),
(213, 'Iluminacion; Artefacto roto', 33),
(214, 'Iluminacion; Solicitud; Sistema nuevo', 33),
(215, 'Iluminacion; Exterior; Artefacto no funciona', 33),
(216, 'Iluminacion; Exterior; Solicitud sistema nuevo', 33),
(217, 'Tablero electrico; Salta termica', 33),
(218, 'Tablero electrico; Salta disyuntor', 33),
(219, 'Tablero electrico; Solicitud nuevo', 33),
(220, 'Instalacion electrica; Pilar de luz reparar', 33),
(221, 'Instalacion electrica; Solicitud nuevo', 33),
(222, 'Instalacion electrica; Toma corriente; No funciona', 33),
(223, 'Instalacion electrica; Trifasica; Reparacion', 33),
(224, 'Instalacion electrica; Sin energia', 33),
(225, 'Varios', 33),
(226, 'Proyecto especial', 33),
(227, 'Amurar estructura exterior', 34),
(228, 'Reparacion de ceramicos', 34),
(229, 'Colocacion de aberturas', 34),
(230, 'Revoque de mamposteria', 34),
(231, 'Ejecucion o reparacion de cercos perimetrales', 34),
(232, 'Colocacion de pisos ceramicos', 34),
(233, 'Colocacion de ceramicos en pared', 34),
(234, 'Ejecucion o reparacion de tabiques de mamposteria', 34),
(235, 'Ejecucion o reparacion de veredas', 34),
(236, 'Varios', 34),
(237, 'Proyecto especial', 34),
(238, 'Pedidos de abastecimiento', 21),
(239, 'Reclamos', 17),
(240, 'Instalacion PGM', 17),
(241, 'ABM Reportes', 12),
(242, 'Instalacion de equipo/s informatico/s', 17),
(243, 'Otro problemas', 13),
(244, 'Unificacion de personas/proveedores', 21);

-- --------------------------------------------------------

--
-- Estructura de tabla para la tabla `tickets`
--

CREATE TABLE `tickets` (
  `id_ticket` int(11) NOT NULL,
  `fecha` date NOT NULL,
  `creador` int(11) NOT NULL,
  `servicio` int(11) NOT NULL,
  `observacion` varchar(7000) COLLATE utf8_spanish2_ci DEFAULT NULL,
  `patrimonio` varchar(15) COLLATE utf8_spanish2_ci DEFAULT NULL,
  `tiempoResolucion` datetime DEFAULT NULL,
  `adjunto` varchar(100) COLLATE utf8_spanish2_ci DEFAULT NULL,
  `nota_entrada` varchar(13) COLLATE utf8_spanish2_ci DEFAULT NULL,
  `nota_salida` varchar(13) COLLATE utf8_spanish2_ci DEFAULT NULL,
  `fkEdificio` int(11) DEFAULT NULL,
  `fk_areaSolicitante` int(11) DEFAULT NULL
) ENGINE=InnoDB DEFAULT CHARSET=utf8 COLLATE=utf8_spanish2_ci;

--
-- Volcado de datos para la tabla `tickets`
--

INSERT INTO `tickets` (`id_ticket`, `fecha`, `creador`, `servicio`, `observacion`, `patrimonio`, `tiempoResolucion`, `adjunto`, `nota_entrada`, `nota_salida`, `fkEdificio`, `fk_areaSolicitante`) VALUES
(358, '2017-06-13', 31, 171, 'Solicita: Magolla\n Area Emisora: Direccion de Sistemas\n Observacion: Prueba mant 1', '', NULL, NULL, NULL, NULL, NULL, 9185),
(363, '2017-06-22', 31, 159, 'Solicita: 1706211601 \n Area Emisora: Delegación Catedral\n Observacion: Empleo solicita adecuar espacio esqui social\n Mensaje de farroyo: 20 litros de pintura exterior blanca\n20 litros pintura inrerior blanca\n2 pinceles Nº 30\n1 rodillo\n\n Mensaje de farroyo: \n$\n3000', '', NULL, NULL, NULL, NULL, NULL, 9185),
(364, '2017-06-22', 31, 221, 'Solicita: 1706211319\n Area Emisora: Turismo Centro Cívico\n Observacion: solicitan instalación de:\n2 dos protectores para enchufes pàra niños\n2 Tomas de aplicar externos\n1 tira de cable canal\n\n Mensaje de farroyo: 2 ncncambre\n\n Mensaje de farroyo: $3000\n Mensaje de farroyo: 143-DMI-17\nPA2356', '', NULL, NULL, NULL, NULL, NULL, 9185),
(365, '2017-06-22', 31, 221, 'Solicita: 1706211319\n Area Emisora: Turismo Centro Cívico\n Observacion: Dirección de Mantenimiento\nÁrea de Electricidad\n \nDe acuerdo a lo conversado con Alberto (de la División Electricidad) en su última visita al Departamento de Informes y Atención al Turista, para la mejora de la instalación eléctrica en cocina del Personal de Informes Turísticos, solicitamos nos confirmen la descripción correcta de los materiales necesarios para el arreglo, a fin de solicitar la compra de los materiales a Suministros:\n-(2) dos protectores para enchufes (tapas de protección para niños para tomas de salón)\n-(2) dos tomas de aplicar externos (uno para cocina otro para salón para enchufar luz de emergencia)\n-(1) una tira de cable canal (medidas?)\n \nDesde ya muchas gracias.\nAtentamente.\n\n', '', NULL, NULL, NULL, NULL, NULL, 9185),
(366, '2017-06-22', 31, 177, 'Solicita: 1706211319\n Area Emisora: Turismo Centro Cívico\n Observacion: Departamento de Mayordomía\nPor la presente informamos que continúa roto el sistema de descarga de agua del depósito de uno de los inodoros en el baño público de mujeres, Centro Cívico. (una varilla del flotante está quebrada). Por lo cual el mismo se encuentra clausurado.\n\nAtentamente.\n \nLic. Verónica Martín a/c\nDepto. de Informes y Atención al Turista\nSecretaría de Turismo y Producción\n\n Mensaje de farroyo: Corresponde a Orden de Trabajo 3557', '1000', NULL, NULL, '0215-DMI-17', '00---------', NULL, 9185),
(367, '2017-06-22', 31, 146, 'Solicita: 1706212319\n Area Emisora: Turismo Centro Cívico\n Observacion: Departamento de Mayordomía\n Informamos que algunas de las ventanas de los baños públicos en centro cívico les falta la chapita que traba la falleba, (dificultando que queden correctamente cerradas), y el pasador de la puerta del baño accesible está roto.\nAtentamente.\n \nLic. Verónica Martín a/c\nDepto. de Informes y Atención al Turista\nSecretaría de Turismo y Producción\n\n Mensaje de farroyo: corresponde a Orden de Trabajo 3654', '', NULL, NULL, NULL, NULL, NULL, 9185),
(368, '2017-06-22', 31, 157, 'Solicita: 1706221200\n Area Emisora: Terminal de Omnibus\n Observacion: Por la presente se solicita el relevamiento para tomar medidas para la fabricacion de muebles, para guardar los insumos de limpieza en terminal de omnibus sector donde se encuentran los agentes de limpieza y en transito y transporte hablar con flavia para que se lo oriente o llamar a javier celular:154308226. en estos muebles se guardarian lo insumos en general.\n \n \nsin mas me despido atentamente\n Departamento de Mayordomia - division limpeza \n\n Mensaje de farroyo: Corresponde a Orden de trabajo 3655\n\n Mensaje de fmunch: t 368 mueble terminal\n \n- 2 placas fibrofacil  de 18mm según cortes adjuntos\n- 1 placa defibrofacil de 6mm\n- 400 tornillos 19 - 45 \n- 1 kg cola tipo fortex\n- 25 ml de 1 x 1\n- 12 bisagras tipo t de 4” con tornillos y tuercas\n- 4 pasadores 2” x 3”\n- 2 portacandado de 2” x 3”\n- 4 retenes de rodillo\n- 1 candado mediano\n- 1 porta candado mediano \n enviado madeco 11/8/2017\n \n24/08/17 Mensaje de fmunch: se agrega   - 1 lts cetol\n24/08/17 Mensaje de fmunch: reenviado 24/8/2017\n25/08/17 Mensaje de fmunch: hola esta es la lita definitiva\n\n- 2 placas fibrofacil  de 18mm según cortes adjuntos\n- 1 placa defibrofacil de 6mm\n- 400 tornillos 19 - 45 \n- 1 kg cola tipo fortex\n- 25 ml de 1 x 1\n- 12 bisagras tipo t de 4” con tornillos y tuercas\n- 4 pasadores 2” x 3”\n- 2 portacandado de 2” x 3”\n- 4 retenes de rodillo\n- 1 candado mediano\n- 1 porta candado mediano \n- 4 lts cetol cedro\n25/08/17 Mensaje de fmunch: PRECIO TOTAL:$5.800', '6500', NULL, NULL, NULL, '0301-DMI-17', NULL, 9185),
(369, '2017-06-22', 31, 221, 'Solicita: 1706211319\n Area Emisora: Turismo Centro Cívico\n Observacion: Dirección de Mantenimiento\nÁrea de Electricidad\n \nDe acuerdo a lo conversado con Alberto (de la División Electricidad) en su última visita al Departamento de Informes y Atención al Turista, para la mejora de la instalación eléctrica en cocina del Personal de Informes Turísticos, solicitamos nos confirmen la descripción correcta de los materiales necesarios para el arreglo, a fin de solicitar la compra de los materiales a Suministros:\n-(2) dos protectores para enchufes (tapas de protección para niños para tomas de salón)\n-(2) dos tomas de aplicar externos (uno para cocina otro para salón para enchufar luz de emergencia)\n-(1) una tira de cable canal (medidas?)\n \nDesde ya muchas gracias.\nAtentamente.\n\n\n Mensaje de fmunch: T360 refacción enchufes de personal informes turísticos\n \n2 dos protectores para enchufes (tapas de protección para niños) \n2 dos tomas de aplicar externos \n1 una tira de cable canal de 3/4\n \n Mensaje de fmunch: 10/07/2017 12:42 enviado a pizutti\n Mensaje de farroyo: Corresponde a OT 3650\n\n Mensaje de fmunch: PRECIO TOTAL: $ 700\n Mensaje de fmunch: ya estan los materiales sambueza', '550', NULL, NULL, NULL, '0228-DMI-17', NULL, 9185),
(370, '2017-06-22', 31, 222, 'Solicita: 1706221109\n Area Emisora: Concejo Municipal\n Observacion: Buenos días Fernando, por favor necesito arreglar algunas cuestiones de \nelectricidad en la oficina de un concejal, dado que están teniendo \nvarios inconvenientes y se les apaga la computadora continuamente, \nporque se quedan sin luz.\n\n\n\nGracias\n\n-- \nClaudia Haneck\nSecretaria Legislativa\nConcejo Municipal Bariloche\n\n Mensaje de asambueza: se fue al lugar se soluciono el tema.se informo que no conecten calobentores en la linea de computos\n Mensaje de farroyo: corresponde a OT3651\n', '', NULL, NULL, NULL, '00---------', NULL, 9185),
(371, '2017-06-22', 31, 144, 'Solicita: 1706221109\n Area Emisora: Concejo Municipal\n Observacion: Buenos días Fernando, por favor tenemos que reparar con urgencia algunas goteras que \ntiene el pasillo de ingreso a la sala de sesiones.\n\nGracias\n\n-- \nClaudia Haneck\nSecretaria Legislativa\nConcejo Municipal Bariloche\n\n Mensaje de farroyo: Corresponde a OT 3010\n', '', NULL, NULL, NULL, NULL, NULL, 9185),
(372, '2017-06-22', 31, 211, 'Solicita: 1706221121\n Area Emisora: CDI Iglesias\n Observacion: A: Dirección de mantenimiento\n \n   Por medio de la presente solicitamos que se pueda acercar a la institución , lo antes posible,  un electricista, ya que la tecla de luz de sala deambuladores esta realizando un corto circuito, dejando sin luz a dos salas.\n \n \nSaluda atte.\nPatricia  Parra.\n Mensaje de farroyo: corresponde a OT3652\n', '', NULL, NULL, NULL, '00---------', NULL, 9185),
(373, '2017-06-22', 31, 225, 'Solicita: 1706211403\n Area Emisora: Terminal de Omnibus\n Observacion: A:Dirección de Mantenimiento\n\nCC:Jefe de Terminal de Ómnibus MSCB\n \nDirección de Mantenimisnto\nPor la presente solicitamos la revisión del puesto de Informes deTerminal de Ómnibus, ubicado en sala de espera sector central, a fin de realizar mejoras y repaciones varias:\n \nElectricidad\nPor favor verificar la instalación eléctrica de dicho puesto (estado y seguridad), tener en cuenta que necesitamos un toma para enchufar pc, celular y otro para eventualmente en invierno conectar un caloventor o pava electrica. \nQuiero comentarles al respecto de los tomas a la vista del público, tenemos el inconveniente que cuando el personal de Informes no está en el puesto, los pasajeros que esperan se meten en el puesto a enchufar sus celulares. \nTener en cuenta además la necesidad de mejora de la iluminación sobre el puesto ya sea agregando o cambiando tubo fluorescente de luz sobre dicho puesto (tubo mediano fino). \nVer además, estado actual de cable telefónico y ficha de conexión a internet en puesto (factibilidad de conexión a internet si hubiera).\n \nDesde ya muchas gracias, aguardo sus comentarios. \nAtentamente.\n  \nLic. Verónica Martin a/c\nDepartamento de Informes y Atención al Turista\nSecretaría de Turismo y Producción\nMunicipalidad de San carlos de Bariloche\ninformesturmscb@bariloche.gov.ar\nTE (0294) 4625508\n \n \n\n Mensaje de farroyo: corresponde a OT3653\n', '1100', NULL, NULL, NULL, '0228-DMI-17', NULL, 9185),
(374, '2017-06-22', 31, 145, 'Solicita: 1706211403\n Area Emisora: Terminal de Omnibus\n Observacion: A:Dirección de Mantenimiento\n\nCC:Jefe de Terminal de Ómnibus MSCB\n \nDirección de Mantenimisnto\nPor la presente solicitamos la revisión del puesto de Informes deTerminal de Ómnibus, ubicado en sala de espera sector central, a fin de realizar mejoras y repaciones varias:\n \n\nCarpintería\nAsimismo solicitamos la reparación y mejora del mueble mostrador de dicho puesto, el mismo tiene un estante caído, falta de barniz y pintura blanca en mal estado. Por favor verificar el estado de dicho mueble e informar los materiales necesarios requeridos a fin de gestionar su pronta reparación.\n \n\nDesde ya muchas gracias, aguardo sus comentarios. \nAtentamente.\n  \nLic. Verónica Martin a/c\nDepartamento de Informes y Atención al Turista\nSecretaría de Turismo y Producción\nMunicipalidad de San carlos de Bariloche\ninformesturmscb@bariloche.gov.ar\nTE (0294) 4625508\n \n \n\n Mensaje de farroyo: corresponde a OT3656\n', '', NULL, NULL, NULL, NULL, NULL, 9185),
(375, '2017-06-26', 31, 197, 'Solicita: Sociales; Ivana\n Area Emisora: sociales\n Mensaje de farroyo: corresponde a OT 3657\n', '', NULL, NULL, NULL, '00---------', NULL, 9185),
(376, '2017-06-26', 31, 224, 'Solicita: Tránsito; Archivo PB\n Area Emisora: Tránsito\n Mensaje de farroyo: corresponde a OT3658\n', '', NULL, NULL, NULL, '00---------', NULL, 9185),
(377, '2017-06-26', 31, 202, 'Solicita: CDI Malvinas\n Observacion: Encender caldera\n Mensaje de farroyo: corresponde a OT3659\n', '', NULL, NULL, NULL, '00---------', NULL, 9185),
(378, '2017-06-26', 31, 202, 'Solicita: Moreno y Ruiz Moreno\n Area Emisora: Departamento de Sueldos, Fabiana\n Observacion: Encender Caldera sector Sueldos\n Mensaje de farroyo: corresponde a OT3660\n', '', NULL, NULL, NULL, '00---------', NULL, 9185),
(379, '2017-06-27', 31, 204, 'Solicita: CDI Malvinas-Pomeba\n Area Emisora: Promeba\n Observacion: Me dirijo a esta Dirección por indicación del Ing. Milano, para solicitar la conexión de los servicios de Energía Eléctrica y Gas en el portal (contenedor) ubicado en las intersecciones de las calles Malvina Soledad e Islas del Sur, B° Nahuel Hue, en cercanías del CAAT N°8. \n\n\nEste Portal tiene como destino ser las oficinas del equipo de campo de PROMEBA.\n\n\nLa urgencia del pedido radica en que hasta que no tenga luz y gas no se puede utilizar.\n\n\nAdjunto imágenes de las instalaciones internas.\n\n\nQuedo a la espera de su respuesta.\n\n\n\n\nCordialmente\n', '', NULL, '379.jpg', NULL, NULL, NULL, 9185),
(380, '2017-06-27', 31, 157, 'Solicita: Catastro\n Area Emisora: Catastro\n Observacion: Solicitan 12 elevadores de madera para monitores nuevos\n Mensaje de farroyo: corresponde a OT3672\n', '', NULL, NULL, NULL, NULL, NULL, 9185),
(381, '2017-06-27', 31, 224, 'Solicita: Tránsito\n Area Emisora: Tránsito\n Observacion: Flavia de Transito solcita ver corte de energía en un sector\n Mensaje de farroyo: corresponde a OT3671\n', '', NULL, NULL, NULL, '00---------', NULL, 9185),
(382, '2017-06-27', 31, 222, 'Solicita: Palacio Minicipal\n Area Emisora: Despacho de Gobierno\n Observacion: Zapatilla no funciona en despacho de Gobierno\n Mensaje de asambueza: para cambiar zapatilla y mejorar la instalacion de dicho reclamo es nesesario la compra de los siguientes materiales.\n4 tiras de cable canal 18x21 con autoadecivo.\n15 metros de cable tpr 3x1,5 mm \n1 zapatilla tipo cambre con cable de 3 metros \n30 tornillos t2\n\n Mensaje de fmunch: (se envio a pizuti) 06/07/2017 8:43 \n Mensaje de fmunch: PRECIO TOTAL: $800\n Mensaje de asanders: Se genero Nota Nº 229-DMI-17.  A Jefatura de gabinete. 10/07/2017', '1000', NULL, NULL, NULL, '0229-DMI-17', NULL, 9185),
(383, '2017-06-27', 31, 212, 'Solicita: Mecánica\n Area Emisora: Macánica\n Observacion: Herreria de Mecánica cambiar farola\n Mensaje de farroyo: Responder OT3669\n', '', NULL, NULL, NULL, '00---------', NULL, 9185),
(384, '2017-06-27', 31, 150, 'Solicita: Obras por Contrato\n Area Emisora: Vanesa\n Observacion: Colocar Pizarra en ofician de Obrad por Contrato, \n Mensaje de farroyo: Correspnde OT3668\n', '', NULL, NULL, NULL, '00---------', NULL, 9185),
(385, '2017-06-27', 31, 141, 'Solicita: Palacio Municipal\n Area Emisora: Despaco de Gobierno\n Observacion: Solicitan poner cerradura de tammbor a un mueble . Fabiana\n Mensaje de farroyo: Responder OT3667\n', '', NULL, NULL, NULL, NULL, NULL, 9185),
(386, '2017-06-27', 31, 189, 'Solicita: Verterdero Municipal\n Area Emisora: Bascula Oficina\n Observacion: Sector Oficina de bascula sin agua\n Mensaje de farroyo: Corresponde a OT3666\n', '', NULL, NULL, NULL, '00---------', NULL, 9185),
(387, '2017-06-27', 31, 204, 'Solicita: Cenctro Cultural 270 Viv.\n Area Emisora: Cultura\n Observacion: Solcitan ver para instalar tubos robados del centro los elementos faltantes\n\n04/08/17 Mensaje de asanders: 03/08/17 avisan que ya están los materilales. habló Graciela. \n07/08/17 Mensaje de asanders: 07/08/2017 Marisa Avisa que se  deberá coordinar horario con el señor David Varano \nCelular Nº 154-680111 . \n15/08/17 Mensaje de dcomiquil: A la espera de q encuentren los tubos', '2000', NULL, NULL, NULL, '0221-DMI-17', NULL, 9185),
(388, '2017-06-27', 31, 214, 'Solicita: Esqui Social\n Area Emisora: Delegación Catedral\n Observacion: Solcitan mejorar iluminación sector de esqui social en cerro caterdral\n Mensaje de farroyo: Corresponde OT3662\n', '', NULL, NULL, NULL, NULL, NULL, 9185),
(389, '2017-06-27', 31, 177, 'Solicita: esqui Social\n Area Emisora: Delgación Catedral-Sociales\n Observacion: Refugio del programa Esquí Social. Solicitan reparación de cocina y conexión de agua en la bacha. 2944694562', '', NULL, NULL, NULL, NULL, NULL, 9185),
(390, '2017-06-27', 31, 175, 'Solicita: Esqui Social-Catedral\n Area Emisora: Delegación catedral Sociales\n Observacion: Solictan reparaciones verias. Prado', '', NULL, NULL, NULL, NULL, NULL, 9185),
(391, '2017-06-27', 31, 141, 'Solicita: Esquí Social-Catedral\n Area Emisora: Delegación Catdral Sociales\n Observacion: Solcitan pintura del sector Esqui´social en el cerro CatedraL\n', '', NULL, NULL, NULL, NULL, NULL, 9185),
(392, '2017-06-27', 31, 159, 'Solicita: Esqui Social -Catedral\n Area Emisora: Delegación Catedral-Sociales\n Observacion: Solcitan Pintar el sector de esquis social en el cerro catedral', '', NULL, NULL, NULL, NULL, NULL, 9185),
(393, '2017-06-28', 31, 157, 'Solicita: 1705191406-pudu pudu\n Area Emisora: Pudu Pudu\n Observacion: Norma solcita adeduar un mueble, cortarlo.', '', NULL, NULL, NULL, NULL, NULL, 9185),
(394, '2017-06-28', 31, 236, 'Solicita: Club de Día 2 de Abril-Nota:507-SDSDyC/DAC\n Area Emisora: Sociales\n Observacion: Se solicita adecuacion de ingreso. 154502239 o 154393857.', '', NULL, NULL, NULL, NULL, NULL, 9185),
(395, '2017-06-28', 31, 178, 'Solicita: Cintia Tabella Subsecretaria de PLANEAMIENTO\n Area Emisora: Subsecretaria de Planeamiento\n Observacion: Solcitan reparar perdidad de ola mochila del bañito del sector', '', NULL, NULL, NULL, '00---------', NULL, 9185),
(398, '2017-06-28', 31, 188, 'Solicita: TURISMO VILLEGAS 1706221204\n Area Emisora: MAYORDOMIA\n Observacion: SOLICITAN REPARACIÓN DE CUERITO DE CANILLA DE BACHA Y MANIJA DE DESCARGA EN BAÑO DE VARONES', '', NULL, NULL, NULL, NULL, NULL, 9185),
(399, '2017-06-28', 31, 178, 'Solicita: CAAT 1\n Area Emisora: SOCIALES NOTA: 522-SDSDy DAC-17\n Observacion: Solicita reparación de inodoro\n28/09/17 Mensaje de farroyo: Reclamo por esta tarea', '', NULL, NULL, NULL, NULL, NULL, 9185),
(400, '2017-06-28', 31, 208, 'Solicita: Centro Comunitario Eva Perón\n Area Emisora: sociales Nota: 523-SDSDyC DAC-17\n Observacion: colocar una cocina. Tel 2944505377. Llamara antes de ir\n', '', NULL, NULL, NULL, NULL, NULL, 9185),
(401, '2017-06-28', 31, 152, 'Solicita: Centro Comunitario Barrio Unón\n Area Emisora: socuiales. Nota: 537-SDSDyC DAC-17\n Observacion: Solicita construcción de estantes y colocación. Tel 2944639700. Llamar antes de ir', '', NULL, NULL, NULL, NULL, NULL, 9185),
(402, '2017-07-03', 31, 178, 'Solicita: Marcelo\n Area Emisora: cancejo municipal\n Observacion: Pierde baño Nº 11 primer piso del concejo\n Mensaje de farroyo: Buen día Fernando, te comento estamos con algún problema en uno de los \nbaños del concejo xq se está inundando. Necesitamos si hoy sin falta si \nlo pueden venir a ver.\n\nGracias\n\n-- \nClaudia Haneck\nSecretaria Legislativa\nConcejo Municipal Bariloche\n', '', NULL, NULL, NULL, '00---------', NULL, 9185),
(403, '2017-07-03', 31, 218, 'Solicita: Delegción Lago Moreno-Valle\n Area Emisora: Delegción Lago Moreno\n Observacion: Tiene un corto en el Hipodromo, Salta disjuntor todo el tiempo. Pasr a buscar la llave en la Delegación Lago Moreno', '', NULL, NULL, NULL, '00---------', NULL, 9185),
(404, '2017-07-03', 31, 227, 'Solicita: CDI Iglesias-Rojel\n Area Emisora: CDI Iglesias\n Observacion: Solicitan ejecución de una rampa de acceso por calle Mascardi para mercancias y Amurar portones solictado sobre esa \ncalle y sobre calle Parraviccini.\n', '', NULL, NULL, NULL, NULL, NULL, 9185),
(405, '2017-07-03', 31, 169, 'Solicita: CDI Iglesias-rojel\n Area Emisora: CDI Iglesias\n Observacion: Solicitan ejecucion de Portones nuevos sobre calle Mascardi y sobre Calle Parraviccini.\n Mensaje de fmunch: materiales y cotizacion\not:405 portón corredizo en caño estructural para guardería iglesias\n\n-4 caños estructurales 80 x 40 x 6ml \n-3 caño estructural 40 x 40 x 6ml \n-2 lts antioxido negro \n-6 barras de hierro Angulo de 1” x 1/8”x 6ml \n-2 barras de hierro Angulo de  1” x 1/4” \n-2 planchuelas lisas de 1”x 1/4” x 6ml \n-20 m2  de malla de metal expandido rombo de 13 x 7 \n-4 ruedas tipo v de 50 mm para portón corredizo con rulemanes \n-2 pares de ruedas de polietileno con pernos \n-3 kg electrodos de 2,5mm punta azul \n-3 discos de corte de 7” \n-3 discos de corte de 4,5”\n\nPRECIO TOTAL: $11.000\n', '13000', NULL, NULL, NULL, '0249-DMI-17', NULL, 9185),
(406, '2017-07-03', 31, 177, 'Solicita: 543-SDSDyC DAC-Alejandra Sandobal\n Area Emisora: Centro Comunitario Barrio Unión\n Observacion: Solicitan reparar los baños del Centro Comunitario Bario Unión- Dependientes del CAAT 9- 2944639700\n Mensaje de fmunch: materiales\n- 4 correas escamadas para descarga de mochila ferrum\n- 1 sopapa de diametro 40\n- 1 descarga corrugada para lavatorio\n- 1 griferia monocomando para lavatorio\n- 2 pulsadores para mochila florencia marca ferrum\n- 2 tapa agujeros para lavatorio\n Mensaje de fmunch: enviado para presupuesto 27/07/2017 09:07\n Mensaje de fmunch: PRECIO TOTAL $2.800', '3000', NULL, NULL, NULL, '0280-DMI-17', NULL, 9185),
(407, '2017-07-03', 31, 152, 'Solicita: 542-SDSDyC DAC-Alejandra Sandobal\n Area Emisora: Centro Cominutari Integral-CIC 34HAS\n Observacion: Solicitan Arreglos de mesas y escritorios en Centro Cominutari Integral-CIC 34HAS dependiente del CAAT 9 -2944639700', '', NULL, NULL, NULL, NULL, NULL, 9185),
(408, '2017-07-03', 31, 222, 'Solicita: Palacio Municipal- Gabriela\n Area Emisora: Secretaria de Gobierno\n Observacion: Solicitan ver Zapatilla de Gobierno porque no funciona y no pueden usar computadora ni telefono de la Intendencia.', '', NULL, NULL, NULL, NULL, NULL, 9185),
(409, '2017-07-03', 31, 221, 'Solicita: PROMEBA EN CDI MALVINAS- Milano 1706261651\n Area Emisora: Secretaría der Obras Publicas\n Observacion: Me dirijo a esta Dirección por indicación del Ing. Milano, para solicitar la conexión de los servicios de Energía Eléctrica y Gas en el portal (contenedor) ubicado en las intersecciones de las calles Malvina Soledad e Islas del Sur, B° Nahuel Hue, en cercanías del CAAT N°8. \n\n\nEste Portal tiene como destino ser las oficinas del equipo de campo de PROMEBA.\n\n\nLa urgencia del pedido radica en que hasta que no tenga luz y gas no se puede utilizar.\n\n\nAdjunto imágenes de las instalaciones internas.\n\n\nQuedo a la espera de su respuesta.\n\n\n\n\nCordialmente\n-- \n\nRicardo D. Martín\n(294) 15 425 0797\n Mensaje de farroyo: Alberto: En principio se va a conectar desde un tablero provisorio que colocará la CEB en el Poste donde despues conectaremos al CDI\nosea que debemos tener o pedir un sintenac desde el Poste al Conetiner con capacidad para dos split de 3000W. Supungo\n Mensaje de farroyo: Me dicen que son los que se pusieron en personal cuando no había Gas\n Mensaje de asambueza: tenemos los materiales se solicita que nos avisen cuando este colocado el medidor de obra\n Mensaje de fmunch: por ahora no pido materiales', '', NULL, '409.jpg', NULL, NULL, NULL, 9185),
(410, '2017-07-03', 31, 208, 'Solicita: Eduardo-1706261418\n Area Emisora: Biblioteca Alfonsín\n Observacion: Biblioteca Alfonsín OT:8 Reclamo\nEstimado Fernando Arroyo \nAqui te escribo pidiendo la instalación, funcionamiento del termotanque que instalaron el pasado año habida cuenta que el personal de limpieza no tiene aún suministro de agua caliente en la cocina.\nAgradezco pronta respuesta y ..¡bienvenidos! \nAtentamente, \nEduardo \n \n\n\n\n04/08/17 Mensaje de epainefil: a la espera de cambio de griferia para mesada\n23/08/17 Mensaje de fmunch: se pide griferia?\n06/09/17 Mensaje de fmunch: ??', '', NULL, NULL, NULL, NULL, NULL, 9185),
(411, '2017-07-03', 31, 178, 'Solicita: Turismo Edificio Centro Cívico Lic. Verónica Martín -1706271149\n Area Emisora: Depto. de Informes y Atención al Turista\n Observacion: Departamento de Mayordomía\nPor la presente informamos que el día de ayer por la tarde apareció rota la palanca del sistema de descarga de agua del otro inodoro del baño público de mujeres en c.cívico. Y el flexible del lavatorio de ese mismo baño pierde agua.\nAsimismo continúa roto el sistema de descarga de agua del depósito del inodoros del baño público de mujeres (una varilla del flotante está quebrada). Por lo cual el mismo se encuentra clausurado.\nAtentamente.\n \nLic. Verónica Martín a/c\nDepto. de Informes y Atención al Turista\nSecretaría de Turismo y Producción\nMunicipalidad de San Carlos de Bariloche\ninformesturmscb@bariloche.gov.ar\nTE (0294) 4428675\n\n Mensaje de lsandoval: reparasion provisoria se pidieron materiales para un obtimo funsionamiento\n Mensaje de fmunch: ¿se selicitaron los materiales a turismo?', '', NULL, NULL, NULL, NULL, NULL, 9185),
(412, '2017-07-03', 31, 150, 'Solicita: Nora Redondo-1706281236\n Area Emisora: Delegación Lago Moreno\n Observacion: Buen día: el motivo de este mail es pedirles o bien recordar que falta terminar la división que realizaron en la oficina.\nLo más importante sería el cajón para el cajero con cerradura y el tambor o cerradura para el mueble.\nPor favor. no nos olviden \n \nnora redondo\n Mensaje de fmunch: ot: 412 refacción de mueble lago moreno\n\n1 cola de carpintero A20 fortex x 1/2 kg \n50 tornillos dorados para madera (19) 3,5 x 35 \n2 cerradura tipo marle 511 x 20 aplicar \n1 cerradura tipo evergood 105 cromada \n1 lts de setol caoba satinado \n1 lts aguarras \n1 pincel nº20\ntotal: $1.200\nnota: lo compran ellos con sus fondos mandar meil\n \n\n Mensaje de asanders: viernes, 07 de julio de 2017 12:02\nBuenos días:\n                       Por medio del presente y según lo acordado se envía listado de materiales para la reparación de mueble para esa Delegación:\n \n Refacción de mueble Lago Moreno: Ticket Nº  412.\n  1 Cola de carpintero A20 fortex x 1/2 kg. \n50 Tornillos dorados para madera (19) 3,5 x 35. \n  2 Cerradura tipo marle 511 x 20 aplicar. \n  1 Cerradura tipo evergood 105 cromada. \n  1 Lts de "Cetol" color  caoba satinado. \n  1 Lts aguarras. \n  1 Pincel nº20.\ntotal: $1.200  \n \n', '1200', NULL, NULL, NULL, NULL, NULL, 9185),
(413, '2017-07-03', 31, 221, 'Solicita: MIRIAM-1706282059\n Area Emisora: CDI Malvinas\n Observacion: SOLICITO LA INSTALACIÒN DE UN ENCHUFE  ARRIBA DE LA MESADA EN LA COCINA.SALUDOS CORDIALES MIRIAM\n Mensaje de asambueza: se coloco el toma pedido con materiale nuestro y se necesita la repocicion los materiales son los siguiente.\n3 tiras de cable canal 18x21 con autoadecivo\n10 metros de cable tpr 3x1,5 mm\n1 toma de aplicar doble \n\n\n Mensaje de fmunch: 06/07/2017 10:01\n Mensaje de fmunch: a pizutti\n Mensaje de fmunch: PRECIO TOTAL:$400', '600', NULL, NULL, NULL, '0272-DMI-17', NULL, 9185),
(414, '2017-07-03', 31, 177, 'Solicita: CAAT Nº 5-1706291357\n Area Emisora: Sociales\n Observacion: Buenas Tardes: Por medio de la presente solicitamos tenga a bien gestionar personal para llevar a cabo mantenimiento en el baño del CAAT Nº 5, de forma urgente,  ya que el inodoro se encuentra inutilizable. Para coordinacion comunicarse con Juanita cel: 2944-605384\n \n', '', NULL, NULL, NULL, NULL, NULL, 9185),
(415, '2017-07-03', 31, 222, 'Solicita: 545-SDSDyC DAC-17-Alejandra Sandoval\n Area Emisora: Hotelitos 10 de Diciembre-Casa841-Dpto3\n Observacion: Solcitan cambio de enchufe y Presupuesto y colocación de luz de emergencia\n Mensaje de farroyo: nro contacto:2944502239\n Mensaje de asambueza: se fue al area y se coloco un toma nuevo', '', NULL, NULL, NULL, '00---------', NULL, 9185),
(416, '2017-07-03', 31, 187, 'Solicita: 544-SDSDyC DAC-17-Alejandra Sandoval\n Area Emisora: Club de día 2 de Abril\n Observacion: Solicitan colocación de lavarropas: conexión de agua y desagüe te: Contacto 2944502239\n Mensaje de farroyo: COORDINAR VISITA CON ELECTRICOS', '', NULL, NULL, NULL, '00---------', NULL, 9185),
(417, '2017-07-03', 31, 221, 'Solicita: 544-SDSDyC DAC-17-Alejandra Sandoval\n Area Emisora: Club de día 2 de Abril\n Observacion: Solicitan colocación de Lavarropa: Toma corrienten tel- de contacto: 2944502239. COORDINAR VISITA CON LOS PLOMEROS', '', NULL, NULL, NULL, NULL, NULL, 9185),
(418, '2017-07-03', 31, 178, 'Solicita: Scum-Prado\n Area Emisora: SCUM\n Observacion: Solcitan reparación de depósito de inodoro', '', NULL, NULL, NULL, '00---------', NULL, 9185),
(419, '2017-07-04', 31, 175, 'Solicita: Cristian Ampuero\n Area Emisora: Seguridad e Higiene\n Observacion: Solicita adecuar un tacho 200 L para pruba de matafuegos', '', NULL, NULL, NULL, '00---------', NULL, 9185),
(420, '2017-07-04', 31, 177, 'Solicita: Juanita cel: 2944-605384 \n Area Emisora: CAAT 5\n Observacion: Buenas Tardes: Por medio de la presente solicitamos tenga a bien gestionar personal para llevar a cabo mantenimiento en el baño del CAAT Nº 5, de forma urgente,  ya que el inodoro se encuentra inutilizable. Para coordinacion comunicarse con Juanita cel: 2944-605384\n \n\n Mensaje de lsandoval: se hiso pedido correspondiente', '', NULL, NULL, NULL, NULL, NULL, 9185),
(421, '2017-07-04', 31, 207, 'Solicita: Ampuero-1706301909\n Area Emisora: Moreno y Ruiz Moreno\n Observacion: Solicitan revisar cocina, se cerro la llave de paso.', '', NULL, NULL, NULL, '00---------', NULL, 9185),
(422, '2017-07-04', 31, 213, 'Solicita: Lucía 1707031100\n Area Emisora: CDI Araucaria\n Observacion: Hola!\nNecesito realizar los siguientes pedidos de mantenimiento:\n\nCDI Araucaria:\n-Necesitamos arreglar dos luces (hall frio y exterior) y realizar el\nrelevamiento de materiales para cocolor una luz exterior mas\n\nGracias!\nLucía\n\n Mensaje de asambueza: materiales nesesarios para la colocacion de iluminacion de exterior.\n20 metros de cable tpr de 3x1,5 mm\n1 farola tipo calle culote goleat \n1 lampara de 65 wats culote goleat\n1 cinta aisladora 3m grande \n1 caja de grampas para tpr de 3x1,5 mm\n1 fotocelula con base de 10 amperes\n Mensaje de fmunch: T 422 CDI Araucaria:\nMensaje de asambueza: materiales necesarios para la colocación de iluminación de exterior.\n \n20 metros de cable tpr de 3x1,5 mm \n1 farola tipo calle culote goleat \n1 lámpara de 65 wats culote goleat \n1 cinta aisladora 3m grande \n1 caja de grampas para tpr de 3x1,5 mm \n1 fotocelula con base de 10 amperes\n\n Mensaje de fmunch: 10/07/2017 13:06 enviado a pizutti\n Mensaje de fmunch: PRECIO TOTAL: $ 3.200', '3500', NULL, NULL, NULL, '0252-DMI-17', NULL, 9185),
(423, '2017-07-04', 31, 200, 'Solicita: Lucia 1707031100\n Area Emisora: CDI Arco Iris\n Observacion: Hola!\nNecesito realizar los siguientes pedidos de mantenimiento:\n\nCDI Arco Iris Magico:\n- Les recuerdo de la revisión del calefactor del pasillo que no funciona\n\nGracias!\nLucía\n', '', NULL, NULL, NULL, '00---------', NULL, 9185),
(424, '2017-07-04', 31, 221, 'Solicita: Montes Taller Vial\n Area Emisora: Dinara\n Observacion: Avisa que llego amoladora de banco. Solicitan instalación', '', NULL, NULL, NULL, '00---------', NULL, 9185),
(425, '2017-07-04', 31, 222, 'Solicita: Servicio Técnico 1707040828\n Area Emisora: Delegación Catedral\n Observacion: Hola buen día\n\n                     Por este medio  se solicita la provisión e \ninstalación de una zapatilla eléctrica para la alimentación del reloj en \nla Delegación Catedral .-\n\nAtentamente\n\nServicio Técnico.\n\n\n Mensaje de fmunch: T 425 delegacion catedral coneccion de zapatilla\n\n- 1 zapatilla tipo cambre de 5 modulos\n- 1 tira de cable canal de 18 x 21 con autohadecuvo\n\nPRECIO TOTAL: $500\n\n', '1000', NULL, NULL, NULL, '0P.A-3880', NULL, 9185),
(426, '2017-07-04', 31, 142, 'Solicita: Maciel\n Area Emisora: Mecánica\n Observacion: Solicita poder poenr cerraduras al cajón de su escritorio\n Mensaje de fmunch: ot: 426 taller Maciel refacción de cerraduras\n\n1 cerradura tipo marle 511 x 20 aplicar \n2 cerradura tipo evergood 105 cromada \n\ntotal: $1.000\n\n\n\n Mensaje de fmunch: me olvide de decirte q lo compran ellos ok\n Mensaje de asanders: Buenos días:\n                     Por medio del presente, en referencia a las cerraduras para escritorio de su oficina,  se solicita la compra de:\n\n  \n1 Cerradura tipo marle 511 x 20 aplicar. \n2 Cerradura tipo evergood 105 cromada. \n \nCosto aproximado : $1.000\n \natte. Sanders Alejandra.\nAdministración Mantenimiento. \n \n\n Mensaje de asanders: lunes, 10 de julio de 2017 10:03\nBuenos días:\n                     Por medio del presente, en referencia a las cerraduras para escritorio de su oficina,  se solicita la compra de:\n\n  \n1 Cerradura tipo marle 511 x 20 aplicar. \n2 Cerradura tipo evergood 105 cromada. \n \nCosto aproximado : $1.000\n \natte. Sanders Alejandra.\nAdministración Mantenimiento. \n \n\n Mensaje de asanders: lunes, 10 de julio de 2017 10:03\nBuenos días:\n                     Por medio del presente, en referencia a las cerraduras para escritorio de su oficina,  se solicita la compra de:\n\n  \n1 Cerradura tipo marle 511 x 20 aplicar. \n2 Cerradura tipo evergood 105 cromada. \n \nCosto aproximado : $1.000\n \natte. Sanders Alejandra.\nAdministración Mantenimiento. \n \n', '', NULL, NULL, NULL, '00---------', NULL, 9185),
(427, '2017-07-04', 31, 209, 'Solicita: Daniela Ortíz\n Area Emisora: Recursos Humanos \n Observacion: Solcita reparar radiador que no calienta', '', NULL, NULL, NULL, '00---------', NULL, 9185),
(428, '2017-07-04', 31, 178, 'Solicita: Irene\n Area Emisora: Defensoria del pueblo\n Observacion: Solictan ver perdida de agua en caniila de la oficina de la defensora', '', NULL, NULL, NULL, '00---------', NULL, 9185),
(429, '2017-07-04', 31, 222, 'Solicita: Irene\n Area Emisora: Defensoria del pueblo\n Observacion: Solciotan cambiar foco y ver toma', '', NULL, NULL, NULL, NULL, NULL, 9185),
(430, '2017-07-04', 31, 193, 'Solicita: Gladis\n Area Emisora: CAAT 5\n Observacion: Solcitan destapar baño', '', NULL, NULL, NULL, '00---------', NULL, 9185),
(431, '2017-07-04', 31, 178, 'Solicita: Falvia\n Area Emisora: Tránsito\n Observacion: Baño de hombres pierde agua\n Mensaje de lsandoval: se reparo provisoria mente y se pidieron los materiales ', '', NULL, NULL, NULL, NULL, NULL, 9185),
(432, '2017-07-04', 31, 194, 'Solicita: Pato\n Area Emisora: CDI Pichi Che Ruca\n Observacion: Vacha pierde agua\n Mensaje de lsandoval: 10-7-17 Hoy llamó Patricia reclamando', '', NULL, NULL, NULL, '00---------', NULL, 9185),
(433, '2017-07-04', 31, 155, 'Solicita: Silvia\n Area Emisora: Recursos Humanos\n Observacion: Solicta repara mesa', '', NULL, NULL, NULL, '00---------', NULL, 9185),
(434, '2017-07-04', 31, 155, 'Solicita: silvia Recursos Humanos\n Area Emisora: Moreno y ruiz Moreno\n Observacion: Solcita reparar mesa', '', NULL, NULL, NULL, '00---------', NULL, 9185),
(435, '2017-07-04', 31, 217, 'Solicita: Miguel\n Area Emisora: Gimnasio 1\n Observacion: sin energía pasillos y baños', '', NULL, NULL, NULL, '00---------', NULL, 9185),
(436, '2017-07-05', 31, 186, 'Solicita: Miguel\n Area Emisora: Gimanasio 1\n Observacion: Perdida de agua en la pared ', '', NULL, NULL, NULL, '00---------', NULL, 9185),
(437, '2017-07-05', 31, 193, 'Solicita: Wodikca\n Area Emisora: Delegación El Condor\n Observacion: Solcitan destapar el baño de la oficina.', '', NULL, NULL, NULL, '00---------', NULL, 9185),
(438, '2017-07-05', 31, 235, 'Solicita: Patricia\n Area Emisora: CDI Iglesias\n Observacion: Solicitan eliminar todas los escalones del patio e ingreso por Rampas\n Mensaje de fmunch: listado de materiales guarderia iglesis T438\n\n- 25 boldad de cemento\n- 5 barras de hierro de diametro 10\n- 5 barras de hierro de diametro 6\n\ntotal:$ 7.000\n', '7000', NULL, NULL, NULL, '0251-DMI-17', NULL, 9185),
(439, '2017-07-05', 31, 212, 'Solicita: Viviana\n Area Emisora: Amulen\n Observacion: Dos dormitorios sin Luz\n Mensaje de asambueza: se fue al lugar y se repararon las luces de los dormitorios\n', '', NULL, NULL, NULL, '00---------', NULL, 9185),
(440, '2017-07-05', 31, 214, 'Solicita: Andres Mendoza\n Area Emisora: Corralón\n Observacion: Solicita iluminacion en vereda sur de Obras Particulares\n Mensaje de asambueza: para la iluminacion del sector se nesecitan los siguientes materiales.\n3 artefactos 10 wats \n20 metros de cable tpr 3x1,5 mm\n1 caja de grampas calop para tpr de 3x1,5\n Mensaje de fmunch: 10/07/2017 14:44 enviado a pizutti para presupuestar\n Mensaje de fmunch: adecuacion listado de materiales\n\n-3 reflectores a led de 30 wats \n-20 metros de cable tpr 3x1,5 mm\n-1 caja de grampas calop para tpr de 3x1,5\n\n\n Mensaje de fmunch: PRECIO TOTAL: $3.600\n05/09/17 Mensaje de farroyo: Llegó Material', '4000', NULL, NULL, NULL, 'P Ab-3957', NULL, 9185),
(441, '2017-07-05', 31, 141, 'Solicita: María Elena\n Area Emisora: Obrazs Particulares\n Observacion: Solicitan Reparar cerradura de puerta hacia el Sur salida de los baños de obras particulares, Patio trasero\n Mensaje de fmunch: t: 441 obras publicas cambio de cerradura\n\n- 1 cerradura kallay 4003\ntotal: $600\n Mensaje de farroyo: Sugiero que la cerradura sea marca Candex de 187mm entre agujeros', '', NULL, NULL, NULL, NULL, NULL, 9185),
(444, '2017-07-06', 31, 217, 'Solicita: Javier Mayordomia\n Area Emisora: Tribunal l\n Observacion: El sereno corto la luz por chisperio. solictan ir a dar energía viendo el sistema.\n Mensaje de asambueza: se fue al lugar se cambio socalo de tubo 105 se soluciono el problema', '', NULL, NULL, NULL, '00---------', NULL, 9185),
(445, '2017-07-06', 31, 213, 'Solicita: Norma Mitri\n Area Emisora: Pudu Pudu\n Observacion: Solicita instalar artefacto nuevo en el pasillo', '', NULL, NULL, NULL, '00---------', NULL, 9185),
(446, '2017-07-06', 31, 227, 'Solicita: Silva\n Area Emisora: Aserradero Municipal\n Observacion: Socilicitan ejecución de viga de fundacion de umbral para ejecución de de Portón corredizo, la longitud de esta viga es de 10 metros\n Mensaje de ohuenuman: Para la ejecución de esta tarea se necesitan los siguientes materiales:\n7 bolsas de cemento\n4 barras de diámetro 6\n6 barras de diámetro 10\n1Kg de almbre de atar\n1 m3 de ripio con arena \n Mensaje de fmunch: 06/07/2017 12:52 enviado a presupuestar a casa palm\n Mensaje de fmunch: Presupuesto Aserradero municipal ejecución de viga\n\n7 bolsas de cemento                     $ 1600\n4 barras de diámetro 6                 $ 400\n6 barras de diámetro 10               $ 1000\n2 Kg de almbre de atar                 $ 200\n1 m3 de ripio con arena               $ 600\n\nTOTAL: $3.800', '5500', NULL, NULL, NULL, 'P.Ab-3958', NULL, 9185),
(447, '2017-07-06', 31, 186, 'Solicita: Valeria \n Area Emisora: 24 de Setiembre\n Observacion: Gotea el techo en sector de técnica de Tierras y Vvivendas\n Mensaje de lsandoval: se arreglo flotante que rebalsaba del depósito empotrdo de inodoro de planta alta', '', NULL, NULL, NULL, '00---------', NULL, 9185),
(448, '2017-07-06', 63, 152, 'Solicita: sanders\n Area Emisora: administracion\n Observacion: solicitamos puerta corrediza para mueble de la oficina', '', NULL, NULL, '0000---------', '00---------', NULL, 9185),
(452, '2017-07-06', 31, 221, 'Solicita: Santiago fuentes\n Area Emisora: Puerto San Carlos\n Observacion: Buen dia Fer aca te envio un presupuesto para la calefacción de una de las Oficinas del Puerto... si podes verlas para que haga el pedido ... mas que nada para ver si la potencia se banca la  potencia ...la instalación; y quedo a la espera de los de la otra parate electrica.- Gracias \n\n\nSantiago \nInnovación Productiva \n 219387 - Radiador Eléctrico Energy Safe 2000W ES-SM20 B\nPotencia: 2000 W. Selector de Potencia. Cable Ignífugo. Protección por Sobrecalentamiento. Dimensiones. Alto: 50 cm.\nAncho: 72 cm. Profundidad: 10 cm.\n\n232518 - Radiador Eléctrico Energy Safe ESSM10A B\nPotencia: 1000 W. Selector de Potencia. Cable Ignífugo. Protección por Sobrecalentamiento. Timer. Dimensiones. Alto: 50 cm.\nAncho: 42 cm. Profundidad: 13 cm.\n\n\n\nTransf. Bancaria 1 5.298,00 5.298,00\nTotal 5.298,00\nOBSERVACIONES GENERALES\n\n\n Mensaje de farroyo: Alberto: esto es para que veamos como mejoramos la alimentación de Punto Pyme para lograr poner estós equpios que insumen untotal de 3000watt\n', '', NULL, NULL, '0000---------', NULL, NULL, 9185),
(453, '2017-07-07', 31, 150, 'Solicita: Alejandra Sandoval\n Area Emisora: Hotelitos 10 de diciembre\n Observacion: En el Dto 841-3 solicitan cambio de puerta corrediza del baño. coordinar con Nº2944502239.\n\n Mensaje de mllanquitur: 12-7-17 llame y no contestaron 10:00hs', '', NULL, NULL, '0554-SDSDYC17', NULL, NULL, 9185),
(454, '2017-07-07', 31, 162, 'Solicita: Alejandra Sandoval\n Area Emisora: Club de día Bº 2 de Abril\n Observacion: Solicitan pintar con antioxidop negro todas las rejas.\n30/08/17 Mensaje de mmacaya: Hacen falta:\n6 litros de antioxido negro\n2 litros de aguaras\n3 pinceles Nº 25\n5 Rodillos de goma espuma de 10cm con tela por fuera\n\n31/08/17 Mensaje de fmunch: ENVIADO A PINTURERIA ARGENTIANA 31/8/2017\n31/08/17 Mensaje de fmunch: PRECIO TOTAL:$1.500', '1700', NULL, NULL, '0551-SDSDYC17', '0321-DMI-17', NULL, 9185),
(455, '2017-07-07', 31, 231, 'Solicita: Alejandra Sandoval\n Area Emisora: Club de día Bº 2 de abril \n Observacion: Solicitan alambrar todo el predio Telefono de Canrtacto 2944502239', '', NULL, NULL, '0551-SDSDYC17', NULL, NULL, 9185),
(456, '2017-07-07', 31, 144, 'Solicita: Alejandrqa Sandoval\n Area Emisora: Club de día Bº 2 de abril \n Observacion: Solicitan Verificación y arreglo del techo por goteras tel de Contacti 2944502239\n Mensaje de mllanquitur: 12-7-17 llame y no contestaron 10:00hs\n Mensaje de fmunch: mariano me paso los siguientes materiales\n- 10 ml machimbre de 1/2" x 5"\n- 2 kg de clavos de 2" espiralados\n- 15 ml de tabla de 1" x 10" PINO COMUN\n- 3 chapas de fibrocemento onda ancha\n- 3 expandix de medianos\n- 2 tubos de fastix transparente\n Mensaje de fmunch: enviado madeco 25/07/2017 14:29\n Mensaje de fmunch: PRECIO TOTAL:$ 2.500', '2700', NULL, NULL, '0551-SDSDYC17', '0285-DMI-17', NULL, 9185),
(457, '2017-07-07', 31, 216, 'Solicita: Alejandra Sandoval\n Area Emisora: Hotelitos 10 de Diciembre \n Observacion: Solcitan colocacón de dos reflectores con sensor de movimiento. tel de Contacto 2944502239.\n Mensaje de asambueza: para colocar refectores se necesitan los siguientes materiales.\n2 reflectores de led con sensor de movimiento 10 wats\n10 metros de cable tpr 3x1,5 mm\n1 cinta aisladora 3m  \n Mensaje de fmunch: 12/07/2017 9:38 enviado a presupuestar a pizutti\n Mensaje de fmunch: PRECIO TOTAL: $ 1.800', '2000', NULL, NULL, '0559-SDSDYC17', '0253-DMI-17', NULL, 9185),
(458, '2017-07-07', 31, 187, 'Solicita: Raul Ascencio\n Area Emisora: Gimnasio 2 \n Observacion: Solictan conectar agua a nuevo baño de discapacitados \n Mensaje de lsandoval: se compraron mal los materiales y se mandaron a cambiar ', '', NULL, NULL, '0000---------', NULL, NULL, 9185),
(459, '2017-07-07', 31, 161, 'Solicita: Alejandra Sandoval\n Area Emisora: CAAT 5 \n Observacion: Arreglo del Piso de Madera, cuntan con los materiales. Tal de Contacto 2944605384\n16/08/17 Mensaje de farroyo: De mi mayor consideración: \n                                                  Por medio de la presente reiteramos solicitud de mantenimiento para el CAAT Nº 5 (Arreglo de piso), en el marco de la nota Nº 558 - SDSDyC - DAC -17 enviada a su área. En consecuencia solicitamos tenga a bien coordinar con el personal del CAAT ya que éstos cuentan con los materiales. Celular: 154605384. \n \n\n30/08/17 Mensaje de mmacaya: se solicita alquilar  pulidora de piso por dos dias con 4 lijas  \n31/08/17 Mensaje de fmunch: PRECIO TOTAL :$2.820\nA ALQUILO TODO SE LE DEVE......', '3100', NULL, NULL, '0558-SDSDYC17', '0321-DMI-17', NULL, 9185),
(460, '2017-07-07', 31, 141, 'Solicita: Bartoreli, Roberto\n Area Emisora: Corralón\n Observacion: Solicita reparación o cambio de puerta de la gamela de Aravales a cargo de la cuadrilla de Saneo.\n Mensaje de fmunch: 1 puerta de chapa inyectada de 0.90 x 205 izquierda con manijas \nenviada a presupuestar CASA PALM  10/07/2017 10:20\n\n Mensaje de fmunch: COSTO TOTAL: $ 4.500\n15/09/17 Mensaje de farroyo: LLEGÓ NOTA 415-DC-17 CON FACTURA 4-2588 POR $4624,04 CORRALON ANDINO, QUEDA PENDIENTE DE RETIRO', '5000', NULL, NULL, '0356-DSP-17', NULL, NULL, 9185),
(461, '2017-07-07', 31, 175, 'Solicita: Alejandro Cardenas\n Area Emisora: Recolección \n Observacion: Solcitan una mesa con base metálico de 0.80m x 1.80m con tapa de fibroplus crema', '', NULL, NULL, '0104-DRUD-17', NULL, NULL, 9185),
(462, '2017-07-07', 31, 155, 'Solicita: Alejandro Cardenas\n Area Emisora: Recolección \n Observacion: Solcitan una mesa con base metálico de 0.80m x 1.80m con tapa de fibroplus crema', '', NULL, NULL, '0104-DRUD-17', '00---------', NULL, 9185),
(463, '2017-07-07', 31, 230, 'Solicita: Comiquil Hector\n Area Emisora: Servicios \n Observacion: Solcitan reparación de revoque donde antes estaba el Termotanque en la oficina de Dirección de Servicios', '', NULL, NULL, '0000---------', NULL, NULL, 9185),
(465, '2017-07-10', 31, 235, 'Solicita: Alfedo Milano\n Area Emisora: Corralón\n Observacion: Solcitan adecuar pendiente de vereda y ejecutar canteros segun Proyecto en calle Gallardo del Corralón desde El estadio Municipal hasta la calle Rivadavia.\n22/08/17 Mensaje de fmunch: refaccion vereda gallardo:153m2 de carpeta de nivelacion y lajas mas recuadre de columnas\n de cerco y rampa de discapacitados en esquina...\nmateriales:\n- 5kg de alambre de atar\n- 2 barras de hierro de Ø4,2\n- 2 barras de hierro de Ø8\n- 70 bolsas de cemento\n- 12 m3 de ripio con arena\n- 153 m2 de piedra laja comun\n- 3 m3 de arena mediana\nenviado a palm 18/8/2017\n24/08/17 Mensaje de fmunch: PRECIO TOTAL:$97.200\n31/08/17 Mensaje de fmunch: PEDIDO DE MATERIALES DIVIDO EN DOS PARTES\n\n- 5kg de alambre de atar\n- 2 barras de hierro de Ø4,2\n- 2 barras de hierro de Ø8\n- 70 bolsas de cemento\n- 12 m3 de ripio con arena\n- 3 m3 de arena mediana\nPRECIO: $36.200\n\n- 153 m2 de piedra laja comun\nPRECIO: $61.000\n\n07/09/17 Mensaje de emella: Se aclara que la suma es el total de los dos Pedidos de Abastecimiento $ 107.000.\nP.A Nº 4590 $ 40000 y P.A Nº 4591 $ 67000-\n27/09/17 Mensaje de emella: Factura pendientes para retiro 27/09/2017.\nCasa Palm Nº 0040-9723 $ 17.207,59.\nArenera de Sur Nº 002504- $ 4.356,00.', '107.000', NULL, NULL, '0000---------', '00---------', NULL, 9185),
(466, '2017-07-10', 31, 157, 'Solicita: Viviana\n Area Emisora: Amulen\n Observacion: Solcitan traer para reparar un sillón o (futón) de Chubut 45', '', NULL, NULL, '0000---------', '00---------', NULL, 9185),
(467, '2017-07-10', 31, 231, 'Solicita: Alfredo Milano\n Area Emisora: Corralón\n Observacion: Solcitan reparar el cerco sobre calle Gallardo. ', '', NULL, NULL, '0000---------', NULL, NULL, 9185),
(468, '2017-07-10', 31, 168, 'Solicita: Alfredo Milano\n Area Emisora: Corralón\n Observacion: Solcitan reparar el cerco sobra calle Gallardo. hablar con Prado\n Mensaje de fmunch: CERCO PERIMETRAL GALLARDO\n \n19 tiras de hierro ángulo de 1”  1/8” \n3 tiras de hierro ángulo 1 1/4”  3/16” \n8 mallas expanmetal  nº 13.70.30 de 3 ml x 1,50 ml \n5 kg de electrodos de 2,5 mm punta azul \n10 discos de corte de 7” \n12 lts antioxido color negro \n200 ml de alambre púas \n6 golondrinas medianas\n PRECIO TOTAL:$15.000\n15/09/17 Mensaje de farroyo: Ingresó Nota 418-DC-17 con factura 40-9208 por $14711.55 Y QUEDA PENDIETE DE RETIRO\n18/09/17 Mensaje de asanders: 15-09-2017 Llego factura  Casa Palm B Nº 0040-00009208 de $ 14711.55  Nota Nº 418-DC-2017. ', '16500', NULL, NULL, '0000---------', 'P ab-4230', NULL, 9185),
(471, '2017-07-10', 31, 154, 'Solicita: Patricia Parra.\n Area Emisora: Cdi Iglesias\n Observacion: 10/07/2017\n \nA: Dirección de mantenimiento\n \n   Por medio de presente solicitamos que puedan reparar 10 sillas para niños de madera, que se necesitan  para el  uso diario de las actividades.\n   A la espera de una pronta y positiva respuesta.\n \n        Saluda atte.,\nPatricia Parra.\nCoordinadora Pedagógica.\n \n ', '', NULL, NULL, '1707-100952', '00---------', NULL, 9185),
(472, '2017-07-10', 31, 146, 'Solicita: Subsecretario de deportes\n Area Emisora: Casa del Deporte\n Observacion: Buen día, el presente es para solicitar la reparación de una ventana de la casa del deporte y la colocación de contramarcos en ventanales de la oficina del subsecretario de deportes.\n \nQuedo a la espera de una respuesta, desde ya muchas gracias.\n \nSaludos ', '', NULL, NULL, '1707-061219', NULL, NULL, 9185),
(473, '2017-07-10', 31, 212, 'Solicita: Daniela A. Ortiz\n Area Emisora: Moreno y Ruiz Moreno\n Observacion: Estimados\nSolicito por medio del presente el cambio de dos tubos de luz de unas de las oficina de la Dir. Recursos Humanos (Moreno 1089 2º Piso).\n\nDaniela A. Ortiz - administrativa en el Dpto de Selección y Desarrollo del Personal - Dir. Recursos Humanos\nInterno: 432\n', '', NULL, NULL, '1707-071007', '00---------', NULL, 9185),
(474, '2017-07-10', 31, 209, 'Solicita: Daniela A. Ortiz\n Area Emisora: Moreno y Ruiz Moreno\n Observacion: Estimados\n requerimos el purgado de uno de los radiadores de esta oficina para lograr su normal funcionamiento.\nAtte.\nDaniela A. Ortiz - administrativa en el Dpto de Selección y Desarrollo del Personal - Dir. Recursos Humanos\nInterno: 432\n', '', NULL, NULL, '1707-071007', '00---------', NULL, 9185),
(481, '2017-07-11', 31, 202, 'Solicita: Cholila\n Area Emisora: terminal de ómnibus \n Observacion: Solicitan encendeer la caldera.', '', NULL, NULL, '0000---------', '00---------', NULL, 9185),
(482, '2017-07-11', 63, 202, 'Solicita: Eva\n Area Emisora: Personal Moreno y R. Moreno\n Observacion: Eva de Pesonal Moreno solicita ver gotera de techo, filtración de agua y humedad desde el techo a un mueble de la oficina. \n Mensaje de farroyo:  hay que ver tema de la bomba del sistema de calefacción para mejorar el sistema\n Mensaje de fmunch: 1 chapa traslucida onda grande 1,10 x 1,20\n08/09/17 Mensaje de fmunch: enviado a palm 8/9/2017\n12/09/17 Mensaje de fmunch: PRECI TOTAL:$500', '600', NULL, NULL, '0000---------', '0340-DMI-17', NULL, 9185),
(484, '2017-07-11', 63, 193, 'Solicita:  Margot  \n Area Emisora: Seguridad e Higiene \n Observacion: Llamado por baño tapado en oficina. ', '', NULL, NULL, '0000---------', '00---------', NULL, 9185),
(488, '2017-07-12', 63, 197, 'Solicita: gladys \n Area Emisora: Sociales\n Observacion: Solicitud  prender calefactor oficina Sociales Dto. Administración.', '', NULL, NULL, '0000---------', '00---------', NULL, 9185),
(489, '2017-07-12', 63, 141, 'Solicita: Irene \n Area Emisora: Defensoria del Pueblo\n Observacion: Solicitud de reparación cerradura puerta entrada ', '', NULL, NULL, '0000---------', NULL, 75, 9185);
INSERT INTO `tickets` (`id_ticket`, `fecha`, `creador`, `servicio`, `observacion`, `patrimonio`, `tiempoResolucion`, `adjunto`, `nota_entrada`, `nota_salida`, `fkEdificio`, `fk_areaSolicitante`) VALUES
(490, '2017-07-12', 31, 173, 'Solicita: Ampuero\n Area Emisora: Seguridad e Higiene\n Observacion: Solicitan un portón ciego de 1.20m de ancho(1.10m de ancho libre) x 1.50m de altura, que será utilizado como salida de emergencia hacia el Oeste del CDI sobre calle Taique\nDeberá tenerse en cuenta que se amurará a ambos lados en un muro de mamposteria. \n Mensaje de fmunch: T 490 cdi eluney eva perón “ejecución de una puerta de emergencia”\n\n1 perfil c 80 x 40 x 6ml \n2 caño estructural de 50 x 30 x 6ml \n1 caño estructural 15 x 10 x 6ml \n1 chapa lisa calibre 18 de 2ml x 1,20 \n1 chapa lisa calibre 20 de 2ml x 1,20 \n3 bisagras de 4” munición ala corta para soldar \n2 kg electrodos de 2,5 mm punta azul \n2 lts antioxido color verde \n50 tornillos auto perforantes punta mecha ,  t1 de 10mm \n4 discos de corte de 7”\nenviado a CASA PALM 14/7/2017 , 11:32hs\n\n Mensaje de fmunch: PRECIO TOTAL:$5.500\n08/08/17 Mensaje de emella: Se envió correo electrónico a Seguridad e Higiéne 08/08/2017.', '6000', NULL, NULL, '0000---------', 'CE17-08/08', 70, 9185),
(491, '2017-07-12', 31, 221, 'Solicita: Fernando Arroyo\n Area Emisora: Direccion de Mantenimiento e Infraestructura\n Observacion: Con motivo de colocar en el sector un mueble ejecutado por el Taller de Carpintería de obra (OT3267), se solicta realizar el corrimiento de una caja con tomas ubicada en la pared donde se ubicará el mueble', '', NULL, NULL, '0000---------', NULL, 39, 9185),
(492, '2017-07-12', 31, 227, 'Solicita: Ampuero Cristian\n Area Emisora: Seguridad e Higiene\n Observacion: CDI "ELUNEY"  \nSe solicita amurar portón a ejecutar por ticket Nº490 de Herrería. Además se deberá ejecutar una rampa de Hormigón desde la vereda existente hasta el portón a instalar. Esta rampa tendrá un ancho de 1.20m y una longitud aproximada de 5.15m, salvará una altura de 30cm. Se deberá tener espcial cuidado en el umbral del portón a fin de evitar el ingreso de agua desde la calle hacia el patio del CDI\n Mensaje de ohuenuman: sevio el trabajo hay que hacer todas las ramplas de entrada en lo cual son a prosimadamente \n40 metro2  hormigon con un espesor aprox de 8 cm\nmat\n- 4 malla sima  15 x 15 x 4,2\n- 30 bolsa de cemento\n- 5 -mt ripio con arena\n- 4 kg alambre de atar\n- 2 kg clavos tor de 2 1/2"\n- 2 kg clavos tor de 2"\n Mensaje de fmunch: enviado a presupuestar casa palm 27/07/2017 10:16\n Mensaje de fmunch: PRECIO TOTAL:$12.000\n08/08/17 Mensaje de emella: Se envió correo electrónico a Seguridad e Higiéne.', '12.500', NULL, NULL, '0000---------', 'CE17-08/08', 70, 9185),
(493, '2017-07-12', 31, 187, 'Solicita: Compañero de servicios\n Area Emisora: Direccion de Mantenimiento e Infraestructura\n Observacion: CORRALÓN MUNIC – CuadrSolcita la instalación de una canilla en su gamella, ubicada al lado del deposito de Inspeccion Gral contiguo al taller de electricidad.\n Mensaje de fmunch: ¿sin materiales para pedir?', '', NULL, NULL, '0000---------', NULL, 31, 9185),
(494, '2017-07-12', 31, 171, 'Solicita: Viviana\n Area Emisora: Amulen\n Observacion: CASA AMULEN\nSolicitan soldar estructura para elevar cerco del frente, para luego ser amurada. Hablar con Rojel', '', NULL, NULL, '0000---------', NULL, 108, 9185),
(495, '2017-07-12', 31, 145, 'Solicita: Fonte ;jose\n Area Emisora: Recolección\n Observacion: Recoleccion solicta atornillar tapa superior de mueble donde se guardan elementos de trabajo', '', NULL, NULL, '0000---------', '00---------', 28, 9185),
(496, '2017-07-12', 31, 212, 'Solicita: JAVIER MAYORDOMIA\n Area Emisora: TURISMO INFORMES\n Observacion: TURISMO INFORMES:\nSOLICITAN CAMBIAR TUBO BAÑO DE MUJERES', '', NULL, NULL, '0000---------', NULL, 77, 9185),
(497, '2017-07-12', 31, 178, 'Solicita: JAVIER DE MAYORDOMIA\n Area Emisora: TURISMO CENTRO CIVICO\n Observacion: TURISMO CENTRO CIVICO\nSOLICITN REPARAR SANITARIO DE BAÑO DE MUJERES\n Mensaje de lsandoval: se iso pedido\n03/08/17 Mensaje de farroyo: 02/08/2017 10:31\nDirección de Mantenimiento\nPor la presente informamos que están disponibles los materiales (varilla del flotante y palancas) para reparar el sistema de descarga de agua del depósito  de los inodoros en el baño público de mujeres, Edificio Ex Correo, Centro Cívico.\n \nRecordamos que del 2 al 6/08/17 en ocasión a la 47° Fiesta Nacional de la Nieve, habrá una serie de actividades de 11 a 20 hs en Centro Cívico, con lo cual sería conveniente que estuvieran reparados dichos baños para evitar mayores daños ya que habrá un uso intensivo de los mismos.\nAtentamente.\n \nLic. Verónica Martín a/c\nDepto. de Informes y Atención al Turista\nSecretaría de Turismo y Producción\nMunicipalidad de San Carlos de Bariloche\ninformesturmscb@bariloche.gov.ar\nTE (0294) 4428675\n', '', NULL, NULL, '0000---------', '00---------', 77, 9185),
(499, '2017-07-12', 63, 195, 'Solicita: silvia enfermera \n Area Emisora: Medicina\n Observacion: llamado de Llanquitur de parte de Silvia de Medicina,  solicitando cambio de fuelle de inodoro.-', '', NULL, NULL, '0000---------', '00---------', 39, 9185),
(501, '2017-07-12', 31, 236, 'Solicita: Fernando Arroyo\n Area Emisora: Direccion de Mantenimiento e Infraestructura\n Observacion: Se solicitan 10 bolsas de Cemento para uso General\n Mensaje de farroyo: Se subió el pedido 3571/2017', '5000', NULL, NULL, '0000---------', '3571-PA/2017', 32, 9185),
(502, '2017-07-12', 31, 225, 'Solicita: Alberto Sambueza\n Area Emisora: Direccion de Mantenimiento e Infraestructura\n Observacion: Materiales varios para Electricidad PA 3580 $4500', '4500', NULL, NULL, '0000---------', 'P ab-3580', 32, 9185),
(507, '2017-07-13', 34, 209, 'Solicita: javier de mayordomia\n Area Emisora: legales\n Observacion: solicitan purgar radiadores y no tienen agua caliente baño.\n Mensaje de fmunch: centro cívico (instalación de agua caliente)\n\n- 2 caños de Ø25 termo fusión \n- 6 codos Ø25 ff \n- 1 llave de paso Ø25 termo fusión \n- 2 te de Ø25-Ø20-Ø25 \n- 2 codos Ø25 rosca hembra de 1/2”\n\nPRECIO TOTAL: $  1.200\n\n Mensaje de lsandoval: se iso pedido estamos en espera\n Mensaje de fmunch: los materiales son de termofucion "acuasistem"', '1500', NULL, NULL, '0000---------', '00---------', 76, 9185),
(510, '2017-07-13', 31, 141, 'Solicita: Bascourt\n Area Emisora: cementerio\n Observacion: corresponde a OT 3377:se solicita reparar puerta de sector duchas, bisagras rotas. Puertas de ambos baños igual situación. Llegaron materiales\n\n', '1000', NULL, NULL, '1704-241236', '0PA:-2746', 66, 9185),
(511, '2017-07-13', 31, 144, 'Solicita: Alfredo Milano\n Area Emisora: Secretaría de Obras y Servicios Públicos\n Observacion: Solicitan Limpieza de pluviales del techo del edificio y retiro de supuestas maderas sueltas sobre Mitre. revisar camaras pluviales sobre calle Villegas\n12/09/17 Mensaje de farroyo: enviamos nota y esta es la respuesta:\nEstimado Sr. Fernando Arroyo: \n\n        Me dirijo a usted en respuesta a nota "N°313-DMI-17" presentada en nuestras oficinas en el día de la fecha, con el objetivo de autorizar a usted y su equipo a efectuar los trabajos propuestos. \n\n        Por cualquier otra consulta o duda, puede comunicarse al teléfono directo 4422697 o bien a mi celular 154634009. \n\n        Muchas gracias \n\n        Atentamente,\n\nHoracio Secchi \nJefe Administrativo \nSucursal Bariloche \n\n \n', '', NULL, NULL, '0000---------', NULL, 160, 9185),
(512, '2017-07-13', 34, 175, 'Solicita: Alfredo Milano\n Area Emisora: Secretaría de Obras y Servicios Públicos\n Observacion: solicita reparacion de chimenea.', '', NULL, NULL, '0000---------', NULL, 160, 9185),
(514, '2017-07-14', 31, 234, 'Solicita: Fernando Arroyo\n Area Emisora: Direccion de Mantenimiento e Infraestructura\n Observacion: Se solicita revocar pared del fondo (SUR) del taller desde el Portón hacia el Este, sector donde se instalará elevador de vehículos. Además será necesario amurar la estructura del elevador. Consultar con Osvaldo Prado.', '', NULL, NULL, '0000---------', NULL, 34, 9185),
(515, '2017-07-14', 63, 202, 'Solicita: Choli \n Area Emisora: Dpto Terminal de Omnibus\n Observacion: Choli  señor mayordomía avisa se apagó caldera de la Terminal de Ómnibus.\n  ', '', NULL, NULL, '0000---------', '00---------', 3, 9185),
(516, '2017-07-14', 31, 202, 'Solicita: Marcelo Fuentes\n Area Emisora: Concejo Muncipal\n Observacion: Solcita encender la caldera de Turismo PB.', '', NULL, NULL, '0000---------', '00---------', 77, 9185),
(517, '2017-07-14', 31, 199, 'Solicita: Carlos Sanchez y Puente\n Area Emisora: Sociales CAAT 4\n Observacion: Solicitan reparar calefactores\n\n\n Mensaje de fmunch: centro comunitario CAAT 4 (club comunitario)\n\n2 varillas para comando de calefactor EMEG 5000 kal \n3 magiclic mecánico para calefactor EMGE 5000 kal l patagonica \n3 varillas roscadas de 6mm \n12 tuercas de 6 mm \n12 arandelas de 6mm\n\nPRECIO TOTAL:$ 9.300\n \n\n Mensaje de lsandoval: se isopedido  \n`\n Mensaje de fmunch: correccion de monto : $ 1.000', '1200', NULL, NULL, '0391-SY-17', '00---------', 63, 9185),
(518, '2017-07-14', 31, 197, ' Mensaje de farroyo: Solictan encender calefactores del SUM CIC 34 HAs', '', NULL, NULL, '0000---------', '00---------', 131, 9185),
(519, '2017-07-14', 31, 178, 'Solicita: Magui\n Area Emisora: Personal\n Observacion: Solciota reparar canilla que pierde mucho.', '', NULL, NULL, '0000---------', '00---------', 39, 9185),
(520, '2017-07-14', 31, 212, 'Solicita: Gladys Pineda\n Area Emisora: Caminera\n Observacion: Solcita camiar tubos de cocina y baño. (20Wats)\n Mensaje de asanders: 18/07/17 reiteración del pedido de tubos. \nLeandro  ya llevo 2 tubos de 20 wats. ', '', NULL, NULL, '0000---------', NULL, 1, 9185),
(521, '2017-07-14', 31, 224, 'Solicita: Valenzuela\n Area Emisora: Delegación Sur\n Observacion: Están sin luz en Delegación y sociales\n Mensaje de farroyo: Se avisó a Electromecánica para que llamen a la CEB porque faltaban dos fases', '', NULL, NULL, '0000---------', NULL, 113, 9185),
(522, '2017-07-14', 31, 217, 'Solicita: Javier \n Area Emisora: Mayordomia\n Observacion: Se solicita ver por corto en oficina de mayordomia, la termica no sube', '', NULL, NULL, '0000---------', NULL, 74, 9185),
(523, '2017-07-14', 31, 221, 'Solicita: Santiago Fuentes\n Area Emisora: subsecretario de innovación productiva \n Observacion: Corresponde a OT:3373\n\nsolicitan adecuar iluminación, oficina subsecretario de innovación productiva. Llegaron Materiales\n\n Mensaje de farroyo: Los materiales están en Juramento 102 Fab LAb. Santiago Fuentes 2944601823\n01/09/17 Mensaje de farroyo: Llamó Santiago Fuentes que tienen los materiales para el trabajo 2944610958', '', NULL, NULL, '1704 -201125', NULL, 85, 9185),
(524, '2017-07-17', 63, 150, 'Solicita: Sarita\n Area Emisora: CENTRO KUMEN RUKA\n Observacion: Sarita Manquin,  solicita sacar nieve de techo y entrada del Centro. ', '', NULL, NULL, '0000---------', NULL, 56, 9185),
(525, '2017-07-17', 63, 150, 'Solicita: Ingrid\n Area Emisora: CORRALÓN MUNIC – Sociales\n Observacion: Solicita: Ingrid\nArea Emisora: Sociales\nObservaciones: solicita sacar nieve de veredas  y entrada oficinas calle Rivadavia.. ', '', NULL, NULL, '0000---------', NULL, 26, 9185),
(526, '2017-07-17', 63, 181, 'Solicita: Bety \n Area Emisora: Direccion de Sistemas\n Observacion: Gotera en escritorio de Baty  aparentemente hay un tanque de agua.\n Mensaje de asanders: Se aclara que la gotera es en oficina de Bety de Sistemas  ( Hacienda), ademas aclata que hay un tanque de reserva en techo  ', '', NULL, NULL, '0000---------', '00---------', NULL, 9185),
(527, '2017-07-17', 63, 211, 'Solicita: Bety\n Area Emisora: Direccion de Sistemas\n Observacion:  Beti \nOficina Sistemas Térmica de sala de servidores no funciona y el aire acondicionado tampoco.\n Mensaje de asanders: se resolvió Leandro  con materiales de sistemas', '', NULL, NULL, '0000---------', NULL, 72, 9185),
(528, '2017-07-17', 63, 202, 'Solicita: Bety y Miiriam\n Area Emisora: CDI "PEQUEÑOS CORAZONES"\n Observacion: Viernes 14/07/2017 solicitud prender caldera  y reiteración lunes 17/07/2017 prender caldera Jardín. ', '', NULL, NULL, '0000---------', '00---------', 125, 9185),
(529, '2017-07-17', 63, 197, 'Solicita: Terminal\n Area Emisora: Dpto Terminal de Omnibus\n Observacion: Camuzzi retiró regulador de gas en Edi. Terminal \n Mensaje de asanders: Se generó pedido Nº 3698 1 Rosca con tuerca de 1 ½ x 2” Epoxi.\n3 codos HH de 2”,  Epoxi.\n3 Codos MH de 2”,  Epoxi.\n2 Rosca con tuercas de 2”,  Epoxi.\n4 Cuplas de 2 ½”  Epoxi.\n2 Codos HH de 2 ½”  Epoxi.\n2 Codos MH de  2 ½”  Epoxi\n1 Buje de 2 ½” a 2”  Epoxi.\n2 Bridas para conexión de gas de 2”.  Epoxi.\n1 Llave de paso para gas de 1 ½”.\n3 Roscas con tuercas de 2 ½” . Epoxi.\n1 Niple de 2 ½” x 20 cm.\n250 Cc de pintura Epoxi 2 componentes.\n250 Gr de litargirio.\n150 Cc de glicerina.\n5 Metros de caño de chapa de 8”.\n2 Codos de chapa de 8 “.\n1 “Fastix” de 340 cc de alta temperatura  para pistola.\n2 Metros de caño de chapa de  3”. \n4 Rejillas de 200 cm2, aprobadas.  \n\nDESTINO: Reparación sistema de calefacción Terminal de Ómnibus. \n               \nPEDIDO Nº:   3698     COSTO:$ 9000\nFECHA: 18/07/2017.\nDe construcción y Para instalaciones.\nCONSUMO : Nº 105.11.129.00.09\nOBRAS PÚBLICAS RECURSOS PROPIOS.\n Mensaje de asanders: 6 Tiras de caño de  Ø 2½”  x 6,40 mts  epoxi.\n9 Codos  HH de Ø 2 ½”  epoxi.\n2 Codos  MH de Ø 2 ½” epoxi.\n1 Tee de Ø de 2 ½” x 1”. epoxi.\n1 Tee de Ø de 1”  epoxi.\n3 Metros de caño de Ø 1”epoxi.\n3 Codos  HH de Ø 1”  epoxi.\n4 Codos  hH de Ø ¾ ” epoxi\n2 Bujes de Ø 1” x ¾”  epoxi.\n1 Bujes de Ø 2 ½” x 2 ”  epoxi.\n2 Llaves de paso para gas Ø ¾”\n2  Kg. de litargirio.\n1 Litro de glicerina.\n2 Rollos de polygur de 10 mts de largo por 5 cm de ancho,\n3 Rollos de teflon profesional\n100 Tornillos 20-55.\n100 Tarugos  plásticos de 8mm.\n4 Rollos de cinta  perforada metálica ..\n2 Litros de pintura epoxi 2 componentes.\nDESTINO:  Conexión de gas caldera Terminal de Ómnibus.\n\nPEDIDO Nº: 3756    COSTO:$ .70000\nFECHA: 18/07/2017.\nDe construcción y Para instalaciones.\nCONSUMO : Nº 105.11.129.00.09\nOBRAS PÚBLICAS RECURSOS PROPIOS.\n\n\n*************************************************************************************\n1 Termotanque de 8000 khs gas natural.\n1 Llave de paso para gas de Ø 2 ½. \n5 Pinceles de 2 cm de ancho, \nDESTINO:  Conexión de gas caldera Terminal de Ómnibus.\nPEDIDO Nº:  3757     COSTO:$ .16000\nFECHA: 20/07/2017.\nDe construcción y Para instalaciones.\nCONSUMO : Nº 105.11.129.00.09\nOBRAS PÚBLICAS RECURSOS PROPIOS.\n*********************************************************************************\n Mensaje de fmunch: doble regulación terminal\n \n4 unión doble de Ø 1. 1/2” mh epoxi \n6 rosca con tuerca Ø 1 .1/2” epoxi \n1 te de Ø 1.1/2 epoxi epoxi \n1 te Ø 2. 1/2” x 1.1/2” epoxi \n1 buje de Ø 2 .1/2” x 1.1/2” epoxi \n3 codos hh de 2. 1/2” epoxi \n2 codos mh de 2. 1/2” epoxi \n3 rosca con tuerca de Ø 2. 1/2” epoxi \n2 cuplas de 2. 1/2” epoxi \n1 buje de Ø 1. 1/2” x 3/4” epoxi \n4 llave esférica de 4 bar para gas natural \n1 regulador de 40 m3 para gas natural \n2 teflón profesional \n2 codos hh Ø 1.1/2”\nPRECIO TOTAL 40.000\n22/08/17 Mensaje de fmunch: oficina personal municipal y policial\n \n1 calefactor de 5000 kal TB GN EMEGE \n1 calefactor de 3000 kal TB GN EMEGE \n2 tirajes completos de EMEGE 5000 kal Y 3000 kal TB \n2 vidrios 2 x 2 con porta visores\n enviado a agua y gas 22/8/2017\n \n24/08/17 Mensaje de fmunch: PRECIO TOTAL:$14.600\n24/08/17 Mensaje de asanders: \nDESTINO: Conexión de gas doble regulación  Terminal de Ómnibus. Ticket Nº 529.\n\nPEDIDO Nº:4093                COSTO:$ 40000.\n\nFECHA:  10/08/2017.\n***************************************************************************************************\n\n24/08/17 Mensaje de asanders: 24/08/2017 Se generó otro pedido para la compra de calefactores N 4323 de $ 15000.\n30/08/17 Mensaje de fmunch: ESTAN EN OFICINA LOS MATERIALES CORRESPONDIENTES A "DOBLE REGULACION TERMINAL DE OBNIBUS" REMITO DE AGUA Y GAS Nº0004-00017621\n26/09/17 Mensaje de fmunch: faltan tirajes', '9000', NULL, NULL, '0000---------', 'Paba-4223-375', 2, 9185),
(530, '2017-07-17', 63, 179, 'Solicita: Baños quimicos \n Area Emisora: Baños Químicos\n Observacion: Cañerias de agua congeladas y baños tapados avisó.  Prado.', '', NULL, NULL, '0000---------', '00---------', 14, 9185),
(531, '2017-07-17', 63, 224, 'Solicita: Bascur\n Area Emisora: CEMENTERIO- ADMINIST.\n Observacion: llamado de Comiquil a prado informando que no hay luz en el Cementerio Municipal.\n Mensaje de asambueza: para el cementerio se solisita un pilar mono facico aereo nuevo\n Mensaje de asanders: Se generó  Pedido Nº:   3682, costo $ 7500. 18-07-2017\n12/09/17 Mensaje de farroyo: Llegó Pilar para retiro. Coodinar para su colocación', '7500', NULL, NULL, '0000---------', NULL, 65, 9185),
(532, '2017-07-17', 63, 196, 'Solicita: Sandra Blazquis \n Area Emisora: CDI DR IGLESIAS\n Observacion: desagote de cocina tapado.', '', NULL, NULL, '0000---------', NULL, 57, 9185),
(533, '2017-07-17', 63, 186, 'Solicita: Adolfo Mayordomía\n Area Emisora: Patio de Suministros \n Observacion: Llamó Adolfo de Mayordomía, canilla rota del patio de Suministros.  ', '', NULL, NULL, '0000---------', '00---------', 72, 9185),
(534, '2017-07-17', 63, 225, 'Solicita: suministros \n Area Emisora: siEDIF. MITRE 545 SUMINISTROS\n Observacion: le avisaron a Prado  que hay un cable colgando en depósito de Suministros \n Mensaje de asanders: lo resolverá  Mayordomía porque los cables son de las cámaras de seguridad.', '', NULL, NULL, '0000---------', '00---------', 73, 9185),
(536, '2017-07-18', 63, 209, 'Solicita: Juan\n Area Emisora: CORRALÓN MUNIC – Sociales\n Observacion: Edificio Sociales sin agua porque se bajo llave de paso por rotura en conexión de agua de toma camión aguatero.  \n Mensaje de asanders: Se generó Pedido Nº 3686 18/07/2017', '1000', NULL, NULL, '0000---------', '00---------', 26, 9185),
(537, '2017-07-18', 63, 188, 'Solicita: Nilda Pacheco\n Area Emisora: EDIF. 24 DE SETIMBRE\n Observacion: Sifon de cocina pierde agua aparentemente está roto.\n Mensaje de lsandoval: se iso pedido correspondiente esta en el cuaderno szul\n Mensaje de fmunch: no se encontro lista de materiales en cuederno azul 27/7/2017', '', NULL, NULL, '0000---------', NULL, 163, 9185),
(538, '2017-07-18', 63, 209, 'Solicita: Cintia \n Area Emisora: EDIF. MITRE 535- TRIBUNAL FALTAS 1\n Observacion: Cintia avisa que caldera hace ruidos tipo explosión desde ayer , ruido no es habitual.  ', '', NULL, NULL, '0000---------', '00---------', 71, 9185),
(539, '2017-07-18', 63, 216, 'Solicita: Patricia \n Area Emisora: CDI DR IGLESIAS\n Observacion:  \nA: Dirección de mantenimiento.\n \n  Por medio de la presente solicitamos que se puedan acercar lo antes posible para revisar una perdida de agua que tenemos en uno de los baños de los niño/as. \n \n   Por otra parte, necesitamos que un electricista puedan añadir  dos puntos ( enchufes) en dos  salas.\nSaluda atte.\nPatricia Parra.\n Mensaje de asambueza: listado de materiales para cdi iglesias\n1 zapatilla 5 modulos marca cambre con cable\n1 tira de cable canal 18x21\n Mensaje de fmunch: enviado a pizutti 24/07/2017 14:27\n Mensaje de fmunch: PRECIO TOTAL: $ 600', '800', NULL, NULL, '0000---------', '0277-DMI-17', 57, 9185),
(540, '2017-07-18', 63, 177, 'Solicita: patricia\n Area Emisora: CDI DR IGLESIAS\n Observacion:  \nA: Dirección de mantenimiento.\n \n  Por medio de la presente solicitamos que se puedan acercar lo antes posible para revisar una perdida de agua que tenemos en uno de los baños de los niño/as. \n \n   Por otra parte, necesitamos que un electricista puedan añadir  dos puntos ( enchufes) en dos  salas.\nSaluda atte.\nPatricia Parra.', '', NULL, NULL, '0000---------', '00---------', 57, 9185),
(545, '2017-07-19', 63, 200, 'Solicita: Flavia\n Area Emisora: EDIF TRANSITO Y TRANSPORTE\n Observacion: Flavia solicita limpieza de calefactor de la sala de inspectores carnet de conducir .\n04/08/17 Mensaje de epainefil: 3 vidrios 2x2 con porta visor y 5 vidrios para calefactor emege 5000 kll 6x4 cm\n Mensaje de fmunch: enviado a agua y gas 09/08/2017 08:20\n Mensaje de fmunch: PRECIO TOTAL: $600', '600', NULL, NULL, '0000---------', '0306-DMI-17', 7, 9185),
(546, '2017-07-19', 63, 225, 'Solicita: alfredo Fuentes \n Area Emisora: CENTRO CÏVICO – INTENDENCIA\n Observacion: Alfredo Fuentes de Mayordomía:\n                                               Avisa que el tubo que cambiaron hace  poco anda, pero aparentemente se sueltan las patitas y no hace contacto.\n pasillo del 2do. piso Palacio Municipal', '', NULL, NULL, '0000---------', NULL, 76, 9185),
(548, '2017-07-19', 63, 150, 'Solicita: Parques\n Area Emisora: Parques y Jardines\n Observacion: Buen día, por medio de la presente se solicita tenga a bien realizar el relevamiento de la gamela de la Terminal correspondiente a nuestra Dirección para la colocación del cielo raso.\n \nDesde ya muchas gracias.\n \nAtte: Administración de Parques y Jardines.', '', NULL, NULL, '0000---------', NULL, NULL, 9185),
(549, '2017-07-19', 63, 186, 'Solicita: Adolfo Mayordomía\n Area Emisora: MORENO Y RUIZ MORENO\n Observacion:  Adolfo de Mayordomía:  Canilla de agua caliente pierde, pileta baño  \nSe aclara que son 2 baños que pierden agua PB y 1er, piso. Hablar con la señora Mercedes. \n Mensaje de asanders: Aclara personal de Sueldos que la perdida es en la cocina \n Mensaje de asanders: 26/07/2017 Liliana de Personal  Moreno avisa que continúa el problema de pérdida de agua caliente en baño del lugar,', '', NULL, NULL, '0000---------', NULL, 39, 9185),
(550, '2017-07-19', 63, 225, 'Solicita: Enrique\n Area Emisora: CORRALÓN MUNIC – Servicios\n Observacion: Se aclara que es la Oficina de Obras Públicas sr. Milano, cable colgando en la entrada. ', '', NULL, NULL, '0000---------', NULL, 28, 9185),
(553, '2017-07-19', 63, 227, 'Solicita: CASA AMULEN\n Observacion: Por medio de la presente se solicita con URGENCIA los arreglos  a realizarse en Casa AMULEN, que en su gran mayoría responden al tema Seguridad y todo lo que se necesita para dichos arreglos están comprados.....frente a diferentes situaciones ocurridas en los últimos días, es necesario realizar con la mayor celeridad posible el cerramiento  de un pasadillo en donde hay que soldar y también subir y asegurar un cerco de malla de alambre que separa a la casa de la vereda.........\n \nMuchas gracias!!!\n \nPatricia Fernandez', '', NULL, NULL, '1707-1411199', '00---------', 108, 9185),
(568, '2017-07-20', 63, 179, 'Solicita: aúl Soto\n Area Emisora: EDIF. MITRE 545 – HACIENDA\n Observacion: Sin agua en baño y cocina  de oficinas de Compras y Suministros.\n07/08/17 Mensaje de farroyo: Se adecuaó Termotanque????????? pero no tiene alimentación.', '', NULL, NULL, '0000---------', '00---------', 72, 9185),
(569, '2017-07-20', 63, 155, 'Solicita: Nora \n Area Emisora: DELEG. L. MORENO\n Observacion: Se adjunta nota de Del. Lago Moreno', '', NULL, '569.pdf', '0256-DLM-17', '00---------', 145, 9185),
(570, '2017-07-20', 63, 227, 'Solicita: Ale Sandoval\n Area Emisora: CORRALÓN MUNIC – Sociales\n Observacion: Se adjunta nota de sociales\n10/08/17 Mensaje de farroyo: Se trata de ceramicos despegados en baño. ', '570.pdf', NULL, '570.pdf', '0571-DSDSYCCD', '00---------', 26, 9185),
(572, '2017-07-20', 63, 199, 'Solicita: Ale Sandoval\n Area Emisora: CORRALÓN MUNIC – Sociales\n Observacion: Se adjunta nota Cenrtro Comunictario Alborada.\n15/08/17 Mensaje de dcomiquil: se encotro perdida en uno de los calefactores...\ny queda ver lo del termotanque', '', NULL, '572.pdf', '0572-SDSDYCCD', '00---------', 26, 9185),
(574, '2017-07-20', 63, 169, 'Solicita: Ale Sandoval\n Area Emisora: CORRALÓN MUNIC – Sociales\n Observacion: Se aclara que está para retiro la puerta en Hiper Tehuelche. ', '', NULL, '574.pdf', '0557-SDSDYC D', NULL, 26, 9185),
(584, '2017-07-21', 63, 209, 'Solicita: Graciela Gaitan\n Area Emisora: MORENO Y RUIZ MORENO\n Observacion: Olor feo  a baño ', '', NULL, NULL, '0000---------', '00---------', 39, 9185),
(585, '2017-07-21', 63, 178, 'Solicita: Cultura \n Area Emisora: CENTRO CIVICO – CULTURA\n Observacion: Avisan a Eléctricos que hay pérdida de agua  en baño  de Sala Frey \n Mensaje de fmunch: materiales para refaccion\n- 1 obturador tipo flecha\n- 1 cupla de goma de diametro 40\n- 1 fuelle de diametro 40 largo\n- 2 mochilas ferrum linea andina\n- 1 hinodoro ferrum blanco corto\n- 2 tapas de asiento para inodoro de plastico masiso\n- 1 kid de mochila ferrum linea andina\n- 4 tornillos para hinosoros\n- 1 tira de caño de 1/2" de pp\n- 8 codos de 1/2" hh pp\n- 1 llave de paso de 1/2" esferica metalica\n- 2 T de 1/2" pp\n- 2 flexibles mallados de 1/2" x 35cm\n- 10 grampas homega de 1/2"\n- 20 tornillos de 1 1/2" negros\n- 20 tarugos de 8mm\n- 1 sellarrosca hidro 3 grande\n- 1 pomo de fastix para piostola\n\n Mensaje de fmunch: enviado a agua y gas 24/07/2017 14:47\n Mensaje de fmunch: PRECIO TOTAL:$ 9.300', '9500', NULL, NULL, '0000---------', '0273-DMI-17', 78, 9185),
(586, '2017-07-21', 63, 213, 'Solicita: CENTRO CIVICO – CULTURA\n Area Emisora: CENTRO CIVICO – CULTURA\n Observacion: Avisan a eléctricos que no hay luz en Sala Frey.\n Mensaje de asambueza: listado de materiales \n\n1 artefacto 2x36 con protector de acrilico con dos tubos\n1 artefacto 1x20 con protector de acrilico con tubo\n1 llave de un punto con bastidor y tapa\n Mensaje de fmunch: enviado pizutti 24/07/2017 14:21\n Mensaje de fmunch: PRECIO TOTAL:$1.300', '1500', NULL, NULL, '0000---------', '0273-DMI-17', 78, 9185),
(598, '2017-07-24', 63, 212, 'Solicita: Oficina Empleo\n Area Emisora: MORENO Y RUIZ MORENO\n Observacion: 21/07/2017. Se cayó un plafon de tubo en oficna Empleo.\n24/07/2017  Reiteración  Habló Vícor .\n \n Mensaje de asambueza: listado materiales \n1 artefacto 2x36 con protector de acrilico con dos tubos\n Mensaje de fmunch: enviado a pizutti 24/07/2017 14:19\n Mensaje de fmunch: PRECIO TOTAL:$1.000', '1200', NULL, NULL, '0000---------', '0276-DMI-17', 39, 9185),
(600, '2017-07-24', 63, 225, 'Solicita: Marcela   Sastre\n Area Emisora: OFIC. TRANSITO PLAYON\n Observacion: problemas  de iluminación en edificio Playón Municipal. \n Mensaje de asambueza: listado de materiales para oficinas del playon \n4 artefactos 2x36 led\n2 artefactos 1x36 led\n1 artefacto   1x20 led\n15 metros de cable 3x1,5 mm\n Mensaje de fmunch: enviado pizutti 24/07/2017 14:14\n Mensaje de fmunch: PRECIO TOTAL:$5.300', '5500', NULL, NULL, '0000---------', '0275-DMI-17', 12, 9185),
(601, '2017-07-24', 63, 207, 'Solicita: Marcela Sastre\n Area Emisora: OFIC. TRANSITO PLAYON\n Observacion: Calefactores se apagan .\n04/08/17 Mensaje de epainefil: compra de calefactor EMEGE 5000 calorias tiro balanceado, visor 6x4 y porta visor\n Mensaje de fmunch: enviado a agua y gas 04/08/2017 13:41\n Mensaje de fmunch: PRECIO TOTAL:$8400\n08/08/17 Mensaje de dcomiquil: se aclara que el calefactor es EMEGE 5000 kal tiroro balanceado,gas natural.\nel visor es 2x2 con porta visor\n22/08/17 Mensaje de fmunch: ale el presupuesto es igual ...cambiar el visor y el vidrio a 2cm x 2cm\n24/08/17 Mensaje de emella: Se envió correo electrónico adjuntando Nota Nº 293-DMI-17 24/08/17.', '9000', NULL, NULL, '0000---------', '0293-DMI-17', 12, 9185),
(604, '2017-07-24', 63, 225, 'Solicita: Marcela\n Area Emisora: CENTRO CIVICO – EX CORREO\n Observacion: Se envió nota Nº 228-DMI-17 10 de julio, Ordenes de Trabajo nº 3650 y 3653.\n21/07/2017 avisa marcela que llegaron materiales para instalaciones en turismo Informes.\n09/08/17 Mensaje de asambueza: listado para mejorar sector de informes turismo centro civico\n\n\n15 lamparas led de 5 wats 220v \n1 toma doble tipo cambre binorma de embutir completo\n1 caja rectangular de aplicar para cable canal\n\n Mensaje de fmunch: 10/08/2017 13:17 enviado a pizutti\n Mensaje de fmunch: PRECIO TOTAL:$1500\n22/08/17 Mensaje de emella: Se envió Nota Nº 291-DMI-17 Costo Aproximado $ 1700 22/08/17.\nCosto total $ 2250.- \n06/09/17 Mensaje de farroyo: 05/09/2017 14:45\nHola Alejandra,\nTenemos los materiales solicitados en órdenes de trabajo (ticket) Nº 604: materiales eléctricos Centro Cívico,\n Los esperamos,\nMarcela Giovannini\nDirección de Desarrollo y Calidad Turística\nSecretaría de Turismo y Producción\nMunicipalidad de San Carlos de Bariloche\n\n\n', '2250', NULL, NULL, '0000---------', '0228-DMI', 77, 9185),
(606, '2017-07-24', 63, 211, 'Solicita: Javier Mayordomía\n Area Emisora: Feria Moreno y Vilergas\n Observacion: Por la presente se solicita que devido a la gran nevada trasendida días pasados se observo sobre el techo de la feria de artesanos de villegas y moreno \nque las fotocelulas se encuentran destruidas y no cumplen la funcion de prender las luces que iluminan el lugar por el cual se solicita la reposicion de las mismas, \nasi tambien la reparacion y limpieza de todas las farolas que se encuentran en todo el predio y de un reflector ubicado sobre alumbrado público sobre calle villegas \nquedando asi desprotegidos y tentando aún más a echos de vandalismo.\n \nsin otro particular y a la espera de una urgente solución saludamos atentamente.\n \n Departamento de Mayordomia.\n\n Mensaje de asanders: 24/07/2017  Error en el destinatario ( puse. Carpinteros y es para los Electricos) Ale.\nSe entrego copiaa Leandro. ', '', NULL, NULL, '2407-171020', '00---------', 78, 9185),
(608, '2017-07-24', 63, 150, 'Solicita: Jorge \n Area Emisora: Personal Corralón \n Observacion: Gotera desde techo al mueble oficina Personal Corralón.', '', NULL, NULL, '0000---------', '00---------', NULL, 9185),
(614, '2017-07-25', 33, 209, 'Solicita: lorena\n Area Emisora: CDI "PICHI CHE RUCA"     \n Observacion: Solicitud de reparacion tapa de horno cocina\n Mensaje de asanders: Buenos días:\n por medio de la presente solicitamos urgentemente el arreglo definitivo del horno del. CDI, ya que no se ha terminado su reparación , realizando una resolución en forma provisoria.\nDesde ya muchas gracias.Lorena Zanuttini\n03/08/17 Mensaje de farroyo: Hola buenos días! Les envió, nota para solicitarle el arreglo de horno del.CDI, ya que contamos con el repuesto para el mismo. Desde ya muchas gracias! \n Lorena Zanuttini\n04/08/17 Mensaje de epainefil: 1 termocupla con rosca para horno de 1,50 mts\n Mensaje de fmunch: precio termocupla:$400\n07/08/17 Mensaje de dcomiquil: \nse cambio termocupla del horno,tambien se controlo materiales que habian llegado, pero viendo que no eran los solicitados se espera su reemplazo. y se controlo anafe de sala de bebes x perdida.\n', '', NULL, NULL, '0000---------', NULL, 6, 9185),
(615, '2017-07-26', 63, 207, 'Solicita: Norma \n Area Emisora: CDI "PUDU PUDU"\n Observacion: Solicitud  reparación de termotanque de la cocina - reiteración-.', '', NULL, NULL, '0000---------', '00---------', 55, 9185),
(616, '2017-07-26', 63, 199, 'Solicita: sarita\n Area Emisora: CENTRO KUMEN RUKA\n Observacion: Sarita solicita prender calefactor de sala. \n Mensaje de asanders: Por el presente esta Secretaría de Desarrollo Ubano solicita tenga bien,  reiterar el listado de materiales solicitado oportunamente a esa Dirección, a los efectos de llevar a cabo la división del Despacho del Secretario.   \ncorreo 1707250708\n \nAtte.\n \n \nSDU (Beba)\n10/08/17 Mensaje de asanders: \nLa solicitud de Beba no corresponde a este Ticket. ', '', NULL, NULL, '0000---------', NULL, 56, 9185),
(617, '2017-07-26', 64, 144, 'Solicita: jorge personal\n Area Emisora: CORRALÓN MUNIC – Servicios\n Observacion: Ver gotera de techo en oficina personal Corralón.', '', NULL, NULL, '0000---------', '00---------', 28, 9185),
(618, '2017-07-26', 63, 225, 'Solicita: patricia Montenegro\n Area Emisora: CDI DR IGLESIAS\n Observacion: Solicitan armar alargue . \n206/07/2017  Patricia traerá materiales para armado de alargue. ', '', NULL, NULL, '0000---------', NULL, 57, 9185),
(619, '2017-07-26', 63, 212, 'Solicita: Almendra\n Area Emisora: CENTRO CÏVICO – INTENDENCIA\n Observacion: Prensa y Protocolo solicitud de cambio de tubo en el baño de esa oficina.\n  ', '', NULL, NULL, '0000---------', NULL, 76, 9185),
(620, '2017-07-26', 64, 178, 'Solicita: Barbara\n Area Emisora: CENTRO CIVICO – EX CORREO\n Observacion: Reiteración de pérdida de agua en inodoro y no descarga la mochila.\n Mensaje de emella: Oficina Promoción Cultural arriba de la SUBE.\n07/08/17 Mensaje de dcomiquil: se colocaron dos palancas de descarga de la mochila\nyse coloco masilla y tornillos a inodoro', '', NULL, NULL, '0000---------', NULL, 77, 9185),
(621, '2017-07-26', 63, 224, 'Solicita: Flavia\n Area Emisora: EDIF TRANSITO Y TRANSPORTE\n Observacion: Solicitud de reparación de iluminación en dos gamelas:  Inspectores y Cholita.\n Mensaje de asanders: Por la presente se solicita revisar en el area de transito y transporte la cobacha de los inpectores y la torre sur ( cobacha de cholguita) el sumintro de electricidad hablar co la Sra FLAVIA. \nTambien se solicita revisar la pileta de patio del baño del juez en el tribunal 1 en el edificio de hacienda cito en calle mitre 535.\n \n \n                                   sin mas me despido atentamente.\n \n \nDepartamento de Mayordomia.\n\n\n09/08/17 Mensaje de asambueza: se reparo el problema pero se nesecitan materiales para su mejor funcionamiento que son los siguiente\n\n2 artefacos con protector de acrilico completos de 2x36 wats\n15 metros de cable tpr de 3x1,5 mm\n2 llaves de 1 punto completa \n2 tomos dobles binormas completos\n30 tornillos t2 \n Mensaje de fmunch: 09/08/2017 12:45 enviado a pizutti\n Mensaje de fmunch: PRECIO TOTAL:$2400', '3000', NULL, NULL, '0000---------', '0306-DMI-17', 7, 9185),
(622, '2017-07-26', 63, 209, 'Solicita: Angela \n Area Emisora: EDIF. MITRE 535- TRIBUNAL FALTAS 1\n Observacion: Baño del Tribunal de Faltas Nº 1 emana olor a cloaca Mayordomía mandara correo. 26/07/2017. Hablado con Ängela del Tribunal\n07/08/17 Mensaje de dcomiquil: se limpio pileta de patio,se controlo las descargas de cada sanitario,verificando poka presion de agua en el mismo.\nse aviso a javier,alfonso y dario de mayordomia', '', NULL, NULL, '0000---------', NULL, 71, 9185),
(623, '2017-07-26', 63, 213, 'Solicita: Graciela\n Area Emisora: SCUM – anfiteatro\n Observacion: Graciela de cultura avisa que no hay luz en anfiteatro.', '', NULL, NULL, '0000---------', NULL, 101, 9185),
(624, '2017-07-26', 64, 193, 'Solicita: Maru Caniles\n Area Emisora: CANILES \n Observacion: Los caños de los caniles estan tapados.\n01/08/17 Mensaje de asanders: 01/08/2017 Maru Reiteración de destapar desagues de caniles. Requiere que primero pasen a la oficina a hablar con ellas. ', '', NULL, NULL, '0000---------', NULL, 9, 9185),
(625, '2017-07-26', 63, 225, 'Solicita: Graciela\n Area Emisora: SCUM  - Quiosco artesanas\n Observacion: Corto circuito adentro de la  Feria de Villegas y Moreno. hablo Graciela de Cultura. ', '', NULL, NULL, '0000---------', NULL, 104, 9185),
(626, '2017-07-26', 63, 186, 'Solicita: Miriam\n Area Emisora: CDI "PEQUEÑOS CORAZONES"\n Observacion: Olor a gas en cocina hablo Miriam.\n07/08/17 Mensaje de dcomiquil: se limpio quemador del horno\nengraso llavin de horno y verifico que no halla ninguna perdida\ncambio tre ladrillos refractarios .\nse rectifico asiento y cambio de valvulita de griferia de bano', '', NULL, NULL, '0000---------', NULL, 125, 9185),
(627, '2017-07-26', 63, 225, 'Solicita: Ale sandoval\n Area Emisora: CASA ABUELOS Bº 270 CASA 130\n Observacion: Solicitud de cambio de interruptor  luces comedor y verificar demás interruptores.\nTel 2944-502239. ', '', NULL, NULL, '0612-DAC-17', NULL, 17, 9185),
(628, '2017-07-26', 63, 150, 'Solicita: Ale sandoval \n Area Emisora: CASA ABUELOS Bº 270 CASA 130\n Observacion: Solicitud de construcción de portón de ingreso y cambio del cerco perimetral. ', '', NULL, NULL, '0613-DAC', NULL, 17, 9185),
(629, '2017-07-26', 63, 197, 'Solicita: Ale sandoval \n Area Emisora: comunitario Perito Moreno\n Observacion: comunitario Perito Moreno solicitud de reparación de calefactor \nTel Nº 2944-639681  ', '', NULL, NULL, '0624-DAC-17', NULL, NULL, 9185),
(630, '2017-07-26', 63, 209, 'Solicita: Ale sandoval\n Area Emisora: Cº Cº Bº UNION - CAAT 9 \n Observacion: Solicitud de reparación de cocina en Centro Comunitario Nº Unión.\nTelefono Nº 154-639-700 ( CAAT Nº 9)', '', NULL, NULL, '0606-DAC-17', '00---------', 128, 9185),
(631, '2017-07-26', 63, 225, 'Solicita: CLAUDIA RIQUELME\n Area Emisora: EDIF. MITRE 545 – HACIENDA\n Observacion: POR LA PRESENTE Y ATENTO A LO CONVERSADO EN LA FECHA CON ESA OFICINA, SOLICITO TENGAN A BIEN ENVIAR A CROS. DE DICHA AREA A FIN DE QUE SE EFECTUE EN OFICINAS DE ESTA DIRECCION:\n* LA MEDICION DE PISOS A REPARAR Y LISTADO DE MATERIALES. \n* CAMBIO DE LUMINARIAS Y ARTEFACTORIOS LUMINICOS DE LA DIRECCION LISTADO.-\n \nSOLICITO A LA MAYOR BREVEDAD POSIBLE A EFECTOS DE DAR UNA PRONTA RESPEUSTA A JEFATURA DE GABINETE PARA LA CONCRECION DE DICHAS ACTIVIDADES.-\n \nDESDE YA AGRADECEMOS SU PERMANENTE PREDISPOSICON.-\n \n \nCLAUDIA RIQUELME\n\n', '', NULL, NULL, '1707-251205', NULL, 72, 9185),
(632, '2017-07-26', 63, 150, 'Solicita: CLAUDIA RIQUELME\n Area Emisora: Direccion de Inspección General \n Observacion: POR LA PRESENTE Y ATENTO A LO CONVERSADO EN LA FECHA CON ESA OFICINA, SOLICITO TENGAN A BIEN ENVIAR A CROS. DE DICHA AREA A FIN DE QUE SE EFECTUE EN OFICINAS DE ESTA DIRECCION:\n* LA MEDICION DE PISOS A REPARAR Y LISTADO DE MATERIALES. \n* CAMBIO DE LUMINARIAS Y ARTEFACTORIOS LUMINICOS DE LA DIRECCION LISTADO.-\n \nSOLICITO A LA MAYOR BREVEDAD POSIBLE A EFECTOS DE DAR UNA PRONTA RESPEUSTA A JEFATURA DE GABINETE PARA LA CONCRECION DE DICHAS ACTIVIDADES.-\n \nDESDE YA AGRADECEMOS SU PERMANENTE PREDISPOSICON.-\n  \nCLAUDIA RIQUELME\n\n', '', NULL, NULL, '1707-251005', NULL, 72, 9185),
(635, '2017-07-27', 63, 150, '31/07/17 Mensaje de asanders: Reparación hall de entradas del Jardín \n01/08/17 Mensaje de asanders: Jardín Eluney', '', NULL, NULL, '0000---------', '00---------', 70, 9185),
(636, '2017-07-27', 63, 235, '01/08/17 Mensaje de asanders: Solicitud de construcción de veredas y rampas jardín Eluney ', '', NULL, NULL, '0000---------', '00---------', 70, 9185),
(637, '2017-07-27', 63, 171, '01/08/17 Mensaje de asanders: Solicitud de construcción de rejas en portón salida de emergencia y reparar barandas\n01/08/17 Mensaje de asanders: Jardín Eluney ', '', NULL, NULL, '0000---------', NULL, 70, 9185),
(638, '2017-07-27', 63, 225, 'Solicita: Patricia Montenegro\n Area Emisora: CDI DR IGLESIAS\n Observacion: Corto circuito en un foco de la  sala de maestros. ', '', NULL, NULL, '0000---------', NULL, 57, 9185),
(639, '2017-07-27', 33, 225, 'Solicita: TER\n Area Emisora: TERMINAL DE OMNIBUS – P.A.\n Observacion: Realizar instalacion electrica para conectar artefactos de calefaccion en terminal\n Mensaje de fmunch: materiales\n- 5 tomas de aplicar 25 a\n- 100 ml de tpr 2 x 4 + tierra\n- 1 tablero de 16 bocas de aplicar\n- 1 tablero de 4 bocas de aplicar\n- 1 termomagnetica trifasica de 32 a\n- 4 termomagneticas monofasicas de 32 a\n-1 disyuntor monofasico de 25 a\n- 10 tiras de cable canal 18 x 21 con autoadecivo\n- 50 totnillos t2\n- 50 tarugos para durlok de 6mm\n- 1 cinta aisladora 3M GRANDE\n\nPRECIO TOTAL:$ 8.600 ', '10000', NULL, NULL, '0000---------', '00---------', 3, 9185),
(641, '2017-07-27', 63, 186, 'Solicita: Maria Elena \n Area Emisora: CORRALÓN MUNIC – O. Part. M.E.\n Observacion: solicitud de reparación de canilla de la cocina,  pierde agua, se puede romper porque hay que cerrarla muy fuerte\n08/08/17 Mensaje de dcomiquil: se rectifico asiento de griferia \ncambio valvula a la misma', '', NULL, NULL, '0000---------', NULL, 29, 9185),
(643, '2017-07-27', 33, 209, 'Solicita: CORRALÓN MUNIC – O. Part. M.E.\n Observacion: Cintia de GESTON URBANA y Susana de CATASTRO ,reclaman que se corto el gas en todo el sector incluido obras particulares..\n- se dio aviso a prado', '', NULL, NULL, '0000---------', '00---------', 29, 9185),
(644, '2017-07-27', 64, 157, '27/07/17 Mensaje de emella: Se solicita la construcción de una mesa y banquetas o sillas para la cuadrilla del pañol \nque se incendio en la Delegación Lago Moreno. ', '', NULL, NULL, '0277-DLM-17', '00---------', 145, 9185),
(647, '2017-07-28', 33, 202, 'Solicita: CORRALÓN MUNIC – O.Púb. Archivo\n Observacion: Adriana Conde, solicita encender caldera de Obras Por Contrato\n Mensaje de asanders: 31/07/2017 Reiteración solicitud prender caldera', '', NULL, NULL, '0000---------', '00---------', 30, 9185),
(649, '2017-07-28', 33, 202, 'Solicita: SCUM  - Quiosco artesanas\n Observacion: Maria de cultura solicita revizar la caldera porque no funciona\n Mensaje de asanders: 31/07/17 Reiteración  prender caldera\n08/08/17 Mensaje de dcomiquil: fue prado y sambueza..la dejaron en funcionamiento.', '', NULL, NULL, '0000---------', NULL, 104, 9185),
(650, '2017-07-28', 33, 144, 'Solicita: CDI "ARCO IRIS MÁGICO"   \n Observacion: Lucia de Arco Iris solicita refaccion de gotrra en el techo por ventilacion\n01/08/17 Mensaje de asanders: 01/08/17  Reiteracón pedido de solicitud  filtración de agua en Jardín Arco iris Mágico.  \n Mensaje de fmunch: JARDÍN ARCO IRIS\n \n8 CUMBRERAS DE SINC LISAS\n30 ML DE TIRANTE DE 2” X 3”\n3 KG DE CLAVOS CABEZA DE PLOMO DE 4”\n1 KG DE CLAVOS ESPIRALADOS DE 4”\nTOTAL:$2100\n \n \n \n \n \n', '', NULL, NULL, '0000---------', '0305-DMI-17', 124, 9185),
(654, '2017-07-31', 63, 225, 'Solicita: Ale Sandoval\n Area Emisora: DINARA -SALA DE ENSAYOS\n Observacion: Se recibió materiales para trabajos de electricidad para Sala de Ensayos. Solicitados por nota Nº 052-DMI-17 del 22 de febrero de 2017.\nmateriales controlados por Munch, depositados en ofis.\n', '', NULL, NULL, '0638-DAC-17', '00---------', 114, 9185),
(655, '2017-07-31', 63, 225, 'Solicita: Flandes\n Area Emisora: CORRALÓN MUNIC – Cuadrillas\n Observacion: Flandes de Recolección avisa que no hay luz en gamela de recolección . ', '', NULL, NULL, '0000---------', '00---------', 31, 9185),
(656, '2017-07-31', 63, 197, 'Solicita: Ivana\n Area Emisora: CORRALÓN MUNIC – Sociales\n Observacion: Ivana prender calefactor', '', NULL, NULL, '0000---------', '00---------', 26, 9185),
(657, '2017-07-31', 63, 209, 'Solicita: Cintia\n Area Emisora: CORRALÓN MUNIC – O. Part. M.E.\n Observacion: Cintia de Subsecrataría de Medio Ambiente solicita cabio de tapa de inodoro.\n03/08/17 Mensaje de farroyo: 03/08/2017 10:54\nBuen dia, queria recordarles el pedido realizado telefónicamente del arreglo de la tapa del inodoro del baño situado en esta Subsecretaria. \nDesde ya muchas gracias! \nAtte. Cintia- Subsecretaria de Gestión Urbana\n\n\n\n08/08/17 Mensaje de dcomiquil: 1 tapa asiento para inodoro\n Mensaje de fmunch: - 1 TAPA ASIENTO PARA HINODORO DE PLASTICO DURO\nTOTAL:$8.000\n Mensaje de fmunch: PERDON ES $ 800\n25/08/17 Mensaje de asanders: Cintia avisa que llegaron los materiales: la tapa de inodoro y palanca de baño.', '1000', NULL, NULL, '0000---------', '0282-DMI-17', 29, 9185),
(658, '2017-07-31', 63, 179, 'Solicita: Alfonso\n Area Emisora: CDI "ABEDULES"\n Observacion: Abedules ( hermite y Rolando) sin agua. ', '', NULL, NULL, '0000---------', '00---------', 109, 9185),
(659, '2017-07-31', 63, 144, 'Solicita: Barbara. \n Area Emisora: MORENO Y RUIZ MORENO\n Observacion: Solicitud de reparación de cieloraso de oficina Junta Electoral  Mpal.\n Mensaje de fmunch: lista de materiales\n\n- 100 tornillos negros punta aguja de 8 x 21/2"\n- 1 mecha ecreo rapido de 3,75mm\n- 1 punta philip para taladro larga\n\ntotal $200', '300', NULL, NULL, '0000---------', '0289-DMI-17', 39, 9185),
(660, '2017-07-31', 63, 150, 'Solicita: Mesa\n Area Emisora: EDIF TRANSITO Y TRANSPORTE\n Observacion: Solicitud  colocar porta rollor en baño de damas ', '', NULL, NULL, '0000---------', '00---------', 7, 9185),
(661, '2017-07-31', 63, 177, 'Solicita: Sarita\n Area Emisora: CENTRO KUMEN RUKA\n Observacion: buen día!!\nEstimados: solicito la revision de un calefactor y el arreglo de la ducha\nla cual es muy necesartia para algunos niños/as.\n Cabe aclarar que la han venido a ver como dos o tres veces pero nunca la\npudimos usar ( actualmente nos estamos arreglando con un fuenton).\nsaludos\nSarita\n', '', NULL, NULL, '1707-280929', '00---------', 56, 9185),
(662, '2017-07-31', 63, 141, 'Solicita: Beba Fuentes\n Area Emisora: EDIF. 24 DE SETIMBRE\n Observacion: Por el presente esta Secretaría de Desarrollo Ubano solicita tenga bien,  reiterar el listado de materiales solicitado oportunamente a esa Dirección,\n a los efectos de llevar a cabo la división del Despacho del Secretario.\n \nAtte.\n \n \nSDU (Beba)\n Mensaje de fmunch: - 75 m2 de piso flotante alto trancito color oscuro\n- 3 rollos mexpol\n- 80 ml de zocalo de 3/4" x 3"\n- 500 tornillos philip de 20-55\n- 500 fisher de Ø 8mm\n- 200 tornillos 19-35\n- 400 tornillos 19-55\n- 4 puntas philip largas\n-12 montantes de 70mm\n- 4 soleras de 70mm\n- 5 placas de durlok de 9mm\n- 200 tornillos t1 punta mecha\n- 200 tornillos punta aguja negros de 35mm\n- 1 puerta placa de 0,70  con marco de madera derecha\n- 5 tiras de contramarco de 1/2" x 3"\n- 20 tornillos de 22-60\n- 2 placas de fibrofacil de 18mm\n- 2 lts cetol\n- 1 lts agua ras\n- 2 pincel nº3\n Mensaje de fmunch: enviado a casa palm 03/08/2017 13:39\n24/08/17 Mensaje de fmunch: REENVIEDO 34/8/2017', '', NULL, NULL, '1707-291424', NULL, 163, 9185),
(663, '2017-07-31', 63, 225, 'Solicita: Dani de Sistemas\n Area Emisora: CASA DEL DEPORTE-EDIF.\n Observacion: Llamado de Daniel de Sistemas para solicitar energizar reloj fichador de la Casa del Deporte, solicitan tomar electricidad desde adentro de la oficina. por cuestiones de seguridad en  la electricidad del rejol\n09/08/17 Mensaje de asambueza: para la colocacion de energia para el reloj de fichado es nesesario los siguientes materiale\n\n1 toma de aplicar binorma siglo 21\n10 metros de cable tpr 3x1,5 mm\n20 tornillos t2\n3 tiras de cable canal 18x21 con autoadecivo\n Mensaje de fmunch: 09/08/2017 12:38 enviado a pizutti\n Mensaje de fmunch: PRECIO TOTAL:$600', '800', NULL, NULL, '0000---------', '0292-DMI-17', 92, 9185),
(664, '2017-07-31', 63, 202, 'Solicita: Asencio\n Area Emisora: GIMNASIO Nº2 \n Observacion: Solicitud prender caldera en ginmasio nº 2 \n09/08/17 Mensaje de dcomiquil: Senecesita:\n1 Programador de llama MMG 810.1 Mod 33\n Mensaje de fmunch: 09/08/2017 14:48 enviado a agua y gas\n22/09/17 Mensaje de fmunch: Precio total por KLEMNER:\n$13.000\n', '13300', NULL, NULL, '0000---------', '0354-DMI-17', 120, 9185),
(669, '2017-08-01', 63, 157, 'Solicita: Brenda Morales\n Area Emisora: MORENO Y RUIZ MORENO\n Observacion: Brenda solicita escritorio.\n ', '', NULL, NULL, '0000---------', '00---------', 39, 9185),
(671, '2017-08-01', 63, 209, 'Solicita: Dardo y Fabiana Gonzales\n Area Emisora: TERMINAL DE OMNIBUS – EXTERIOR\n Observacion: Dardo solicita que veamos regulador de aparatos cuadrados que alquilaron -aparentemente regulador pierde -\n31/07/17, avisado a prado -informa que esos aparatos son alquilados-\n04/08/17 Mensaje de epainefil: no corresponde deberan llamar al provedor', '', NULL, NULL, '0000---------', '00---------', 4, 9185),
(672, '2017-08-01', 63, 225, 'Solicita: Dardo Gobierno\n Area Emisora: CENTRO CÏVICO – INTENDENCIA\n Observacion: Sala de Situación  Centro Cívico Intendencia no prende la luz.\n Mensaje de asambueza: para el arreglo de de luces se nesecitan los siguientes materiales \n6 lamparas led dicroicas de 5 wats 220 volt bipin\n Mensaje de fmunch: enviado pizutti 04/08/2017 13:28\n Mensaje de fmunch: PRECIO TOTAL:$600\n06/09/17 Mensaje de asanders: 06/09/2017 Fabiana Gonzalez avisa que llegaron materiales eléctricos.', '1000', NULL, NULL, '0000---------', NULL, 76, 9185),
(673, '2017-08-01', 63, 209, 'Solicita: Patricia Parra\n Area Emisora: CDI DR IGLESIAS\n Observacion: 01/08/2017\n \n  Por medio de la presente, solicitamos con urgencia que se pueda acercar un plomero arreglar la mochila del baño de sala de un año.  Debimos cortar el agua, debido a la perdida que se genero. Siendo  fundamental contar con el uso del agua, para las actividades diarias de higiene.\n   Por otra parte estamos necesitando que nos puedan abrir un candado, de uno de los portones de la entrada.\n \n Saluda a ustedes atte.\nPatricia Parra.\njardín Iglesias ', '', NULL, NULL, '0000---------', '00---------', 57, 9185),
(674, '2017-08-01', 63, 225, 'Solicita: Mesa\n Area Emisora: EDIF TRANSITO Y TRANSPORTE\n Observacion: Mesa de Tránsito avisa que se cortó la luz en 1er. piso de edificio Tránsito.', '', NULL, NULL, '0000---------', NULL, 7, 9185),
(675, '2017-08-01', 63, 157, 'Solicita: Virginia\n Area Emisora: Prensa y Protocolo\n Observacion: A: Mantenimientos \nSr.  Fernando Arroyo\n\n\nEn referencia a la nota adjunta solicitada por su área, TARIMA SALA DE PRENSA,\nle informo que en material ya está disponible  para comenzar, la misma se encuentra en el área del aserradero.\n Se solicita que se pongan en contacto para el traslado y nos mantengan informados. \n\nSaludos \n\nVirginia Cayún \nAdministración – DGC \n(294)  4436330 - 154504328 \nwww.bariloche.gov.ar\n\n\n\n\n\n    \n\n\n\n02/08/17 Mensaje de farroyo: A: Dirección General de Comunicación.\nDE: Dirección de Mantenimiento e Infraestructura.\nRef.: S/ materiales construcción de tarima Sala de Prensa.\nOrden de Trabajo Nº 1890.\nDe mi mayor consideración:\nPor medio de la presente, para construir una tarima de\n4,83 x 2,80 mts que será destinada a la Sala de Prensa, se solicita la provisión\nde los siguientes materiales:\n? 37 Tablones de Ciprés de 1ª calidad de 2 x 8 x 3 mts.\n? 9 Tablones de 2 x 6 x 3 mts.\n? 300 Tornillos 22 – 70.\n? 2 Lijas de bandas de 100 x 6, 10 Nº 80.\n? 2 Lijas de bandas de 100 x 6, 10 Nº 60.', '', NULL, NULL, '1707-310856', '00---------', 76, 9185);
INSERT INTO `tickets` (`id_ticket`, `fecha`, `creador`, `servicio`, `observacion`, `patrimonio`, `tiempoResolucion`, `adjunto`, `nota_entrada`, `nota_salida`, `fkEdificio`, `fk_areaSolicitante`) VALUES
(676, '2017-08-01', 63, 225, 'Solicita: Mercedes \n Area Emisora: LA LLAVE – Gral \n Observacion: Problemas eléctricos en la Llave Habló mercedes.-\n08/09/17 Mensaje de asambueza: se necisita cambiar la nh de oficina para lo cual se necesitan los siguientes materiale\n\n\n1 NH con fucibles de 63 ampres \n4 artefacos de 2x36 wats con protector de acrilico completos\n\n08/09/17 Mensaje de fmunch: ENVIADO PIZUTTI 8/9/2017\n11/09/17 Mensaje de fmunch: PRECI TOTAL: $3.300\n12/09/17 Mensaje de farroyo: nota para camuzzi Gas del Sur. \nSe informa que con La orden de trabajo 876 se realizaon los trabajos solicitados en Acta Nº de Medidor Nº en el centro comunitario Perito Moreno.\natte', '', NULL, NULL, '0000---------', NULL, 58, 9185),
(677, '2017-08-01', 63, 209, 'Solicita: Rojel\n Area Emisora: PUERTO – EXTERIOR\n Observacion: Pérdida de agua en playa de estacionamiento del Puerto San Carlos  \n09/08/17 Mensaje de dcomiquil: 1 canilla esferica de 1/2\n1 tee de polipropileno de 1/2\n22/08/17 Mensaje de fmunch: enviado a agua y gas 22/8/2017\n23/08/17 Mensaje de fmunch: PRECIO TOTAL:$160', '200', NULL, NULL, '0000---------', '0295-DMI-17', 88, 9185),
(685, '2017-08-02', 31, 215, 'Solicita: Veronica Martin\n Area Emisora: Turismo centro Cívico\n Observacion: Departamento de Mayordomía\nPor la presente informamos falta de funcionamiento luces de recova en exterior Edificio Ex Correo, Centro Cívico y sobre calle Independencia. La galería de edificio Ex Correo y la calle Independencia están completamente oscuras durante la mañana-tarde- noche.\nRecordamos que en ocasión a la Fiesta Nacional de la Nieve, habrá una serie de actividades en Centro Cívico hasta el domingo 6/08/17  y es importante que toda la zona se encuentre iluminada, por el alto tránsito de personas y seguridad de las mismas.\n \nDesde ya muchas gracias.\nDepartamento de Mayordomía\nPor la presente informamos falta de funcionamiento luces de recova en exterior Edificio Ex Correo, Centro Cívico y sobre calle Independencia. La galería de edificio Ex Correo y la calle Independencia están completamente oscuras durante la mañana-tarde- noche.\nRecordamos que en ocasión a la Fiesta Nacional de la Nieve, habrá una serie de actividades en Centro Cívico hasta el domingo 6/08/17  y es importante que toda la zona se encuentre iluminada, por el alto tránsito de personas y seguridad de las mismas.\n \nDesde ya muchas gracias.\nLic. Verónica Martín a/c\nDepto. de Informes y Atención al Turista\nSecretaría de Turismo y Producción\nMunicipalidad de San Carlos de Bariloche\ninformesturmscb@bariloche.gov.ar\nTE (0294) 4428675\n', '', NULL, NULL, '1708-021057', NULL, 77, 9185),
(686, '2017-08-02', 31, 152, 'Solicita: Rodriguez; Juan\n Area Emisora: OBRAS PARTICULARES\n Observacion: SOLCITA 4 MUEBLES PARA ARCHIVO\n Mensaje de fmunch: materiales:\n- 5 placas de melemina de 18mm segun cortes\n- 4 placas de melamina de 3mm\n- 60 ml de tirantes de 1" x 1"\n- 300 tornillos de 19-40\n- 4 kg de cola tipo fotrx\n- 6 lts de cetol cedro\n- 3 lts agua rass \n Mensaje de fmunch: enviado madeco 27/07/2017 13:57\n Mensaje de fmunch: PRECIO TOTAL: $12.000\nENVIO PLANO DE CORTES POR MEIL', '14000', NULL, NULL, '0000---------', '0283-DMI-17', 29, 9185),
(692, '2017-08-03', 31, 184, 'Solicita: Alejandara Sandoval\n Area Emisora: Secretaria de Desarrollo Humano\n Observacion: Solicitan conexión de agua en la vivienda particular del señor Francisco Vidal ( Adulto Mayor) Nuro de contacto 2944502239.\n03/08/17 Mensaje de farroyo: La viienda está ubicada en La Paz Nº940', '', NULL, NULL, '0625-SDSDYD17', NULL, NULL, 9185),
(693, '2017-08-03', 31, 236, 'Solicita: Osvaldo Prado\n Area Emisora: Direccion de Mantenimiento e Infraestructura\n Observacion: Solcita la ejecución de nicho de Gas Nuevo según indicaciones.', '', NULL, NULL, '0000---------', '00---------', 4, 9185),
(698, '2017-08-03', 31, 202, 'Solicita: Prado\n Area Emisora: Direccion de Mantenimiento e Infraestructura\n Observacion: Se solcita reparar camara de combustión de la caldera de la Terminal', '', NULL, NULL, '0000---------', '00---------', 2, 9185),
(700, '2017-08-03', 31, 221, 'Solicita: Quinchahual\n Area Emisora: Delegación Lago Moreno\n Observacion: En conteiner provisorio para personal de Gamelas ubicado en inmediaciones de la policia de Km 13 \nPor medio de la presente,me dirijo a usted. para solicitarle personal de ELECTRICIDAD para poder dejar en condiciones el nuevo pañol del km 13 ya que el que estaba en el predio del jockey  Club  se incendio .\n \n \nGracias \n \n \n \nCarlos Quinchahual \n \n', '', NULL, NULL, '1708-031026', NULL, 145, 9185),
(701, '2017-08-03', 31, 187, 'Solicita: Quinchahual\n Area Emisora: Delegación Lago Moreno\n Observacion: Solcitan conexión de agua que incluye alimentacion de tanque para conteiner provisorio paera gamelas de la Delegación ubicado en n inmediaciones de la policía del Km 13\nPor medio de la presente,me dirijo a usted. para solicitarle personal de PLOMERÍA  para poder dejar en condiciones el nuevo pañol del km 13 ya que el que estaba en el predio del jockey  Club  se incendio .\n \n \nGracias \n \n \n \nCarlos Quinchahual \n\n08/08/17 Mensaje de farroyo: También solicitan calefacción a envasado.\n Mensaje de fmunch: LAGO MORENO materiales (presupuesto estimado de plomeros)\n \n1 tira de caño de 1/2”ppl\n6 codos hh 1/2” ppl\n1 conexión tanque de 1/2” ppl\n1 flotante de 1/2” de bronce\n1 buje de 1 1/2” x 3/4” ppl\n1 buje 3/4” x 1/2” ppl\n1 unión doble de 3/4” ppl\n1 llave de paso de 3/4” agua\n1 llave de paso de 1/2” agua\n1 unión doble de 1/2” ppl\n30 ml de manguera negra de 1/2” k6\n1 sella rosca hido 3 grande\n1 te de 1/2” x 1/2” ppl\n2 entrerroscas de 1/2” ppl\n3 codos mh de 1/2” ppl\n1 griferia para sobremesada\n1 sifon simple\n1 sopapa de goma de Ø50 \n1 bacha de cero inoxidable de 40 cm\n1 flexible de 1/2” mallado de 35cm\n \n \n4 ml de caño Ø50 acuaduct\n4 ml de caño Ø63 acuaduct\n3 codos Ø50 hh acuaduct\n2 codos Ø63 hh acuaduct\n1 cámara desengrasante acuaduct\n1 m3 de bochin\n \n4 codos mh epoxi\n1 te de 3/4” de 1/2” epoxi\n1 regulador doble para tubo de 45kg con 2 flexibles\n1 unión doble de 3/4” epoxi\n1 niple de 10cm de 3/4” epoxi\n6 grampas homegas de 1/2”\n1 flexible aprobado de gas\n2 rejillas ventilación aprobadas 100cm2\n50 cm caño cobre 5/16\n1 placa de 1m durlok ignifugo\n1 plancha cartón mineral\n1 tarro espuma poliuretanica de 90cm3\n1 teflón profesional\n250 cc litargirio\n200 gr glicerina\n500 cc pintura epoxi\n100 tornillos punta mecha t2\n1 calefactor de 3000 kal\n1 anafe de 1 hornalla 1600k\n\nprecio total: $28.000\n \n \n \n \n \n \n ', '29000', NULL, NULL, '1708-031026', 'P Ab-4052', 145, 9185),
(706, '2017-08-03', 31, 206, 'Solicita: Raul Soto\n Area Emisora: Suministros\n Observacion: Buen día Prado o Fernando!! quiero comentarles que en la oficina de Suministros hay perdida de gas., solicito revisión de la misma \n                                                 \n                                                                           atentamente.-\n \n      Raúl Soto\nDivisión compras\n\n\n07/08/17 Mensaje de dcomiquil: se regulo aire de la hornallas de la anafe\nse engraso llave de pasoy se controlaron artefactos de la misma.', '', NULL, NULL, '1708-021011', NULL, 73, 9185),
(708, '2017-08-03', 31, 174, 'Solicita: Rojel \nArea emisora: Direccion de Mantenimiento e Infraestructura\nLugar de trabajo: EDIF. MITRE 545- DEPOSITOS\nObservacion: Solicitan tapa de Cámara de Inspección de cloaca de oficina de Patrimoniales de acero para resistir Tránsito\n Mensaje de fmunch: t 708 tapas para cámara de inspección\n\n1 chapón con dibujo antideslizante tipo semilla de melón de 1,50 x 3 ml x 3/4” \n3 tiras de hierro angulo de 1 1/2” x 5/16 x 1/4” \n2 tiras planchuelas de 1 1/4” x 1/4” \n3 kg electrodos de 3,25 mm punta azul \n5 discos de corte de 7”\n\nenviados a palm 3/8/2017      13:00hs\n\n24/08/17 Mensaje de fmunch: reenviado 24/8/2017\n28/08/17 Mensaje de fmunch: PRECIO TOTAL:$3.500\n28/08/17 Mensaje de fmunch: correccion lista de materiels y precio\n\n1ml chapón con dibujo antideslizante tipo semilla de melón de ANCHO 1,50  x 3/4” DE ESPESOR\n3 tiras de hierro angulo de 1 1/2” x 5/16 x 1/4” \n2 tiras planchuelas de 1 1/4” x 1/4” \n3 kg electrodos de 3,25 mm punta azul \n5 discos de corte de 7”\n\nPRECIO TOTAL:$8.000\n29/08/17 Mensaje de fmunch: hable con fernando y vamos a modificar la cantidad de chapon "este es la laista y precio definitivo"\n\n1,5ml chapón con dibujo antideslizante tipo semilla de melón de ANCHO 1,50  x 3/4” DE ESPESOR\n3 tiras de hierro angulo de 1 1/2” x 5/16 x 1/4” \n2 tiras planchuelas de 1 1/4” x 1/4” \n3 kg electrodos de 3,25 mm punta azul \n5 discos de corte de 7”\nPRECIO TOTAL:$ 9.000', '10000', NULL, NULL, '0000---------', 'Paba-4433', 74, 9185),
(709, '2017-08-03', 31, 205, 'Solicita: Adriana Conde-Milano\nArea emisora: Secretaría de Obras y Servicios Públicos\nLugar de trabajo: CORRALÓN MUNIC – O.Púb. Archivo\nObservacion: Se solcits prueba hidraulica del sistema de Gas y verificación de artefactos por denuncias de olor a gas natural.\n15/08/17 Mensaje de dcomiquil: ya saben Arroyo y Prado', '', NULL, NULL, '0925-SOYSP-17', NULL, 30, 9185),
(712, '2017-08-03', 31, 207, 'Solicita: Alejandra Sandoval\nArea emisora: Secretaria de Desarrollo Humano\nLugar de trabajo: CAAT 9-Comedor de Abuelos Angeleli\nObservacion: Solicitan reparación del Horno del Comedor de Abuelos Angeleli.', '', NULL, NULL, '0644-SDSDYC17', '00---------', 164, 9185),
(713, '2017-08-04', 63, 209, 'Solicita: Sarita \nArea emisora: CENTRO KUMEN RUKA\nLugar de trabajo: CENTRO KUMEN RUKA\nObservacion: Sarita solicita reparación de ducha. Kumer Ruka\n09/08/17 Mensaje de dcomiquil: coloco canilla en la parte exterior del mismo y se purgo cañeria del baño de personal', '', NULL, NULL, '0000---------', NULL, 56, 9185),
(714, '2017-08-04', 63, 230, 'Solicita: Maru\nArea emisora: EDIF VETERINARIA Y LABORAT ENSAYOS\nLugar de trabajo: EDIF VETERINARIA Y LABORAT ENSAYOS\nObservacion: Muro de entrada de veterinaria se esta fisurando . Habló maru', '', NULL, NULL, '0000---------', NULL, 8, 9185),
(715, '2017-08-04', 63, 150, 'Solicita: Estela\nArea emisora: CORRALÓN MUNIC – O.Púb. Archivo\nLugar de trabajo: CORRALÓN MUNIC – O.Púb. Archivo\nObservacion: Puerta de ingreso se trabó y no cierra..habló Estela.', '', NULL, NULL, '0000---------', NULL, 30, 9185),
(716, '2017-08-04', 63, 212, 'Solicita: Sarita \nArea emisora: CENTRO KUMEN RUKA\nLugar de trabajo: CENTRO KUMEN RUKA\nObservacion: Se quemó luz del baño  Centro Kumen Ruka.- ', '', NULL, NULL, '0000---------', NULL, 56, 9185),
(717, '2017-08-04', 63, 150, 'Solicita: Cintia Tavella\nArea emisora: CORRALÓN MUNIC – O. Part. M.E.\nLugar de trabajo: CORRALÓN MUNIC – O. Part. M.E.\nObservacion: Área de Gestión Urbana solicita cambio de lugar perchero. Habló Cintia.- ', '', NULL, NULL, '0000---------', NULL, 29, 9185),
(720, '2017-08-04', 63, 225, 'Solicita: Maru\nArea emisora: EDIF VETERINARIA Y LABORAT ENSAYOS\nLugar de trabajo: EDIF VETERINARIA Y LABORAT ENSAYOS\nObservacion: Trailer  Quirófano móvil: que esta Frente a Diarco en el CIC de 34 hectárias se encuentra sin luz, tienen que re-programar operaciones. \nSolicitan avisar para coordinar día y horario.    ', '', NULL, NULL, '0000---------', NULL, 8, 9185),
(721, '2017-08-04', 63, 227, 'Solicita: Secretario Obras\nArea emisora: Secretaría de Obras y Servicios Públicos\nObservacion:    8 Postes de ciprés Ø 15cm a 20cm de 2,20 Ml.\n 20 Grampas para alambre tejido.\n   1 Rollo alambre tejido de 1,50ml x 10ml.\n   1 kg clavos de 4”.\n   4 Golondrinas medianas para cerco.\n 20 Ml alambre de acero liso galvanizado p/ cerco.\n\nDESTINO:Reparación de cerco, dañado por retroescavadora  municipal  en calle Quintral Nº 1307.(Orden de Trabajo Nº 3272).\nPEDIDO Nº: 1994                                       COSTO: $ .3200\nFECHA: 19-04-2017.\nDE CONSTRUCCIÓN Y P /INSTALACIONES.                                   \nOBRAS PÚBLICAS RECURSOS PROPIOS. 105.11.129.00.09.', '3200', NULL, NULL, '0409-SOYSE-17', 'P.Ab-1994', NULL, 9185),
(722, '2017-08-04', 63, 181, 'Solicita: gladys\nArea emisora: CORRALÓN MUNIC – Sociales\nLugar de trabajo: CORRALÓN MUNIC – Sociales\nObservacion: Gladys de Sociales  avisa que tanque  pierde agua,  llego hasta la vereda.. ', '', NULL, NULL, '0000---------', '00---------', 26, 9185),
(723, '2017-08-04', 31, 207, 'Solicita: Semelak\nArea emisora: Direccion de Mantenimiento e Infraestructura\nLugar de trabajo: DELEGACIÓN CERRO OTTO \nObservacion: Solicitan revisar Termotanque y un calefactor del sector de gamelas\n10/08/17 Mensaje de dcomiquil: Materiales pra el laburo:\n3 vidrios templados 3x2 con porta visor\n3 magiclick "estrella" con cable \n2 interiores COMPLETAS para mochila CAPEA boton superior\n2 fuelles corrugados para mochila CAPEA\nSe limpio termotanque q estaba apagado,y se cambio flexible mallado de 1/2 debajo de la mesada\nse elimino perdida de gas en uno de los calefas.\n22/08/17 Mensaje de fmunch: 22/08/2017 14:25 ENVIADO A AGUA Y GAS\n23/08/17 Mensaje de fmunch: PRECIO TOTAL:$2600\n19/09/17 Mensaje de fmunch: materiales entregados completos segun pedido anterior "PUESTOS EN OFICINA"\n20/09/17 Mensaje de fmunch: entregados a daniel comiquil ,,controlado completo', '2700', NULL, NULL, '0000---------', 'P.Ab-4328', 140, 9185),
(724, '2017-08-04', 31, 198, 'Solicita: Patricia Parra.\nArea emisora: Cdi Iglesias\nLugar de trabajo: CDI DR IGLESIAS\nObservacion: 04/08/17\n \nA: Dirección de mantenimiento.\n \n  Por medio de la presente solicitamos que se puedan acercar de manera urgente y lo antes posible para revisar el calefactor de sala de un año, que pierde gas cuando se lo deja en piloto, como así también una vez más reiteramos que puedan revisar la perdida de agua que tenemos en ese baños de los niño/as. \n \n \nSaluda atte.\nPatricia Parra.\n09/08/17 Mensaje de dcomiquil: Se cambio tee de 3/4 polipropileno del termotanque de la cocina\nregulo obturador de deposito emprotad\n4vidrios templados 6x4cm  pra calefa 5000 kcal \n22/08/17 Mensaje de fmunch: 22/08/2017 14:22 enviado a agua y gas\n23/08/17 Mensaje de fmunch: PRECIO TOTAL:$300', '400', NULL, NULL, '1708-0420933', '0297-DMI-17', 57, 9185),
(726, '2017-08-04', 31, 209, 'Solicita: Miguel Lopez\nArea emisora: Gimansio l\nLugar de trabajo: GIMNASIO Nº1 – INFRAEST.\nObservacion: Me dirijo a Ud. a fin de solicitarle puedan colocar sombreros de calefacion y ventilacion que se salierno parcialmente con la nevada pasada y ante la inmposibilidad de arreglarlos por no contar con las herramientas adecuadas, recurrimos a ustedes. \n                                               Desde ya muchas gracias.\n\nGimnasio nº 1\n\nInt: 413\n\nEncargado: Miguel Lopez\n\n\n11/08/17 Mensaje de dcomiquil: se colocaron dos tirajes que se habian salido de lugar.\nuno de la sala de musculacion y otro del albergue.\nquedo ok.....', '', NULL, NULL, '1708-040927', '00---------', 23, 9185),
(727, '2017-08-04', 31, 174, 'Solicita: Guajardo\nArea emisora: Servicios\nObservacion: Solcitan reparar 3 escalones de la escalera Tiscornia en forma urgente\n24/08/17 Mensaje de farroyo: Reclamo nota: 459-DSP-17', '', NULL, NULL, '0000---------', NULL, NULL, 9185),
(728, '2017-08-07', 31, 202, 'Solicita: Javier\nArea emisora: Mayordomia\nLugar de trabajo: EDIF. MITRE 545 – HACIENDA\nObservacion: No anda la Calera de Mitre.\n11/08/17 Mensaje de dcomiquil: ya quedo en funcionamiento', '', NULL, NULL, '0000---------', NULL, 72, 9185),
(731, '2017-08-07', 63, 206, 'Solicita: Juan \nArea emisora: DINARA -SALA DE ENSAYOS\nLugar de trabajo: DINARA -SALA DE ENSAYOS\nObservacion: Juan de Sociales avisa que hay olor a gas -pérdida- en Sala de Ensayo Dinara.\n\n15/08/17 Mensaje de dcomiquil: se engraso conexion de calefactor\ny se arreglo cocina', '', NULL, NULL, '0000---------', '00---------', 114, 9185),
(736, '2017-08-08', 63, 191, 'Solicita: vascur \nArea emisora: CEMENTERIO- PERSONAL\nLugar de trabajo: CEMENTERIO- PERSONAL\nObservacion: Vascur del Cementerio avisa que el termotanque pierde agua  \n10/08/17 Mensaje de dcomiquil: Se necesita :\n1canilla para termotanque \n1 puente plastico para griferia fv con oring en el centro\n22/08/17 Mensaje de fmunch: 22/08/2017 14:03 enviado a agua y gas\n23/08/17 Mensaje de fmunch: PRECIO TOTAL:$400\n15/09/17 Mensaje de fmunch: materiales en oficina:\n1 canilla de termotanque de bronce\n1 puente plastico para griferia fv', '500', NULL, NULL, '0000---------', '00---------', 66, 9185),
(737, '2017-08-08', 63, 177, 'Solicita: Javier Mayordomía \nArea emisora: CENTRO CIVICO – EX CORREO\nLugar de trabajo: CENTRO CIVICO – EX CORREO\nObservacion: Turismo Informes del Centro Cívico baño público  de mujeres,  rompieron lavatorio y caño pierde agua .  \n08/08/17 Mensaje de dcomiquil: se arreglo lavatorio y se cambiaron nuevamente las palancas de descarga de las mochilas del bano de mujeres\n4 palancas metalicas para mochila ferrum linea andina con sus correas.\n Mensaje de fmunch: 09/08/2017 14:44 enviado a agua y gas\n Mensaje de fmunch: PRECIO TOTAL:$1.200\n06/09/17 Mensaje de farroyo: 05/09/2017 14:45\nHola Alejandra,\n Tenemos los materiales solicitados en órden Nº 737: reparación baño damas Centro Cívico.\nLos esperamos,\nMarcela Giovannini\nDirección de Desarrollo y Calidad Turística\nSecretaría de Turismo y Producción\nMunicipalidad de San Carlos de Bariloche\n\n\n15/09/17 Mensaje de farroyo: Dirección de Mantenimiento\nPor la presente informamos que están disponibles los materiales (palancas sistema metálico) para reparar el sistema de descarga de agua del depósito  de los inodoros en el baño público de mujeres, Edificio Ex Correo, Centro Cívico.\nAsimismo informamos que nuevamente pierde agua el lavatorio de manos del baño de mujeres.\natentamente.\n\n20/09/17 Mensaje de farroyo: Reclamaron hoy', '1500', NULL, NULL, '0000---------', '0290-DMI-17', 77, 9185),
(738, '2017-08-08', 31, 204, 'Solicita: Ampuero\nArea emisora: Dpto. Seguridad e Higiene\nLugar de trabajo: VERTEDERO compostaje etc \nObservacion: Slicitan calefaccion y gas envasado para las Gamelas del vertedero.\n Mensaje de fmunch: gamella vertedero\n \n6 caños de 1/2” epoxi\n12 llaves de paso de 1/2\n6 te epoxi de 1/2”\n48 codos hh de 1/2” epoxi\n24 codos mh de 1/2”\n6 te 3/4” de 1/2” epoxi\n6 reguladores para tubo de 45 k con los flexibles completos\n6 uniones dobles de 3/4” epoxi\n6 nipes de 3/4” x 10 cm epoxi\n36 grampas homega de 1/2”\n6 flexibles aprobados de 1/2”\n12 rejillas de ventilación de 100cn2\n3 ml caño de cobre de 5/16”\n2 planchas de durlok para alta temperatura\n2 planchas cartón mineral \n5 tarros de espuma poliuretanica de 80cm3\n3 teflón profesional\n500 gr litargirio\n250 glicerina\n500 cc pintura epoxi\n100 tornillos punta mecha t2\n250 gr grasa grafitada\n1 calefactor EMGE 5000 KAL para gas envasado TB\n1 calefactor EMGE 1900 KAL gas envasado TB\n5 calefactores EMGE 3000 KAL gas envasado TB\n1 rollo poliguard\n6 anafe de 1 hornalla 1600kal gas envasado\n12 TUBOS DE 45 KG \n3 tiras hierro angulo de 5/8" x 1/8"\n2 kg electrodos de 2,5mm\n\nPRECIO TOTAL:$140.000\n (agua y gas, oscar gas,palm)\n08/08/17 Mensaje de asanders: Se envió correo electrónico a Seguridad e Higiene 08/08/2017', '140000', NULL, NULL, '0000---------', 'CE17-08/08', 138, 9185),
(744, '2017-08-08', 31, 150, 'Solicita: Alejandra Sandova\nArea emisora: Secretaria de desarrollo Humano\nLugar de trabajo: CIC – SALUD\nObservacion: Solcitan colocar Burlete en la Puerta del edificio. Nro de Contacto 2944639700.\n\n10/08/17 Mensaje de farroyo: Mariano propone hacer un alero en ingreso, lo voy a ver con Adriana', '', NULL, NULL, '0660-SDSDYC17', NULL, 130, 9185),
(745, '2017-08-08', 31, 190, 'Solicita: Alejandra Sandoval\nArea emisora: Secretaria de Desarrollo Humano\nLugar de trabajo: CIC – SALUD\nObservacion: Solicita arreglo de mochila del baño publico. Nro de Contacto 2944639700.\n09/08/17 Mensaje de dcomiquil: 1 Palanca para descarga d mochila ferrum linea andina\n1 picaporte pa la puerta de uno de los baños\n22/08/17 Mensaje de fmunch: 22/08/2017 14:16 enviado a palm\n23/08/17 Mensaje de fmunch: PRECIO TOTAL:$400', '500', NULL, NULL, '0659-SDSDYC17', '0298-DMI-17', 130, 9185),
(746, '2017-08-08', 31, 180, 'Solicita: Alejandra Sandoval\nArea emisora: Secretaria de desarollo Humano\nLugar de trabajo: CLUB DE DIA BARRIO 2 DE ABRIL\nObservacion: Corresponde a Orden de Trabajo 2018. Adecuar baño para discapacitados. Los materiales llegaron. La obra implica conexion a red cloacal de todo el sistema. Pero en forma Urgente habría que colocar el Indoro de discapacitados, adecuando el desague a lo existente.\n30/08/17 Mensaje de lsandoval: Está faltando el siguiente material para instalar agua al baño de discapacitados:\n\n4 Tubos incertos de 20 con rosca H 1/2" acuasystem\n8 codo de 20 Fusión acuasystem\n2 TE de 20 con rosca central de 1/2" H acuasystem\n1 Boquilla de 20 acuasystem para termofusora\n1 Boquilla de 25 acuasystem para termofusora\n \n30/08/17 Mensaje de fmunch: ENVIADO A AGUA Y GAS 30/08/2017 14:07\n31/08/17 Mensaje de fmunch: PRECIO TOTAL:$1.200\n15/09/17 Mensaje de fmunch: entregados materiales completos puesto en oficina: nota nº 414 administracion central sociales\n18/09/17 Mensaje de fmunch: MATERIALES  ENTREGADOS A RODRIGO\n18/09/17 Mensaje de farroyo: Llegaron los siguientes materiales con nota 814 SDSDyC/DAC-17:\n4 tubos insertos de 20 con rosca H 1/2 Acquasystem\n8 codos de 20 fusión Acquasystem\n2 te de 20 con rosca central de H 1/2 Acquasystem\n1 boquilla de 20 Acquasystem para termofusora\n1 boquilla de 25 Acquasystem para termofusora\n19/09/17 Mensaje de fmunch: entregados a plomeros 19/9/2017', '1500', NULL, NULL, '0547-SDSDYC17', '0326-DMI-17', 165, 9185),
(754, '2017-08-09', 63, 211, 'Solicita: Bascuth\nArea emisora: CEMENTERIO- PERSONAL\nLugar de trabajo: CEMENTERIO- PERSONAL\nObservacion: Bascurt solicita reparación de llave de luz para el sereno.- ', '', NULL, NULL, '0000---------', '00---------', 66, 9185),
(755, '2017-08-09', 31, 224, 'Solicita: Claudia Hanec\nArea emisora: Concejo Municipal\nLugar de trabajo: CENTRO CIVICO – EX CORREO\nObservacion: Solicitan electricistas por corte de Energía\n', '', NULL, NULL, '0000---------', '00---------', 77, 9185),
(756, '2017-08-09', 31, 141, 'Solicita: Javier Castillo\nArea emisora: Mayordomia\nLugar de trabajo: CORRALÓN MUNIC – Servicios\nObservacion: Solcitan reparar la puerta del sereno, ex espacio cola de pato.\n18/08/17 Mensaje de fmunch: T:771   PUERTA DE CUADRILLAS CORRALON\n2 tirantes de 2” x 4” x 2,10ml \n1 tirante de 2”x4” x 1.00 \n30 tornillos 20-60 philip \n30 tarugos de 8mm\n enviado madeco 18/8/2017\n25/08/17 Mensaje de fmunch: PRECIO TOTAL:$1.000\n25/08/17 Mensaje de fmunch: materiales equibocados,va lista de materiales correcta\n\n1 placa de fibrofacil de 3mm\n1 kg cola carpintero\n1 cerradura trabex\n1 manija completa\n50 tornillos 19-50\n\nPRECIO TOTAL:$1300\n30/08/17 Mensaje de fmunch: aclaracion:\n-LA COLA ES TOPO FORTEX\n-LA MANIJA ES UN PICAPORTE COMPLETO DORADO\n-LA CERRADURA ES TIPO TRABEX\n\nGRACIAS...........\n15/09/17 Mensaje de fmunch: materiales en oficina:\n1 cola vinilica fortex (de estok)\n1 cerradura prive\n1 manija dorada\n18/09/17 Mensaje de asanders: 18-09-2017 se recibió  factura de madeco B nº 0003-00039538 de $ 430  según nota Nº 420-DC-17 ', '1500', NULL, NULL, '0000---------', 'Paba-4457', 28, 9185),
(757, '2017-08-09', 31, 213, 'Solicita: Beba\nArea emisora: Subsecretaria de Planeamiento\nLugar de trabajo: EDIF. 24 DE SETIMBRE\nObservacion: Sin Energía hace mas de 1 hora', '', NULL, NULL, '0000---------', '00---------', 163, 9185),
(758, '2017-08-09', 31, 193, 'Solicita: Marisa Ceballos\nArea emisora: Secretaría de Obras y Servicios Públicos\nLugar de trabajo: PUESTO SANITARIO Y INF. TURÍSTICO\nObservacion: Solicitan ver por rebalse de desagúe cloacal\n10/08/17 Mensaje de dcomiquil: Poso existente saturado.\nSe dejo dicho que se solicitara el atmoferico', '', NULL, NULL, '0000---------', '00---------', 1, 9185),
(759, '2017-08-09', 31, 175, 'Solicita: Prado\nArea emisora: Direccion de Mantenimiento e Infraestructura\nLugar de trabajo: TERMINAL DE OMNIBUS – EXTERIOR\nObservacion: Solcitan realizar puerta de nicho de Gas terminal para doble regulación.\n Mensaje de fmunch: PRECIO TOTAL:$2.000\n Mensaje de fmunch: terminal de ómnibus gas "lista de materiales"\n\n1 hierro Angulo de 1” x 1/8” \n1 hierro Angulo de 3/4” x 1/8” \n1 chapa lisa calibre 18 de 1 ml x 2 ml \n4 bisagras fichas liviana para nicho de gas de 30mm x 15mm \n1 lts antioxido color gris humo \n1 kg electrodos de 2,5mm punta azul \n2 discos de corte de 7”\n\n28/08/17 Mensaje de fmunch: PRECIO TOTAL:$3800\n28/08/17 Mensaje de fmunch: este ultimo precio es lo de herreria\n11/09/17 Mensaje de farroyo: En retiro de material\n11/09/17 Mensaje de fmunch: ENTREGADO A TTALLER HERRERIA EN FORMA PARCIAL REMITO OO10-58654\n- 1 hierro Angulo de 1” x 1/8” \n- 1 hierro Angulo de 3/4” x 1/8” \n- 1 chapa lisa calibre 18 de 1 ml x 2 ml \n- 1 lts antioxido color gris humo \n- 1 kg electrodos de 2,5mm punta azul \n- 2 discos de corte de 7”\nMATERIEL FALTANTE NO COMPRADO\n- 4 bisagras fichas liviana para nicho de gas de 30mm x 15mm\nNOTA: HERRERO FABRICA VISAGRAS (IGUAL HACER RECLAMO)', '2500', NULL, NULL, '0000---------', 'P Ab-4160', 4, 9185),
(761, '2017-08-09', 31, 150, 'Solicita: Diaz\nArea emisora: Concejo Municipal\nLugar de trabajo: CENTRO CIVICO – EX CORREO\nObservacion: Solcitan varias reparacines de la casiila del estacionamiento del Concejo Municipal\n\n24/08/17 Mensaje de fmunch: que pasa con esto', '', NULL, NULL, '0000---------', NULL, 77, 9185),
(762, '2017-08-09', 31, 171, 'Solicita: Daniel Comiquil\nArea emisora: Direccion de Mantenimiento e Infraestructura\nLugar de trabajo: CENTRO CULTURAL BARRIO 270 VIVIENDAS\nObservacion: Se solcita reforzar las rejas del nicho de las garrafas o tubos, para evitar el bandalismo sencillo', '', NULL, NULL, '0000---------', NULL, 166, 9185),
(763, '2017-08-09', 31, 224, 'Solicita: Canizaro\nArea emisora: Delegación El Condor\nLugar de trabajo: DELEGACIÓN EL CONDOR \nObservacion: La maquina cortó un cable subterraneo de que alimantaba galpones ', '', NULL, NULL, '0000---------', '00---------', 11, 9185),
(764, '2017-08-10', 31, 223, 'Solicita: Maciel\nArea emisora: Dirección de Mecánica\nLugar de trabajo: DINARA – VIALES\nObservacion: Solcitan ver Fases del taller Vial. faltaría el Neutro.\n15/08/17 Mensaje de asambueza: para solucionar el problema se necesitan los siguientes materiales\n\n10 mangos de empalme de 35 mm\n4 mangos de empalme de 25mm\n1 metro de termocontraible de 33/8 para subterraneo de 3x35+25mm\n1 metro de termocontraible de 22/6 para cable unipolar de 35mm\n1 NH numero 3 con fucible de 35 amperes\n \n Mensaje de fmunch: 16/08/2017 08:3 enviado a pizutti\n Mensaje de fmunch: ATENCION: DEL PEDIDO DE MATERIALES SE COMPRARON LOS SIGUIENTES MATERIALES CON CAJA CHICA\n\n10 mangos de empalme de 35 mm\n4 mangos de empalme de 25mm\n1 metro de termocontraible de 33/8 para subterraneo de 3x35+25MM\nFACURA 00015-00044234 TOTAL GASTADO $616\n\nCOMPRAR\n1 metro de termocontraible de 22/6 para cable unipolar de 35mm\n1 NH numero 3 COMPLETA con fucible de 35 amperes\nTOTAL$1700\n \n05/09/17 Mensaje de farroyo: Llegaron materiales', '2500', NULL, NULL, '0000---------', 'P ab-4208', 117, 9185),
(765, '2017-08-10', 31, 150, 'Solicita: Juan Manuel Cristiani\nArea emisora: CPA Instituciones\nLugar de trabajo: CDI "ABEDULES"\nObservacion: Por medio de la presente nos dirigimos a ud. a fin de solicitar la realización de reparaciones en el edificio Abedules (Calle Hermite y R40) que desde hace dos semanas es sede permanente del CPA, parte del equipo de la Dirección de Instituciones y dispositivos de la SEDRONAR debido a la ocupación que sufrió el anterior edificio. Entre los arreglos a realizar hay: \n\n- reparación de puertas que no cierran y/o no tienen picaporte\n\n- colocación de puerta placa interna\n\n- asegurar puerta posterior externa\n\n', '', NULL, NULL, '1708-071114', NULL, 109, 9185),
(766, '2017-08-10', 31, 225, 'Solicita: Juan Manuel Critiani\nArea emisora: CDA-Instituciones\nLugar de trabajo: CDI "ABEDULES"\nObservacion: Por medio de la presente nos dirigimos a ud. a fin de solicitar la realización de reparaciones en el edificio Abedules (Calle Hermite y R40) que desde hace dos semanas es sede permanente del CPA, parte del equipo de la Dirección de Instituciones y dispositivos de la SEDRONAR debido a la ocupación que sufrió el anterior edificio. Entre los arreglos a realizar hay: \n\n- cambio de lugar de cableado telefónico\n\n16/08/17 Mensaje de asambueza: para la reparacion de electricidad en el sector se necesitan los siguientes materiale\n\n1 zapatilla 5 modulos con cable de 5 metros tipo cambre\n1 tortuguita grande metalica con lampara led de 10 wats\n1 llave de 1 punto completa de embutir\n1 artefacto de 2x36 wats con protector de acrilico completo\n30 tornillos t2\n\n17/08/17 Mensaje de fmunch: 17/08/2017 09:52 enviado a pizutti\n24/08/17 Mensaje de fmunch: reenviado 24/8/2017\n11/09/17 Mensaje de fmunch: PRECIO TOTAL:$1.100', '1500', NULL, NULL, '0000---------', '0351-DMI-17', 109, 9185),
(767, '2017-08-10', 31, 209, 'Solicita: Juan Manuel Cristiani \nArea emisora: CPA-Instituciones\nLugar de trabajo: CDI "ABEDULES"\nObservacion: Por medio de la presente nos dirigimos a ud. a fin de solicitar la realización de reparaciones en el edificio Abedules (Calle Hermite y R40) que desde hace dos semanas es sede permanente del CPA, parte del equipo de la Dirección de Instituciones y dispositivos de la SEDRONAR debido a la ocupación que sufrió el anterior edificio. Entre los arreglos a realizar hay: \n\n- retirar pileta lavamanos y accesorios en desuso.\n', '', NULL, NULL, '1708-071114', NULL, 109, 9185),
(768, '2017-08-10', 31, 172, 'Solicita: Patricia Parra\nArea emisora: CDI Iglesias\nLugar de trabajo: CDI DR IGLESIAS\nObservacion:   Por medio de la presente, solicitamos que se puedan llevar al taller tres juegos del patio exterior para reparar.  Por lo observado serian arreglos de soldadura y de carpintería. \n  A la espera de una pronta respuesta favorable. \n Saluda a ustedes atte.\nPatricia Parra.', '', NULL, NULL, '1708-031241', NULL, 57, 9185),
(769, '2017-08-10', 31, 172, 'Solicita: Patricia Parra\nArea emisora: CDI Iglesias\nObservacion:   Por medio de la presente, solicitamos que se puedan llevar al taller tres juegos del patio exterior para reparar.  Por lo observado serian arreglos de soldadura y de carpintería. \n  A la espera de una pronta respuesta favorable. \n Saluda a ustedes atte.\nPatricia Parra.', '', NULL, NULL, '1708-031241', '00---------', NULL, 9185),
(771, '2017-08-10', 31, 141, 'Solicita: Ampuero\nArea emisora: Dpto. Seguridad e Higiene\nLugar de trabajo: CORRALÓN MUNIC – Cuadrillas\nObservacion: Solcitan colocar una puerta en baño de personal en acceso a las duchas\n11/08/17 Mensaje de farroyo: reclamo\n\n5: Montaje de puerta placa en acceso al sector de duchas en el baño de \npersonal del Corralon Municipal, Gallardo 1301\n\nComo venimos haciendo, en caso de requerir la adquisicion de diferente \nelementos apara la ejecucion de estas adecuaciones, los pedidos de \nabastecimiento se efectuaran desde este departamento.\n\n\nCordialmente\n\nCristian Ampuero\n\n\n\n\n18/08/17 Mensaje de fmunch: T:771   PUERTA DE CUADRILLAS CORRALON\n2 tirantes de 2” x 4” x 2,10ml \n1 tirante de 2”x4” x 1.00 \n30 tornillos 20-60 philip \n30 tarugos de 8mm\n enviado a madeco 18/8/2017\n25/08/17 Mensaje de fmunch: PRECIO TOTAL:$1100\n15/09/17 Mensaje de farroyo: Llegó material con factura 3-39487 de la firma Madeco por $662.29. queda pendiente de retiro.\n\n18/09/17 Mensaje de asanders: 15/09/2017 Llego factura  de Madeco B Nº 3-39497 de $ 662.29  con nota N º 418-DC-17.', '1300', NULL, NULL, '0000---------', 'Paba-4464', 31, 9185),
(772, '2017-08-10', 31, 186, 'Solicita: Alejandra Sandoval\nArea emisora: Secretaria de desarrollo Humano\nLugar de trabajo: DELEG.  CATEDRAL- CABAÑA\nObservacion: Buenos días, les hacemos llegar la foto de la rotura del caño de Cerro Catedral, según lo conversado ayer con el sr Prado, a fin de realizar cuanto antes la reparación correspondiente antes del inicio del proyecto esquí, el 31 de Julio. \nSin otro particular y en espera de una pronta respuesta, atenta mente \nAlejandra Sandoval.\n', '', NULL, NULL, '1707-250825', NULL, 157, 9185),
(773, '2017-08-10', 31, 225, 'Solicita: Alberto Bernabe\nArea emisora: Parques y jardines\nObservacion: Beschtedt y Ruta 40 entrando para el lado del cementerio 1/2 cuadra, La cuadrualla de apeos cortó la luz de una vecina, veer de reconectar', '', NULL, NULL, '0000---------', NULL, NULL, 9185),
(774, '2017-08-10', 31, 224, 'Solicita: Hector Comiquil\nArea emisora: Dirección Servicios\nLugar de trabajo: CORRALÓN MUNIC – Servicios\nObservacion: La pluma corto unos cabless. Solcitan ver la reconexión', '', NULL, NULL, '00---------', '00---------', 28, 9185),
(779, '2017-08-10', 31, 202, 'Solicita: Adolfo\nArea emisora: Mayordomía\nLugar de trabajo: CENTRO CIVICO – EX CORREO\nObservacion: Pierde agua la caldera de turismo informes.\n10/08/17 Mensaje de farroyo: El lugar es Caldera Palacio Municipal', '', NULL, NULL, '00---------', NULL, 77, 9185),
(780, '2017-08-10', 31, 207, 'Solicita: Ilva Liliana\nArea emisora: La Llave\nLugar de trabajo: LA LLAVE – Gral \nObservacion: Buenas tardes\n                    Por medio de la precente se solicita personal a su cargo ,Plomero para arreilar el calefòn de agua calinte que no funciona...\n                                                                desde ya esperamos una pronta respuesta.\n                                                                 saluda Atentamente\n \n \nsilva liliana', '', NULL, NULL, '0000---------', NULL, 58, 9185),
(781, '2017-08-10', 31, 225, 'Solicita: Lialian Silva\nArea emisora: LA LLAVE\nLugar de trabajo: LA LLAVE – Gral \nObservacion:  eletricista para revisar las aulas...que en el ultimo corte quedaron varias luces sin funcionar.', '', NULL, NULL, '1708-071541', NULL, 58, 9185),
(782, '2017-08-10', 31, 170, 'Solicita: CINTIA TABELLA\nArea emisora: SUBSECRETARIA DE GESTIÓN URBANA\nLugar de trabajo: CORRALÓN MUNIC – O. Part. M.E.\nObservacion: Buenos dias, mediante este medio se solicita de forma urgente el arreglo de 3 sillas que se encuentran en esta Subsecretaria. Desde ya muchas gracias. Atte. Cintia- Subsecretaria de Gestión Urbana\n\n\n', '', NULL, NULL, '1708-071541', NULL, 29, 9185),
(783, '2017-08-10', 31, 191, 'Solicita: Patricia Parra.\nArea emisora: Iglesias\nLugar de trabajo: CDI DR IGLESIAS\nObservacion:  Por medio de la presente, solicitamos con urgencia que se pueda acercar un plomero a revisar el termo tanque de la cocina, el cual pierde agua. y revisar nuevamente el inodoro del baño de sala de un año, que continua perdiendo agua.   \n   \n Saluda a ustedes atte.\nPatricia Parra.', '', NULL, NULL, '1708-031239', NULL, 57, 9185),
(784, '2017-08-10', 31, 143, 'Solicita: Fernando Arroyo\nArea emisora: Direccion de Mantenimiento e Infraestructura\nLugar de trabajo: CORRALÓN MUNIC – Cuadrillas\nObservacion: Gamela Quesada. Realizar aislación caldera PA7122\n\n Mensaje de fmunch: se retiraron los materiales \ncon esepcion de la puerta porque palm no contaba con la puerta vendida,tarda 30 dias en llegar\n12/09/17 Mensaje de fmunch: RE RECLAMO DIA12/9/2017 A PALM\n14/09/17 Mensaje de fmunch: SE RETIRO PURTA CON NºRTO. 0010-00058724.\nPUESTO EN PAÑOL "MATERIALES COMPLETOS"', '', NULL, NULL, '0187-DSH-15', NULL, 31, 9185),
(785, '2017-08-10', 31, 185, 'Solicita: sarita\nArea emisora: Direccion Kumen Ruca\nLugar de trabajo: CENTRO KUMEN RUKA\nObservacion: Estimados:\n         Solicito  se pueda  encontar la llave de paso del\nagua.Necesitamos arregalar una pérdida de agua y cambiar una canilla de\nafuera. Para esto hay que cortar el agua. Además ante cualquier\neventualidad nadie sabe desde donde cortar el agua.\nGracias y Saludos.\nSarita\n\n11/08/17 Mensaje de dcomiquil: ya se cambio canilla y se lo hizo con agua.no se detecta perdida de agua..y lo de la llave de paso\nen algun ratito se ira a descubrir para dejar MARCADA donde esta.', '', NULL, NULL, '1708-071446', '00---------', 56, 9185),
(786, '2017-08-10', 31, 212, 'Solicita: Alejandra Sandoval\nLugar de trabajo: DINARA - CAAT 5\nObservacion: solictan colocación tubo de luz. 2944605384', '', NULL, NULL, '0676-SDSDYC17', NULL, 111, 9185),
(787, '2017-08-10', 31, 141, 'Solicita: Daniela\nArea emisora: Dirección de  Recursos Humanos\nLugar de trabajo: MORENO Y RUIZ MORENO\nObservacion: Solicita colocar una cerradura a una puerta.', '', NULL, NULL, '0000---------', NULL, 39, 9185),
(789, '2017-08-10', 31, 206, 'Solicita: Lucia\nArea emisora: Cdi Araucaria\nLugar de trabajo: CDI “Dulces sueños” \nObservacion: Olor a Gas en la cocina\n11/08/17 Mensaje de dcomiquil: SE reviso cocina y termo...se engraso llave del horno..y se solicito campana o extractor para el lugar\nya que es muy chico el ambiente y falta la circulacion de aire...se aviso a prado.', '', NULL, NULL, '0000---------', '00---------', 44, 9185),
(790, '2017-08-10', 31, 232, 'Solicita: Sarita Manquin\nArea emisora: cdi Kumen Ruca\nLugar de trabajo: CENTRO KUMEN RUKA\nObservacion: Estimados:\nBuen día!!\n         Solicito el arreglo del piso del salon DADO QUE  SE ESTÁ\nLEVANTANDO EN LA PARTE  DE sALIDA AL pATIO EXTERIRO. hAY UNA GRAN\nPARTE DE BALDOSAS FLOJAS Y ALGUNAS ROTAS.\nSALUDOS11\nSarita\n\n29/08/17 Mensaje de asanders: 28/08/2017, Sarita  solicita  que demos continuidad a los trabajos de reparaciónes del piso.', '', NULL, NULL, '1708-080812', NULL, 56, 9185),
(792, '2017-08-11', 31, 221, 'Solicita: Flavia\nArea emisora: Transito\nLugar de trabajo: EDIF TRANSITO Y TRANSPORTE\nObservacion: Por la presente se solicita revisar en el area de transito y transporte la cobacha de los inpectores y la torre sur ( cobacha de cholguita) el sumintro de electricidad hablar co la Sra FLAVIA. \n\n \n                                   sin mas me despido atentamente.\n \n \nDepartamento de Mayordomia.\n\n', '', NULL, NULL, '1708-080851', NULL, 7, 9185),
(793, '2017-08-11', 31, 193, 'Solicita: mayordomina\nArea emisora: Tribunal de faltas l\nLugar de trabajo: EDIF. MITRE 535- TRIBUNAL FALTAS 1\nObservacion: Devido a la gran demanda de parte del tribunal de faltas 1 se solicita se revicen lo siguientes  puntos.\n\n\nSe solicita revisar la pileta de patio del baño del juez en el tribunal 1 en el edificio de hacienda cito en calle mitre 535.\n \n \n                                   sin mas me despido atentamente.\n \n \nDepartamento de Mayordomia.\n\n', '', NULL, NULL, '1708-070851', '00---------', 71, 9185),
(794, '2017-08-11', 31, 235, 'Solicita: Viviana\nArea emisora: amulen\nLugar de trabajo: CASA AMULEN\nObservacion: Refugio Amulén\n\n* Extensión del cerco perimetral del frente de la casa y reparación de la\nesquina (medida solicitada por Protección Civil). Contamos con malla y\nparantes.\n* Adaptar el patio en la zona de apertura del portón de entrada (no abre)\n', '', NULL, NULL, '1708-090951', NULL, 108, 9185),
(795, '2017-08-11', 31, 213, 'Solicita: Viviana\nArea emisora: Amulen\nLugar de trabajo: CASA AMULEN\nObservacion: hola Fernando\npor medio de la presente actualizo las reparaciones pendientes en Casa\nRefugio Amulén\n\n* Arreglo de reflectores del patio trasero fotosensibles ya que se prenden\ny apagan intermitentemente en modo reiterado.\n\n* extensión del artefacto de iluminación del frente de la casa. Contamos\ncon columnas huecas de hierro.\n\n', '', NULL, NULL, '1708-090951', NULL, 108, 9185),
(796, '2017-08-11', 31, 194, 'Solicita: Viviana\nArea emisora: amulen\nLugar de trabajo: CASA AMULEN\nObservacion: hola Fernando\npor medio de la presente actualizo las reparaciones pendientes en Casa\nRefugio Amulén\n\n* arreglo desagote bacha del baño 2 y arreglo ducha del baño 1.\n\nGracias por tu predisposición.\nViviana\n\n\n11/08/17 Mensaje de dcomiquil: se cambio pedestal en uno de los baños\nen el otro se puso lavatorio nuevo junto con griferia nueva\ny se reemplazo ducha porq la rota', '', NULL, NULL, '1708-090951', '00---------', 108, 9185),
(797, '2017-08-11', 31, 216, 'Solicita: Gabriela Costa\nArea emisora: Areas Protegidas\nLugar de trabajo: PARQUE MUNICIPAL LLAO LLAO-INGRESO\nObservacion: Buenos días Fernando, te mando el archivo con los materiales ya\ncomprados para efectuar la instalación eléctrica de los baños que se\nubican a la entrada del Parque Municipal Llao Llao.\nNecesitamos con urgencia que los baños tengan luz.\nMuchisimas gracias y espero que me confirmes cuando irá el electricista.\nGabriela\n\n14/08/17 Mensaje de asanders: 14/08/17 Gabriela Acosta consulta por tema translado de cabaña  y demás  ', '', NULL, NULL, '1708-091106', NULL, 167, 9185),
(799, '2017-08-11', 31, 150, 'Solicita: Virginia\nArea emisora: RRHH\nLugar de trabajo: MORENO Y RUIZ MORENO\nObservacion: Solicitan colocar Pizarra en pared de Material', '', NULL, NULL, '0000---------', NULL, 39, 9185),
(800, '2017-08-11', 31, 141, 'Lugar de trabajo: DELEG. EL CONDOR CAAT 1\nObservacion: Buenas Tardes: Por medio de la presente solicitamos tenga a bien gestionar personal para llevar a cabo arreglo de la puerta de la sede del CAAT 1. \n \n \n               Sin otro particular, saludo atentamente. \n', '', NULL, NULL, '1708-081228', NULL, 13, 9185),
(801, '2017-08-11', 31, 150, 'Solicita: adolfo\nArea emisora: mayordomia\nLugar de trabajo: EDIF. MITRE 545 – HACIENDA\nObservacion: Buen día, por medio de la presente se solicita que, se tape un espacio que quedo en el techo al momento de realizar los recambios de plafones, a su vez se solicita ver la posibilidad de sellar el ingreso de viento al área de cajas, esto se debe a un espacio de unos 5 centímetro aproximadamente, que queda entre la línea de cajas y la pared. \nA la espera de una respuesta favorable a la solicitud y inquietud que nos manifiestan los compañeros del área de tesorería. \nGracias\nAdolfo \n ', '', NULL, NULL, '1708-071120', NULL, 72, 9185),
(803, '2017-08-11', 31, 157, 'Solicita: Valle\nArea emisora: Delegacion Lago Moreno\nLugar de trabajo: DELEG. L. MORENO\nObservacion: Solicitan poner mango a 4 mechetes', '', NULL, NULL, '0000---------', '00---------', 145, 9185),
(804, '2017-08-11', 31, 202, 'Solicita: Marisa\nArea emisora: Cultura\nLugar de trabajo: SCUM – Sala\nObservacion: No anda la calefacción\n\n11/08/17 Mensaje de dcomiquil: se paso a enceder la misma..y se controlo su funcionamiento', '', NULL, NULL, '0000---------', '00---------', 98, 9185),
(805, '2017-08-11', 31, 212, 'Solicita: Sandra\nArea emisora: Obras Particulares\nLugar de trabajo: CORRALÓN MUNIC – O. Part. M.E.\nObservacion: Solicita cambiar tubo', '', NULL, NULL, '0000---------', NULL, 29, 9185),
(806, '2017-08-11', 31, 152, 'Solicita: Martha Velasticki\nArea emisora: cultura\nLugar de trabajo: CENTRO CIVICO – CULTURA\nObservacion: Solicitan ejecución de una biblioteca. Martha Velasticki, corresponde a OT3406\n\n22/09/17 Mensaje de fmunch: MATERIALES\n- 5.1/2 PLACAS DE 18MM DE FIBROFACIL (SEGUN CORTES)\n- 4 PLACAS DE 3MM DE FIBROFACIL\n- 3 KG COLA VINILICA TIPO FOTEX\n- 50 ML DE LISTONES 1" X 1"\n- 150 TORNILLOS DE 19 - 45\n- 150 TORNILLOS 10 - 30\n- 2 ML LIJA ESMERIL Nº 100\n- 8 LTS CETOL CEDRO\n- 4 HASAS PARA EMBUTIR \n- 20 TORNILLOS PARA MADERA DE 15MM\n- 2 RIEL INFERIOR PARA RUEDA 25MM X 2 ML\n- 4 RULEMANES A 32 C\n25/09/17 Mensaje de fmunch: PRECIO TOTAL.$10.500', '12000', NULL, NULL, '1705-100830', '0359-DMI-17', 78, 9185),
(808, '2017-08-11', 31, 173, 'Solicita: Ampuero\nArea emisora: Dpto. Seguridad e Higiene\nLugar de trabajo: LA LLAVE – Gral \nObservacion: Por medio de la presente solicito evaluar y proyectar las siguiente \nadecuaciones a edificios municipales:\n\n4: Invertir sentido de apertura de puerta de madera de Escuela de arte \nLa Llave (puerta que comunica el hall de acceso con la playa de \nestacionamiento) J.M.Sobral Nº 800\n\nComo venimos haciendo, en caso de requerir la adquisicion de diferente \nelementos apara la ejecucion de estas adecuaciones, los pedidos de \nabastecimiento se efectuaran desde este departamento.\n\n\n\n11/08/17 Mensaje de dsilva: Materiales Necesarios:\n6m de caño estructural 50x10\n1kg de electrodos 2.5mm punta azul\n2 Bisabras mixtas hoh, p/soldar.\n2 L de Latex sintético, anticorrosivo, color a definir por el área\n\n Mensaje de fmunch: 14/08/2017 10:09 enviado a palm\n Mensaje de fmunch: PRECIO TOTAL:$1800', '2000', NULL, NULL, '1708-080947', '0288-DMI-17', 58, 9185),
(809, '2017-08-11', 31, 173, 'Solicita: Ampuero\nArea emisora: Dpto. Seguridad e Higiene\nLugar de trabajo: EDIF. 24 DE SETIMBRE\nObservacion: Por medio de la presente solicito evaluar y proyectar las siguiente \nadecuaciones a edificios municipales:\n\n1: Invertir puerta de salida normal del edificio de Tierras y Viviendas, \n24 de Septiembre 12\n\nComo venimos haciendo, en caso de requerir la adquisicion de diferente \nelementos apara la ejecucion de estas adecuaciones, los pedidos de \nabastecimiento se efectuaran desde este departamento.\n\n\nCordialmente\n\nCristian Ampuero\nEx OT860\n\n\n\n', '', NULL, NULL, '1708-080947', NULL, 163, 9185),
(810, '2017-08-11', 31, 189, 'Solicita: Patricia Parra\nArea emisora: Cdi Iglesias\nLugar de trabajo: CDI DR IGLESIAS\nObservacion: Están sin agua en la cocina\n11/08/17 Mensaje de dcomiquil: esdtaba la llave de paso cerrada...y asi mismo la cisterna vacia...\n11/08/17 Mensaje de dcomiquil: Se solicita para mejorar el medidor de la entrada de agua:\n1 llave de paso esferica 3/4\n2 bujes red 3/4x1/2 galvanizad\n2 entrerroscas 1/2 galv.\n1 union doble 1/2 \n1 caja para medidor de agua para el piso\n22/08/17 Mensaje de fmunch: enviado a agua y gas 22/08/2017 13:51\n24/08/17 Mensaje de fmunch: PRECIO TOTAL:$1.100', '1300', NULL, NULL, '0000---------', '0296-DMI-17', 57, 9185),
(812, '2017-08-14', 31, 202, 'Solicita: Yanina\nArea emisora: CDI Malvinas\nLugar de trabajo: CDI "PEQUEÑOS CORAZONES"\nObservacion: Solicitan encender caldera\n14/08/17 Mensaje de asanders: 14/08/17. Yanina Pequeños Corazones prender caldera\n', '', NULL, NULL, '0000---------', '00---------', 125, 9185),
(816, '2017-08-14', 63, 197, 'Solicita: Juan Rodriguez\nArea emisora: CORRALÓN MUNIC – O. Part. M.E.\nLugar de trabajo: CORRALÓN MUNIC – O. Part. M.E.\nObservacion: Solicitud prender calefactores habló Juan Rodriguez.', '', NULL, NULL, '0000---------', '00---------', 29, 9185),
(817, '2017-08-14', 63, 197, 'Solicita: Comiquil Hector\nArea emisora: CORRALÓN MUNIC – Servicios\nLugar de trabajo: CORRALÓN MUNIC – Servicios\nObservacion: Servicios solicita prender calefactor y termotanque. Habló Hector Comiquil.', '', NULL, NULL, '0000---------', '00---------', 28, 9185),
(818, '2017-08-14', 63, 209, 'Solicita: Rosa Lobresco \nArea emisora: CENTRO CÏVICO – INTENDENCIA\nLugar de trabajo: CENTRO CÏVICO – INTENDENCIA\nObservacion: Rosa Lobresco de Boletín Oficial 2 do. Piso Palacio Municipal solicita que purguen radiadores porque no calientan .  ', '', NULL, NULL, '0000---------', '00---------', 76, 9185),
(819, '2017-08-14', 63, 225, 'Solicita: Emanuel RR HH\nArea emisora: MORENO Y RUIZ MORENO\nLugar de trabajo: MORENO Y RUIZ MORENO\nObservacion: Emanuel de Recursos Humanos  avisa que plaflón esta por caer se soltaron tornillos , está sostenido por cables.  Oficina RR HH Área de Selección y Desarrollo. ', '', NULL, NULL, '0000---------', '00---------', 39, 9185),
(820, '2017-08-14', 31, 141, 'Solicita: Daniela Hefner\nArea emisora: Dirección de  Recursos Humanos\nLugar de trabajo: MORENO Y RUIZ MORENO\nObservacion: Por medio del presente, como se informó hoy telefónicamente, envío por este medio la solicitud de la incorporación\nde una cerradura a una de las oficinas de la Dirección de Recursos Humanos (Moreno 1089).\n\nSaludos cordiales,\nDaniela Hefner\n \nAdministrativa\nDepartamento de Selección y Desarrollo del Personal\nDirección de Recursos Humanos\n\n18/08/17 Mensaje de fmunch: 1 cerradura trabex de medidas de frente 22-izquierda\nenviado a ghiglia 18/8/2017\n25/08/17 Mensaje de fmunch: PRECIO TOTAL:$700\n30/08/17 Mensaje de fmunch: SE UTILIZO CERRADURA DE EMERGENCIA "SE TIENE QUE REPONER"', '800', NULL, NULL, '1708-101443', '00---------', 39, 9185),
(821, '2017-08-14', 31, 199, 'Solicita: Javier de Mayordomia\nArea emisora: Mayordomia\nLugar de trabajo: CIC – SUM\nObservacion: Gloria Leiva: Informa que se están callendo los calefactores del SUM. Les han sacado los tronillos, dice.\n Mensaje de dcomiquil: viendo que le habian sacadolos tronillos...se coloco nuevamente el calefactor con TORNILLOS nuevos.', '', NULL, NULL, '00---------', '00---------', 131, 9185),
(822, '2017-08-14', 31, 213, 'Solicita: Lucía Suárez\nArea emisora: CDI ARAUCAIA\nLugar de trabajo: CDI “Dulces sueños” \nObservacion: Estimados,\n\n\nSolicito si pueden realizar el pedido de compra y colocación de un extractor en la cocina del CDI Araucaria, debido a que actualmente contamos con poca ventilación. Es espacio de la cocina es reducido y la cocina está en permanente funcionamiento.\n\n\n\nSin más, saluda atentamente.\n\n\nLucía Suárez\nA/c CDI Araucaria y Arco Iris Magico\n19/09/17 Mensaje de asambueza: con respecto a la colocacion de un estractor se recomirnda la colocacion de una campana con salida a los cuatro vientos', '', NULL, NULL, '1708-101242', NULL, 44, 9185);
INSERT INTO `tickets` (`id_ticket`, `fecha`, `creador`, `servicio`, `observacion`, `patrimonio`, `tiempoResolucion`, `adjunto`, `nota_entrada`, `nota_salida`, `fkEdificio`, `fk_areaSolicitante`) VALUES
(823, '2017-08-14', 31, 187, 'Solicita: Lucía Suárez\nArea emisora: CDI Araucaria\nLugar de trabajo: CDI “Dulces sueños” \nObservacion: Estimados,\n\nSolicitamos el cambio de lugar del termotanque, para colocarlo en el exterior del edificio.\nPor último, pedimos también el relevamiento par solicitar y colocar una bacha en la cocina de tamaño grande, debido a que la que tenemos es extremadamente pequeña e ineficiente para el trabajo que se realiza.\n\n\nSin más, saluda atentamente.\n\n\nLucía Suárez\nA/c CDI Araucaria y Arco Iris Magico', '', NULL, NULL, '1708-101242', NULL, 44, 9185),
(824, '2017-08-14', 31, 193, 'Solicita: Gladys Pineda\nArea emisora: Puesto Sanitario\nLugar de trabajo: PUESTO SANITARIO Y INF. TURÍSTICO\nObservacion: Buen dia:\nEn el dia de hoy se hara  el servicio atmosferico , por lo que les solicito  indiquen que materiales  seran necesarios para conectarnos al nuevo Lecho y realizar el pedido de abastecimiento.\nSaludos.\nGladys Pineda\n15/08/17 Mensaje de dcomiquil: El señor arroyo fernando lo iba a hablar con obras \n30/08/17 Mensaje de lsandoval: Se ejcutó el trabajo y se usaron los siguientes materiales a reponer:\n4 Caños PP 110mm Awaduct\n1 ramal Y de 110mm x 110mm\nademas hay que solictar el camion admosférico, vaciar el pozo y luego lo segaremos con Cal.\n31/08/17 Mensaje de fmunch: ENVIADO A PRESUPUESTAR A "AGUA Y GAS" 31/8 /2017\n\n31/08/17 Mensaje de fmunch: EL COSTO DE LOS MATERIALES ES DE $200...\n\nSEGUN LO QUE VEO HAY QUE SOLICITAR UN CERVICIO DE CAMIEN AMOSFERICO Y CAL TENEMOS...TENGO QUE PRESUPESTAR EL SERVICO ?  SALUDOS \n31/08/17 Mensaje de fmunch: correccion de monto: $2.000', '', NULL, NULL, '1708-111008', NULL, 1, 9185),
(825, '2017-08-14', 31, 187, 'Solicita: Julio GONZALEZ\nArea emisora: Coordinador  CRUM\nLugar de trabajo: VERTEDERO compostaje etc \nObservacion: Atento a lo oportunamente acordado en reunión de coordinación con el SOYEM, por temas de mantenimiento pendientes, solicito se realicen las siguientes tareas:\n\n1°. Reparación o reemplazo de instalación de abastecimiento de agua potable para sala de Operador de Balanza.\n\n2°. Colocación de tanque de agua de reserva externo en el mismo local.\n\n4°. Instalación de inodoro en baño de sala de Operador de Balanza.\n\nAtte Julio GONZALEZ\n\nCoordinador  CRUM\n\n', '', NULL, NULL, '1708-110911', NULL, 138, 9185),
(826, '2017-08-14', 31, 221, 'Solicita: Julio GONZALEZ\nArea emisora: Coordinador  CRUM\nLugar de trabajo: VERTEDERO compostaje etc \nObservacion: Atento a lo oportunamente acordado en reunión de coordinación con el SOYEM, por temas de mantenimiento pendientes, solicito se realicen las siguientes tareas:\n\n3°. Reparación o reemplazo de instalación de abastecimiento de suministro eléctrico e instalación interna en containers de sectores de ramas y celda.\n\nAtte Julio GONZALEZ\n\nCoordinador  CRUM\n\n\n16/08/17 Mensaje de asambueza: para la alimentacion de el conteiner se necesita los siguientes materiales\n\n\n40 metros de cable subterraneo 3x4mm \n1 termomagnetica de 25 amperes bipolar\n1 diyuntor diferencial de 25 amperes bipolar\n5 caños de pvc de 20\n10 conectores de 20 de pvc\n1 caja para termica de aplicar de 8 bocas \n2 tomas dobles de embutir binormas\n1 llave de 2 puntos de embutir\n1 artefacto de 2x36 wats con protector de acrilico completo\n30 tornillos punta mecha t2\n10 grampas para caño de 20\n20 metros de cable tpr de 3x1,5mm\n1 cinta aisladora 3m grande\n4 cajar rectangulares de pvc \n3 cajas octogonales de pvc\n Mensaje de fmunch: enviado a pizutti 16/6/2017...11:20hs\n17/08/17 Mensaje de fmunch: PRECIO TOTAL:$4.500', '5500', NULL, NULL, '1708-110911', 'CE17-17/08', 138, 9185),
(827, '2017-08-14', 31, 156, 'Solicita: Ampuero\nArea emisora: Dpto. Seguridad e Higiene\nLugar de trabajo: CASA DEL DEPORTE-EDIF.\nObservacion: corresponde a OT 3422 e implica cambiar el sentido hacia afuera de la puerta Principal de la casa del deporte. Es en el ingreoso ESTE del Edificio.', '', NULL, NULL, '0067-DSH-2017', '00---------', 92, 9185),
(831, '2017-08-14', 31, 141, 'Solicita: Valeria Pasarelli\nArea emisora: CIC\nLugar de trabajo: CIC – SOCIAL \nObservacion: Solicitan ver puerta de ingreso, no la pueden cerrar. Nro 2944573435\n18/08/17 Mensaje de fmunch: 2 cerraduras trabex de 22 mm 1 derecha y otra izquierda\nenviado a ghiglia 1882017\n25/08/17 Mensaje de fmunch: PRECIO TOTAL:$1.400', '1400', NULL, NULL, '0000---------', '00---------', 129, 9185),
(832, '2017-08-15', 63, 196, 'Observacion: Mercedes de la Escuela La Llave avisa que hay dos piletas tapadas de las aulas. Solicita: Mercedes\nArea emisora: LA LLAVE – Gral \nLugar de trabajo: LA LLAVE – Gral \n\n18/08/17 Mensaje de asanders: 18/08/17 Reiteración pedido de reparar piletas tapadas y ver termotanque .', '', NULL, NULL, '0000---------', '00---------', 58, 9185),
(835, '2017-08-15', 31, 210, 'Observacion: Se solicita continuar con los trbajos del baño de la terminal. Los materiales se encuentran en el pañol.Solicita: PE:5-16-3 \nArea emisora: Direccion de Mantenimiento e Infraestructura\nLugar de trabajo: TERMINAL DE OMNIBUS – P.B.\n\n20/09/17 Mensaje de fmunch: MAT:\n1 GRIFERIA MONOCOMANDO TIPO ARISONA\nPUESTA EN OFICINA\n21/09/17 Mensaje de fmunch: 1 MOCHILA PARA INODORO DE DISCAPACITADOS, PUESTO EN OFICINA\n21/09/17 Mensaje de fmunch: materiales entregados en plomeria', '7000', NULL, NULL, '00---------', 'Paba-4698', 2, 9185),
(836, '2017-08-15', 31, 146, 'Observacion: Hola Buen dia:\nMe comunico a fin informarle que debido a los fuertes vientos y lluvia del fin de semana pasado, la ventana del Dto. intemediaciòn Labora (Doreccion de Trabajo)l, que da la la calle Ruiz Moreno se abriò provocando que la documentaciòn que se encontraba cerca del lugar se dañara.\nA fin de evitar mayores inconvenientes, solicito la posibilidad de arreglo de la misma, a la mayor brevedad posible.\nSaludos.\nSusana\n\n\nSolicita: Susana\nArea emisora: Dirección de Trabajo\nLugar de trabajo: MORENO Y RUIZ MORENO\n', '', NULL, NULL, '1708-141136', NULL, 39, 9185),
(837, '2017-08-15', 31, 150, 'Observacion: Solicita una tablas que protejan la altura de apoyo de respaldo de la sillas en la nueva oficina.Solicita: Marco\nArea emisora: Bienes Patrimoniales\nLugar de trabajo: BIENES PATRIMONIALES\n', '', NULL, NULL, '0000---------', '00---------', 169, 9185),
(841, '2017-08-15', 31, 175, 'Observacion: Solictan sacar el pasador colocado en la reja de ingreso.Solicita: Alfonso\nArea emisora: Ex Direccion de instituciones\nLugar de trabajo: CPA                                    \n', '', NULL, NULL, '0000---------', '00---------', 64, 9185),
(846, '2017-08-16', 31, 209, 'Observacion: Sala Prensa baño roto y Legales rota la descarga de inodoro baño de varones.Solicita: Javier\nArea emisora: Myordomía\nLugar de trabajo: CENTRO CÏVICO – INTENDENCIA\n\n18/08/17 Mensaje de dcomiquil: 2 palancas METALICAS para descarga de mochila FERRUM linea andina\n22/08/17 Mensaje de fmunch: 22/08/2017 13:55 enviado casa palm 22/08/2017 13:55\n24/08/17 Mensaje de fmunch: PRECIO TOTAL:$700', '800', NULL, NULL, '0000---------', '0299-DMI-17', 76, 9185),
(851, '2017-08-16', 31, 160, 'Observacion: Solicitan blanquear pared Oeste del Monolito a espaldas del busto de General San MartínSolicita: Marta Velastiki\nArea emisora: Patrimonio Histórico Cultura\nLugar de trabajo: MONOLITO\n', '', NULL, NULL, '0000---------', NULL, 181, 9185),
(852, '2017-08-16', 31, 214, 'Observacion: Por medio de la presente se solicita se cambie la iluminación en la  Dirección de Sistemas, (edifico mitre)\n sector de programadores.\n Beatriz Marin\n Dirección de Sistemas\nSolicita: Beatriz Marin\nArea emisora: Dirección de Sistemas\nLugar de trabajo: EDIF. MITRE 535-SISTEMAS\n', '', NULL, NULL, '1708-150843', '00---------', 182, 9185),
(853, '2017-08-16', 31, 178, 'Observacion:   Por medio de la presente solicitamos tenga a bien gestionar personal para arreglar el baño del CAAT Nº 5. Para coordinación comunicarse al 2944-605384 Marta Garces.\n \n \n                  Sin otro particular, saludo atentamente. \nSolicita: Marta Garces\nArea emisora: CAAT 5\nLugar de trabajo: DINARA - CAAT 5\n', '', NULL, NULL, '0708-151136', '00---------', 111, 9185),
(854, '2017-08-16', 31, 178, 'Observacion: Buenos días,\nInformo que el mingitorio del baño público de hombres, ubicado en Centro Cívico edificio ex correo, pierde agua cada vez que se acciona la descarga o alguien orina.\nSolicito por favor si pudieran cerrar llave de agua o reparar para evitar pérdida de agua y suciedad permanente de los pisos.\nMuchas gracias.\nSaludos!\n Marcela Giovannini\nDirección de Desarrollo y Calidad Turística\nSolicita: Marcela Giovannini\nArea emisora: Dirección de Desarrollo y Calidad Turística\nLugar de trabajo: CENTRO CIVICO – EX CORREO\n', '', NULL, NULL, '1708-161408', '00---------', 77, 9185),
(855, '2017-08-16', 31, 232, 'Observacion: Estimados:\n          con urgencia, solicito el arareglo del piso de Sala uno. Se\nlevantó una gran parte. Debimos sacar a los niños porque\nsaltaron astilllas de loscerámicos.\nSaita\nSolicita: Saita\nArea emisora: CDI Kumen Ruka\nLugar de trabajo: CENTRO KUMEN RUKA\n', '', NULL, NULL, '1708-161340', NULL, 56, 9185),
(871, '2017-08-17', 31, 159, 'Observacion: Por medio del presente solicito gestione los medios necesarios para realizar trabajos de pintura en esta Mesa de Entradas ya que la misma presenta marcas de humedad debido a que en su momento hubo problemas de filtraciones en el techo del edificio. Esto, sumado al deterioro producido por el tiempo que no se realizan trabajos, hace que solicite su intervención a fin de solucionar mi petición. \nCabe destacar que la superficie a trabajar es menor ya que tiene amplio revestimiento de machimbre y ladrillos de vidrio lo cual requiere una escasa inversión. Esto se podrá comprobar con la presencia de los pintores en el área.\nEsperando dé curso favorable a la brevedad posible, saludo atentamente.\nMuchas Gracias.\nDSI\n\nSolicita: DSI\nArea emisora: Mesa de Entradas Mitre\nLugar de trabajo: EDIF. MITRE 545 – HACIENDA\n\n29/08/17 Mensaje de asanders: Diego avisa que tiene materiales para iniciar trabajos de pintura (sellador)..', '', NULL, NULL, '1708-171110', NULL, 72, 9185),
(872, '2017-08-17', 31, 173, 'Observacion: Se torció bisagra de puerta de oficina nueva y cuesta cerrar la puerta. Solicitan su reparación.Solicita: Marcos\nArea emisora: Patrimoniales\nLugar de trabajo: BIENES PATRIMONIALES\n', '', NULL, NULL, '0000---------', '00---------', 169, 9185),
(874, '2017-08-17', 31, 236, 'Observacion: Solicitan demoler los nichos ubicado en el contrafrente de calle Lengas en forma inmediataSolicita: Alfredo Milano\nArea emisora: Secretaría de Obras y Servicios Públicos\nLugar de trabajo: CEMENTERIO – NICHOS Y URNARIOS\n', '', NULL, NULL, '1088-SOYSP-17', '00---------', 67, 9185),
(875, '2017-08-18', 33, 176, 'Observacion: cambio puerta nicho de gas de calle gallardoSolicita: ALÓN MUNIC – O. Part. M.E.\nLugar de trabajo: CORRALÓN MUNIC – O. Part. M.E.\n\n18/08/17 Mensaje de fmunch: puerta nicho de gas gallardo\n \n2 hierro ángulo de 3/4” x 1/8” \n1 planchuela de 3/4” x 1/8” \n1 malla expanmetal de 25 mm x 4,5 mm semipesado \n2 kg electrodos de 2,5mm punta azul \n3 discos de corte de 7” \n6 bisagras ficha de 30 x 15 liviana para soldar \n2 lts pintura antioxido color nrgro \n\nprecio total: $4.700\n \n \n \n \n \n \n', '5200', NULL, NULL, '0000---------', 'P Ab-4248', 29, 9185),
(876, '2017-08-18', 31, 175, 'Solcitan reparar marco y tapa del Nicho de Gas hgienozar y tener libre acceso al medidor. \nSolicita: camuzzi Gas del Sur\nArea emisora: Desarrollo humano\n', '', NULL, NULL, '0000---------', '00---------', 45, 9185),
(878, '2017-08-18', 31, 177, 'Dpto de desarrollo. Recursos humanos Solicitan habilitar baño inhabilitado. Celina.OT 2565 Llegaron materiales ala área.\n\nSolicita: Dalia Henandez\nArea emisora: Dto seleccion y desarrollo rrhh\n', '', NULL, NULL, '0778-DSDP-17', '00---------', 39, 9185),
(879, '2017-08-18', 31, 141, 'Solcitan colocar una cerradura en una de las puertas d recursos humanos\n\nSolicita: Dalia Hernandez\nArea emisora: Selección y Desarrollo de personal\n\n14/09/17 Mensaje de farroyo: ', '', NULL, NULL, '0778-DSDP-17', '00---------', 39, 9185),
(880, '2017-08-18', 31, 177, 'Se solcita reparar ducha, no sale agua\nSolicita: viviana\n\n18/08/17 Mensaje de dcomiquil: 1 Vastago de transferencia para ducha(segun muestra)\n1 tapa asiento para inodoro\n\n22/08/17 Mensaje de fmunch: enviado a agaua y gas 22/8/2027\n23/08/17 Mensaje de fmunch: PRECIO TOTAL:$1300\n19/09/17 Mensaje de asanders: ', '1500', NULL, NULL, '0000---------', '0304-DMI-17', 108, 9185),
(884, '2017-08-18', 63, 213, '15/08/1017 Solicitud de reparación de tubo eléctrico  del salón.\nSolicita: Licia\nArea emisora: CDI “Dulces sueños” \n\n29/08/17 Mensaje de asambueza: cdi dulces sueños se necesitan los sigiuentes materiales \n1 zapatilla 5 modulos tipo cambre con cable 3 metros\n2 tapas ciegas rectangulares\n1 tira de cable canal 18x21\n1 llaves de dos punto completas tipo cambre', '', NULL, NULL, '0000---------', NULL, 44, 9185),
(885, '2017-08-18', 63, 225, 'Raquelina avisa que la térmica salta.   \nSolicita: Raquelina \nArea emisora: terminal de Faltas 2.\n', '', NULL, NULL, '0000---------', NULL, 3, 9185),
(886, '2017-08-18', 63, 199, 'Carlos Ramos: Solicitud de reparación de calefactor.  \nSolicita: Carlos Ramos \nArea emisora: PUESTO SANITARIO Y INF. TURÍSTICO\n', '', NULL, NULL, '0000---------', '00---------', 1, 9185),
(887, '2017-08-18', 63, 209, 'Solicitan ver o cambiar las perillas del anafe de la cocina del edificio Calle Gallardo .-\nSolicita: Catastro\nArea emisora: Cocina edificio Corralón Obras Particulares\n', '', NULL, NULL, '0000---------', '00---------', 29, 9185),
(890, '2017-08-18', 31, 180, 'Corresponde a OT 3291. Solicitan adecuacion de Baños para Discapacitados de hombres y mujeres con ducha. En el de hombres Miguel propone no poner la ducha en lugar donde esta el inodoro, y hacerlo en el sectro de duchas sobre pared Oeste. Tienen las griferias para los lavatorios y las duchas. Se pudo observar que los flexibles de los monocomandos no llegán a la alimentación por poco, habria que pedir flexibles adicionales. Se deberá pedir Inodoros para discapacitados. \nSolicita: Miguel Lopez\nArea emisora: gim 1\n\n19/09/17 Mensaje de epainefil: se solicita: 2 mochilas para colgar (ferrum linea espacio)				6 flexibles mayados de 1/2 por 35cm 					1 caño de 1/2 polipropileno					8 codos de 1/2 hh de polipropileno 					4 codos de 1/2 mh de polipropileno 					2 kilo s de masilla 						4 tornillos para inodoro 						1 sella rosca hidro 3 (grande)	\n19/09/17 Mensaje de fmunch: enviado a agua y gas 19/9/2017\n\n20/09/17 Mensaje de fmunch: PRECIO TOTAL: $14,200\n21/09/17 Mensaje de fmunch: nota: lopez dijo que tiene los hinodoros para discapacitados', '16000', NULL, NULL, '1704-041009', '0352-DMI-17', 23, 9185),
(892, '2017-08-22', 63, 202, 'Mariela y Graciela Gaitan solicitud prender cakldera.\nSolicita: Gaitan y Mariela\nArea emisora: RR HH y Cntrol Gestión\n', '', NULL, NULL, '0000---------', '00---------', 39, 9185),
(893, '2017-08-22', 63, 202, 'Solicitud prender caldera hablo Miriam\nSolicita: Miriam\nArea emisora: CDI "PEQUEÑOS CORAZONES"\n\n22/08/17 Mensaje de asanders: 22/08/2017, Pluviales tapados  se está inundando el Jardín . ', '', NULL, NULL, '0000---------', '00---------', 125, 9185),
(894, '2017-08-22', 63, 202, 'Solicitud prender caledera. \nSolicita: Pamela \nArea emisora: EDIF. 24 DE SETIMBRE\n', '', NULL, NULL, '0000---------', '00---------', 163, 9185),
(895, '2017-08-22', 63, 225, 'Nilda Pacheco Mesa de Entradas 24 de Septiembre 12, solicitud reparación de zapatilla \nSolicita: Nilda Pacheco\nArea emisora: Mesa de Entradas 24 de Septiembre 12\n', '', NULL, NULL, '0000---------', NULL, 163, 9185),
(901, '2017-08-22', 31, 150, 'Vecino Oeste manifiesta que el sistema de desagúe del techo del edificio 24 de Satiembre Rebalsa hacia su propiedad. slcitan la limpieza o mejora del mismo.\nSolicita: Fernando Arroyo\nArea emisora: Direccion de Mantenimiento e Infraestructura\n', '', NULL, NULL, '0000---------', '00---------', 163, 9185),
(902, '2017-08-22', 31, 186, 'Solcitan ver instalación del Termotanque por pérdida.\nSolicita: Raul Soto\nArea emisora: Suministros\n\n06/09/17 Mensaje de farroyo: FUE OSVALDO E INDICÓ QUE HAY QUE ROMPER PARA BUSCAR LA PERDIDA', '', NULL, NULL, '0000---------', '00---------', 73, 9185),
(904, '2017-08-22', 64, 141, 'Maria Elena solicita la reposición de picaportes en las puertas de los baños de hombres, por robo.\nSolicita: Maria Elena\nArea emisora: SectorCorralón baños hombres\n\n31/08/17 Mensaje de fmunch: - 6 pasadores 2" x 3" \n- 50 tornillos para madera de 45mm\n- 6 pasadores de 2" x 3"\n- 4 picaportes completos doredos\n31/08/17 Mensaje de fmunch: ENVIADO A GHIGLIA 31/8/2017\n20/09/17 Mensaje de farroyo: Llegaron picaportes', '', NULL, NULL, '0000---------', NULL, 29, 9185),
(905, '2017-08-22', 31, 223, 'Solicitan ver guarda motor del compresor pues anduvo un rato y se paró.\nArea emisora: Dirección de Mecánica\n\n28/08/17 Mensaje de asambueza: se fue al lugar cambiamos la contactora quedo funcionando pero tenian que reforsar las gias \ndel motor porque la polea quedaba crusada', '', NULL, NULL, '0000---------', '00---------', 117, 9185),
(906, '2017-08-22', 31, 144, 'Solicita ver situación de techo por goteras\nSolicita: Cludia Hanec\nArea emisora: Concejo Municipal\n', '', NULL, NULL, '0000---------', NULL, 77, 9185),
(907, '2017-08-22', 63, 236, 'Gotera en pasillo de Servicios \nSolicita: Comiquil\nArea emisora: CORRALÓN MUNIC – Servicios\n', '', NULL, NULL, '0000---------', '00---------', 28, 9185),
(909, '2017-08-23', 31, 209, 'No funciona bomaba de achique. Estaba encendida pero no bombeaba. La Apagaron\nSolicita: Javier \nArea emisora: Mayordomia\n', '', NULL, NULL, '0000---------', '00---------', 77, 9185),
(912, '2017-08-24', 63, 156, 'Claudia Riquelme solicita construcción de puerta para un mueble.\nSolicita: Claudia Riquelme \nArea emisora: Inspección General \n\n08/09/17 Mensaje de fmunch: - 18 tirantes de 1 1/2" x 3 x 2 ml\n- 2 placas de fibrofacil de 6mm\n- 18 visagras de 2" x 4" tipo libro\n- 100 tornullos de 20- 16 mm para madera dorados\n\nenviado madeco 8/9 /2017\n11/09/17 Mensaje de fmunch: PRECIO TOTAL:$2.100', '2500', NULL, NULL, '0000---------', '0350-DMI-17', 72, 9185),
(914, '2017-08-24', 63, 209, 'Solicita: bascur\nArea emisora: cementerio \n\n01/09/17 Mensaje de asanders: Solicitud de reparación de canilla de 1/2\n', '', NULL, NULL, '0000---------', NULL, 66, 9185),
(915, '2017-08-24', 63, 146, 'Llamada de Karina de Bromatología para avisar que entra agua por el techo \nSolicita: Karina \nArea emisora: Bromatología\n\n01/09/17 Mensaje de fmunch: materiales:\n- 2 pomos faxtix para alta temperatura de 290cc\n01/09/17 Mensaje de fmunch: PRECIO TOTAL:$ 500\n15/09/17 Mensaje de fmunch: materiales en oficina\n2 pomos fastix para alta temperatura', '600', NULL, NULL, '0000---------', 'Paba-4654', 30, 9185),
(916, '2017-08-24', 63, 212, '23/08/2017 Se quemo un tubo \nSolicita: Directora \nArea emisora: CASA AMULEN\n', '', NULL, NULL, '0000---------', '00---------', 108, 9185),
(917, '2017-08-24', 63, 209, 'Llamado de Mayordomía solicitando purgar radiador del Tribunal de Faltas  N 1\nSolicita: Adolfo Mayordomía \nArea emisora: EDIF. MITRE 535- TRIBUNAL FALTAS 1\n', '', NULL, NULL, '0000---------', '00---------', 71, 9185),
(918, '2017-08-24', 63, 143, 'Llamado de Flavia solicitando modificacion en tabique de oficina de Pedro Velasquez.\nSolicita: Flavia \nArea emisora: EDIF TRANSITO Y TRANSPORTE\n', '', NULL, NULL, '0000---------', NULL, 7, 9185),
(922, '2017-08-24', 31, 156, 'Se solcita reparar ventanas de baños pùblicos de Turismo, Concejo, etc\nSolicita: Fernando Arroyo\nArea emisora: Direccion de Mantenimiento e Infraestructura\n\n08/09/17 Mensaje de fmunch: - 2 fallevas completas con varillas de 1/2" y manijas\nenbiado a ghiglia 8/9/2017\n11/09/17 Mensaje de fmunch: PRECIO TOTAL:$800', '1000', NULL, NULL, '0000---------', '0343-DMI-17', 77, 9185),
(926, '2017-08-25', 63, 194, 'Subsecretaría de Desarrollo Local -División de Trabajo Asociativo, solictan ver flexible de lavamanos que está perdiendo mucha agua.\nHablado con Carolina  llamar primero al cel  154-414871 Interno Nº 429. \nSolicita: Carolina \nArea emisora: División trabajo Asociativo\n', '', NULL, NULL, '0000---------', NULL, 39, 9185),
(927, '2017-08-25', 63, 206, 'Andrea avisa que el calefactor pierde gas. \nSolicita: Andrea \nArea emisora: Tribunal de Contralor \n', '', NULL, NULL, '0000---------', '00---------', NULL, 9185),
(928, '2017-08-25', 31, 172, 'Solicita reparar juegos de Plaza del velodromo.\n\nSolicita: Andrés Rodriguez\nArea emisora: Subsecretaria de Medio Ambiente\n', '', NULL, NULL, '0000---------', NULL, 22, 9185),
(929, '2017-08-25', 31, 209, 'Solicitan destapar sistema de desagüe del surtidor\nSolicita: Roberto Bartorelli\nArea emisora: Direccion de servicios\n\n30/08/17 Mensaje de farroyo: DE: DIRECCIÓN SERVICIOS PUBLICOS\n  A: DIRECCIÓN DE MANTENIMIENTO E INFRAESTRUCTURA\n \nMediante la presente me dirijo a Ud, solicitando revisión de camaras en tanques de combustilbles del Surtidor dependiente de esta Dirección.\nEsto se debe a que se encontro restos de agua en Cisterna de los combustibles, y se esta tratando de detectar fallas, para un normal funcionamiento. \n \nSin más, saludo atentamente.\n \nComiquil, Hector Eduardo\nDirección de Servicios Públicos\n25/08/2017\n\n', '', NULL, NULL, '0000---------', NULL, 183, 9185),
(930, '2017-08-25', 31, 209, 'Solcicita reparar ventilación de caño galvanizado del los tanques subterraneos de combustible, por choque de camión contra al mismo. \nSolicita: Fernando Arroyo\nArea emisora: Direccion de Mantenimiento e Infraestructura\n', '', NULL, NULL, '0000---------', NULL, 183, 9185),
(931, '2017-08-28', 31, 204, 'Camuzzi retiró medidor de edificio.\nSolicita: Prado Osvaldo\nArea emisora: Direccion de Mantenimiento e Infraestructura\n\n30/08/17 Mensaje de fmunch: T 931  TRANSITO Y TRANSPORTE\n\n2 calefactores EMG 5000kal TB GN\n4 calefactores EMG 3000kal TB GN\n20 rejillas de ventilación de 100cm2\n4 flexibles aprobados de 1/2”x 20cm x 45cm\n3 llaves de paso para gas natural de 1/2”\n1 anafe de 2 hornallas\n8 tiras de caño de 3” de chapa\n1 rollo de cinta perforada\n2 pomos de faxtic x 200gr de alta temperatura para pistola\n2 sombreros de chapa de 3”\n200 tornillos punta aguja t1\n200 tornillos de  20 - 40\n200 tarugos de Ø8\n8 caños de chapa de 5”\n2 sombrero de 5”\n2 codos de 90º de 5”\n20 conexiones completas de 5/16( birolas tuercas y bujes)\n4 ml de caños de cobre de 5/16\n3 rollos de teflon profecional\n1 lark de 500g\n2 llaves de paso de 3/4” para gas de 4 bar\n2 llaves de paso de 2”para gas de 4 bar\n4 entreroscas de 3/4” epoxi\n1 cupla de 2” galvanizada\n1 te de 2” galvanizada\n1 te de 3/4” epoxi\n2 bujes de 1 1/4” x 2” galvanizado\n2 entreroscas 1 1/4” galvanizada\n7 codos hh de 2 galvanozada\n2 reguladores para gas natural de 10 m3\n4 codos MH de 1/2” epoxi\n8 codos HH de 1/2” epoxi\n1 conexión tanque de 1/2” epoxi\n1 unión doble de macho hembra de 3/4” epoxi\n10 visores 6x4 cm templados\n6 visores de 2x2 templados con porta visor\n1 cupla dielectrica de 3/4”\n1 caño galvanizado se 2”\n\nenviado a agua y gas 30/8/2017\n31/08/17 Mensaje de fmunch: PRECIO TOTAL :$ 74.000\n12/09/17 Mensaje de farroyo: Con nota 414-DC-17 llegaron los tickes de retiro de material.\n13/09/17 Mensaje de fmunch: materiales retirados y puestos en pañol     FALTAN : \n- rto:00143177, 00143178 "ANDINO": fata retirar 2 llp bronce de 2" y 2 reguladores 4bar 10 m3\n- rto:0004-00018058 "AGUA Y GAS" 4 flexibles de gas aprobados de 1/2\ndichoos corralones no contaban con el material cuando fuimos a retirarlos 13/9/2017\n\n18/09/17 Mensaje de fmunch: AVISO: LLAMO ANDINO ESTAN LOS REGULADORES PERO NO LAS LLP\n21/09/17 Mensaje de fmunch: nota: 2 llaves de paso de 3/4 de 4 bar esfericas y 2 de 2" mas 4 flexibles de 1/2 extensibles\n"EN OFICINA MATERIALES ENTREGADOS COMPLETOS"\n21/09/17 Mensaje de fmunch: materiales en plomeria', '76000', NULL, NULL, '0000---------', 'p.ab-4454', 12, 9185),
(932, '2017-08-28', 31, 204, 'Camuzzi, Retiró el mediddor de Gas\nSolicita: Prado Osvaldo\nArea emisora: Direccion de Mantenimiento e Infraestructura\n', '', NULL, NULL, '0000---------', NULL, 13, 9185),
(933, '2017-08-28', 31, 224, 'Sin Energia todo el edificio\nSolicita: Flavia\nArea emisora: Transito\n\n28/08/17 Mensaje de farroyo: Se solcitó a Julian Lopez de Electromecánica que vaya la CEB. Aparentemente es un fusible aereo. Julian me confirmó que hizo el reclamo y envió un correo a Hugo Calvo\n28/08/17 Mensaje de asambueza: se fue al lugar y salto fucibkles aereo se llamo a la coperativa', '', NULL, NULL, '0000---------', '00---------', 12, 9185),
(934, '2017-08-28', 63, 197, 'Ivana de Sociales solicita prender calefactor..\nSolicita: Ivana \nArea emisora: CORRALÓN MUNIC – Sociales\n', '', NULL, NULL, '0000---------', '00---------', 26, 9185),
(935, '2017-08-28', 31, 145, 'Espacio Coral. Solicitan arreglo de mueble con cambio de puerta. Laura Esteves\nOT2673\n\nSolicita: Laura Esteves\nArea emisora: La llave\n\n28/08/17 Mensaje de fmunch: lista de materiales:\n\n-1/2 placa de fibroplus de 6mm blanca\n-1 placa de fibroplus de 6mm blanca\n-1 riel para sistema ducloset\n-2 sistemas ducloset simples\n-2 cubetas de enbutir \n-10 tirantes de  11/2" x 2,50 oregon\n-5 tirantes de 2" x 4" x 2,50  oregon\n-50 tornillos philip 19-60\n\nenviado a madeco 28/8/2017\n30/08/17 Mensaje de fmunch: PRECIO TOTAL:$4.200', '4500', NULL, NULL, '0000---------', '0323-DMI-17', 60, 9185),
(936, '2017-08-28', 31, 224, 'Solicita ver su Zapatilla de Computadora, no enciende\n\nSolicita: Galupi\nArea emisora: Subsecretaria MA\n', '', NULL, NULL, '0000---------', NULL, 29, 9185),
(938, '2017-08-28', 31, 213, 'Solicita ver artefacto de iluminacion de su oficina por ruido intenso\nSolicita: Patricia Adorno\nArea emisora: Departamento de Suministros\n', '', NULL, NULL, '0000---------', NULL, 73, 9185),
(939, '2017-08-28', 31, 221, '1705020816 corresponde a OT3398 Solicitan adecuación eléctrica del sótano para poder iluminar y se utilizarlo por personal. Llamaron en el día de la fecha que llegaron los materiales y le urge aramar el espacio.\n\n\n\nSolicita: Maxi Calvo\nArea emisora: Seguridad Ciudadana\n', '', NULL, NULL, '1705-020816', '0149-DMI-17', 161, 9185),
(940, '2017-08-29', 31, 209, 'Solcitan dejar caño camisa para riego de la plazoleta de la terminal en la Av. Luis Piedrabuena. e Identificar el actual cruce parqa futura reconexión\nSolicita: Milano Alfredo\nArea emisora: Secretaría de Obras y Servicios Públicos\n', '', NULL, NULL, '0000---------', NULL, 184, 9185),
(942, '2017-08-29', 31, 221, 'Solicitan aluimentación para equipos electricos de calefacción, debido al corte de GAS\nSolicita: Javier \nArea emisora: Mayordomia\n\n29/08/17 Mensaje de asambueza: para la istalacion de los equipos de frio calor se necesitan los siguientes materiales\n\n\n5 tomas de 20 amper cambre para riel din\n200 mertos de cable tpr 3x4mm\n5 tableros de aplicar de 4 bocas con tapa de acrilico\n40 metros de cable subterraneo 4x16+tierra\n1 javalina de 3/4 con morzeto\n1 tablero 12 bocas de aplicar con tapa de acrilico\n1 diyuntor diferencial de 63 amper trifasico\n1 termomacnetica terapolar de 63 amperes\n3 fusibles NH 100 amperes\n2 sintas ailadoras 3M grandes\n100 tornillos T2 \n50 tarugos de 6mm\n1 mecha caladora multiple tubelectric\n3 caños de pvc de 40 tubelectric\n2 cuplas de 40 pvc tubelectric\n10 grampas omegas para caños de 40 pvc\n1 mecha 6 mm de acople rapido sds \n2 termicas bipolares de 25 aperes\n2 termicas bipolares de 16 amperes\n1 termica bipolar de 10 ampres \n10 presacables de 3/4\n10 presacables de 1/2\n\n29/08/17 Mensaje de fmunch: PRECIO TOTAL:$19.400\n30/08/17 Mensaje de fmunch: materiales\n\n- 1 termomagnetica de 20 A\n- 5 caños de 20 de pvc\n- 3 curbas de 90º de 20\n- 3 cajas estancas de 10 x 10 x5\n- 7 conectores de 20 de pvc\n- 1 toma de aplicar tipo cambre de 20 a\n- 50 tornillos t2\n- 15 grampas de aplicar\n- 50 tarugos de 6 mm\n- 50 tornillos de madera de 20 -40\n- 1 caja exterior para termicas de 12 bocas metalica\n- 20 ml de cable tpr de 3mm x 4mm\n\n30/08/17 Mensaje de fmunch: estos ultimos materiales son del tiket 949\n30/08/17 Mensaje de asanders: 30/08/2017, Debido a un error en la impresión del ticket, se generó un pedido de abastecimiento complementario  nº 4424 de $ 10600.', '32600', NULL, NULL, '0000---------', 'Paba-4417', 12, 9185),
(943, '2017-08-29', 63, 225, 'Jorge personal solicita verificar el teléfono\nSolicita: jorge\nArea emisora: Personal  Corralón \n', '', NULL, NULL, '0000---------', NULL, 28, 9185),
(944, '2017-08-29', 63, 225, 'Norma avisa que llegaron materiales de electricidad solicitados por nota Nº 198-DMI-17,  según Orden de Trabajo nº 3501.\nSolicita: Norma \nArea emisora: CDI "PUDU PUDU"\n', '3700', NULL, NULL, '0000---------', NULL, 55, 9185),
(947, '2017-08-29', 31, 230, 'Solicitan termianciones de material para instalacion de GAS\n\nSolicita: Prado\nArea emisora: Direccion de Mantenimiento e Infraestructura\n', '', NULL, NULL, '0000---------', NULL, 12, 9185),
(948, '2017-08-29', 31, 237, 'Proyecto especial 2-17-1\nSolcitud de ejecucion de platea de hormigón\nSolicita: Fernando Arroyo\nArea emisora: Direccion de Mantenimiento e Infraestructura\n\n30/08/17 Mensaje de farroyo: El Hormgón Elborado cantera Ñire lo entrega el Miercoles 6 de Setiembre de 2017 a las 11hs', '', NULL, NULL, '0000---------', NULL, 151, 9185),
(949, '2017-08-29', 31, 221, 'Marcela Sastre informa que tiene los equipos frio calor para instalar, debidos al corte de Gas por lo que solicita alimentación electrica para los mismos.\n\nSolicita: Fernando Arroyo\nArea emisora: Direccion de Mantenimiento e Infraestructura\n\n30/08/17 Mensaje de fmunch: materiales\n- 1 termomagnetica de 20 A\n- 5 caños de 20 de pvc\n- 3 curbas de 90º de 20\n- 3 cajas estancas de 10 x 10 x5\n- 7 conectores de 20 de pvc\n- 1 toma de aplicar tipo cambre de 20 a\n- 50 tornillos t2\n- 15 grampas de aplicar\n- 50 tarugos de 6 mm\n- 50 tornillos de madera de 20 -40\n- 1 caja exterior para termicas de 12 bocas metalica\n- 20 ml de cable tpr de 3mm x 4mm\n\n30/08/17 Mensaje de fmunch: PRECIO TOTAL:$3.000', '3000', NULL, NULL, '0000---------', 'P Ab-4426', 12, 9185),
(952, '2017-08-30', 31, 152, 'POR MEDIO DE LA PRESENTE SE SOLICITA SE ENVÍEN A LA GENTE DE CARPINTERÍA PARA PODER TOMAR MEDIDAS Y REALIZAR LOS ESTANTES EN LA NUEVA OFICINA DE LA DIRECCION, EN VICE A. OCONNOR 1068, EN DONDE TAMBIÉN FUNCIONA LAS CÁMARAS DE MONITOREO.\n \nSIN MAS SALUDO ATENTAMENTE.\n\nSolicita: Patricia Fernández \nArea emisora: Dirección de Instituciones\n', '', NULL, NULL, '1708-281034', NULL, 161, 9185),
(953, '2017-08-30', 31, 144, 'DE PUESTO SANITARIO \nA: DIR MANTENIMIENTO \n \n\n    A TRAVES DE LA PRESENTE INFORMAMOS QUE DEBIDO AL TEMPORAL DE NIEVE Y FUERTES VIENTOS SE VOLARON LAS CUMBRERAS Y LAS CHAPAS DEL  TECHO  DEL PUESTO, MOTIVO POR EL CUAL SOLICITAMOS PERSONAL DE MANTENIMIENTO PARA SU EVALUACION Y REPARACION DEL MISMO .-\n \nMUCHAS GRACIAS \n\nSolicita: GLADYS PINEDA\nArea emisora: PUESTO SANITARIO \n\n08/09/17 Mensaje de fmunch: - 52ML TIRANTES DE 2" X 3"\n- 3 KG CLAVOS DE 4"\n- 15 CHAPAS DE SING DE 3 ML DE LARGO\n- 4 KG CAVEZA DE PLOMO DE 3,5"\n- 8 SENEFAS DE SING DE 2,44ML\n- 4 CUMBRERAS LISAS DE SING DE 2,44ML\n\nENVIADO A PALM 8/9/2017\n11/09/17 Mensaje de fmunch: PRECIO TOTAL: $2.100\n13/09/17 Mensaje de fmunch: correccion de presupuesto\nPRECO TOTAL DEFINITIVO:$12.700\n13/09/17 Mensaje de fmunch: NOTA: SE SUMAN LOS DOS PRESUPUESTOS\nQUEDARIA UN TOTAL DE\n$ 15.000', '15000', NULL, NULL, '1708-281446', '0338-DMI-17', 1, 9185),
(955, '2017-08-30', 63, 190, 'Norma avisa que hay olor a gas en la  entrada del jardín \nSolicita: Norma \nArea emisora: CDI "PUDU PUDU"\n\n31/08/17 Mensaje de dcomiquil: se reviso calefactor..y se verifico q no hay perdida', '', NULL, NULL, '0000---------', '00---------', 55, 9185),
(958, '2017-08-30', 31, 224, 'Una maquina cortó alimentación eléctrica.\nTE 154361192\nSolicita: Marcelo\nArea emisora: VErtedero\n', '', NULL, NULL, '0000---------', NULL, 138, 9185),
(959, '2017-08-30', 31, 222, 'Solicitan reparar 4 Enchufes. TE: 2944634628 CAAT 6\nSolicita: Alejandra Sandoval\nArea emisora: Desarrollo Humano\n\n14/09/17 Mensaje de farroyo: \n14/09/17 Mensaje de farroyo: TE 2944292504 Ale Sandoval', '', NULL, NULL, '0759-SDSDC-17', NULL, 107, 9185),
(960, '2017-08-30', 31, 199, 'Solicitan arreglar 2 calefactores. TE 2944634628\nSolicita: Alejandra Sandoval\nArea emisora: Desarrollo Humano\n', '', NULL, NULL, '0759-SDSDC-17', NULL, 107, 9185),
(961, '2017-08-30', 31, 175, 'Buen día, quería solicitar la fabricación de 4 chapas de 20x15, para \n> colocar en Puerta y barrales antipánico.- Muchas Gracias!\n\nSolicita: CRISTIAN AMPUERO \nArea emisora: Dpto. Seguridad e Higiene\n', '', NULL, NULL, '1708-301142', NULL, NULL, 9185),
(962, '2017-08-30', 31, 211, 'Estimados:\n solicito el arreglo de una llave de encendido de luz de una sala (\ncortocircuito) y cambio de tubos en otra sala.\n\nSolicita: Sarita \nArea emisora: Dirección Centro\n', '', NULL, NULL, '1808-301034', NULL, 56, 9185),
(963, '2017-08-30', 31, 236, 'Por este medio quería solicitarte, de ser posible, personal para realizar algunas tareas que necesitamos efectuar a la brevedad para que la empresa pueda seguir avanzando en la obra de ampliación de la cocina comunitaria en Centro Comunitario Barrio Vivero. \nLas tareas a realizar  son las siguientes:\nRetirar tramo de mesada para su reubicación dentro de cocina existente, derribar y construir nuevos muros de soporte.\n\n\nSolicita: Rocío Rébora \nArea emisora: Obras Por Contrato\n', '', NULL, NULL, '1708-301141', NULL, 48, 9185),
(964, '2017-08-30', 31, 209, 'Por este medio quería solicitarte, de ser posible, personal para realizar algunas tareas que necesitamos efectuar a la brevedad para que la empresa pueda seguir avanzando en la obra de ampliación de la cocina comunitaria en Centro Comunitario Barrio Vivero. \nLas tareas a realizar  son las siguientes:\nChequear el estado de las conexiones de gas en el Centro Comunitario, dado que necesitamos avanzar con las presentaciones para la ampliación de red interna de gas.\nConectar tramo de cañería de desagüe desde pileta de cocina existente a pileta de patio, actualmente el desagüe se realiza directamente a un tacho por tramo obstruido.\n\n\n\nSolicita: Rocío Rébora \nArea emisora: Obras por Contrato\n', '', NULL, NULL, '1708-301141', NULL, 48, 9185),
(965, '2017-08-30', 31, 150, 'Dirección de Mantenimiento\n \nPor la presente solicitamos las siguientes reparaciones en oficina de Turismo esquina PB, Centro Cívico:\n- Agregra varilla de madera (contramarco) faltante que sostiene vidrio en ventana de baño (por razones de seguridad).\n- Atornillar al piso varilla metálica que sostiene alfombra debajo de la puerta interna de madera y vidrio (actualmente la puerta no cierra bien y no se puede cerrar con llave desde el interior de la oficina).\n-Revisión de ventanas carpintería metálica para reforzar el cierre de la misma (por razones de seguridad).\n-Agregrar traba interna (pasador vertical de arriba) para puerta externa.\n \n\nSolicita:  Lic. Verónica Martín\nArea emisora: Departamento de Informes y Atención al Turista \n', '', NULL, NULL, '1708-231357', NULL, 77, 9185),
(966, '2017-08-30', 31, 214, 'Buenos Dias.\nSolicito el cambio de dos tubos de iluminacion en la oficina de esta Direccion\nAtte. \n\nSolicita: Edgardo Vella \nArea emisora: Planeamiento\n', '', NULL, NULL, '1708-250827', '00---------', 29, 9185),
(967, '2017-08-30', 31, 150, 'Buenas tardes por la presente solicito ver la posibilidad de mandar gente de su area para realizar cortes de maderas, la cual se utilizara en la sala de sereno y pared del buffet de dicho gimnasio.\n\n\n\nSolicita: Miguel Lopez \nArea emisora: Deportes\n', '', NULL, NULL, '1708-241433', NULL, 24, 9185),
(968, '2017-08-31', 31, 175, 'Solicita ver la posibilidad de hacer una estructura para un toldo en la 209.\nSolicita: Daniel Comiquil\nArea emisora: Direccion de Mantenimiento e Infraestructura\n\n04/09/17 Mensaje de fmunch: T: 968 TOLDO PARA VEHÍCULO 209 \n \n- 3 tiras de caño 3/4” redondo negro de hierro\n- 2 tiras planchuelas de 1” x 3/4” \n- 2 kg electrodos de 2,5” punta azual\n- 3 discos de corte de 7”\n- 1 malla de hierro cuadrado 5cm x 5cm  de 3,50 ml x 2,50ml\nenviado a palm 4/9/2017\n22/09/17 Mensaje de fmunch: RE 22/9/2017\n27/09/17 Mensaje de fmunch: PRECIO TOTAL: $3.000', '4000', NULL, NULL, '0000---------', 'Paba-4981', 31, 9185),
(969, '2017-08-31', 31, 199, 'Solcitan ver calefactor que se apagó y no encendió más.\nSolicita: Marisa Ranquehue\nArea emisora: Cultura\n', '', NULL, NULL, '0000---------', '00---------', 99, 9185),
(970, '2017-08-31', 31, 193, 'Solicitan Destapar el baño donde atienden a personas don discapacidad Física.\nSolicita: Mesa\nArea emisora: transito\n', '', NULL, NULL, '0000---------', '00---------', 7, 9185),
(971, '2017-08-31', 31, 178, 'Pierede agua el baño de hombres y moja el pasillo\nSolicita: Javier \nArea emisora: Mayordomia\n\n19/09/17 Mensaje de farroyo: ', '', NULL, NULL, '0000---------', '00---------', 7, 9185),
(972, '2017-08-31', 31, 223, 'Solcitan ver Tupí, el motor gira al reves.\n\nSolicita: Cifuentes\nArea emisora: Dinara\n', '', NULL, NULL, '0000---------', NULL, 117, 9185),
(973, '2017-09-01', 31, 213, 'Sin luz en baño y oficina\nSolicita: Wodicka\nArea emisora: Delegacion El Condor\n', '', NULL, NULL, '0000---------', '00---------', 11, 9185),
(979, '2017-09-04', 31, 141, 'Se trabó la puerta de la caldera, no pueden acceder\nSolicita: Javier \nArea emisora: Mayordomia\n\n08/09/17 Mensaje de fmunch: MATERIALES MAYORDOMIA\n\n- 2 RIEL DE 150\n- 4 CUBETAS DE ENBUTIR\n- 1 SISTEMA DE DUCLOSET DOBLE\n- 2 MELAMINA COLOR SEDRO SEGUN CORTES DE (4 DE 65 X 213)\n08/09/17 Mensaje de fmunch: enviado a madeco 8/9/2017\n11/09/17 Mensaje de fmunch: PRECIO TOTAL: $ 5.200\n27/09/17 Mensaje de asanders: \n27/09/17 Mensaje de asanders: ', '6000', NULL, NULL, '0000---------', '0360-DMI-17', 72, 9185),
(980, '2017-09-04', 31, 204, 'Camuzzi Retiró el medidor\nSolicita: Fernando Arroyo\nArea emisora: Direccion de Mantenimiento e Infraestructura\n\n11/09/17 Mensaje de fmunch: delegación el cóndor y CAAT 1 “GAS”\n \n- 1 calefactor de 3000 kal EMEG tiro balaceado\n- 1 calefactor de 1900 kal EMEG tiro balanceado\n- 2 calefactor de 5000 kal EMEGE tiro balanceado\n- 2 anafe para gas natural aprobadas de 1600 kal\n- 1 regulador de 10 m3\n- 1 T de 1” x 3/4”\n- 2 buges de 1” x 3/4”\n- 1 conexión tanque de 3/4”\n- 1 pilar de 3/4” a 1. 1/4”\n- 1 rollo de teflón profesional de 3/4”\n- 1 pintura epoxi de 2 componentes de 250gr\n- 2 pinceles nº25\n- 3 flexibles para gas aprobados de 1/2” x 20cm\n- 3 visores de 2cm x 2cm\n- 1 portavisor  de 2cm x 2cm\nPRECIO TOTAL:$27.000\n25/09/17 Mensaje de fmunch: entregado completo puesto en pañol\n26/09/17 Mensaje de fmunch: materiales faltantes\n- 1 placa de durlok inifuga roja de 9mm\n- 1 plancha carton mineral\n- 8 rejillas aprobadas de 100cm2\n26/09/17 Mensaje de fmunch: enviado a casa palm y agua y gas 26/9/2017\n26/09/17 Mensaje de fmunch: PRECIO TOTAL: $1.100\n26/09/17 Mensaje de asanders: 26/09/17 Mensaje de asanders: 26/09/2017 Se generó otro pedido Nº 4926 de $ 1500 con materiales faltantes.\nAle.\n', '30000', NULL, NULL, '0000---------', 'Paba-4638', 12, 9185),
(982, '2017-09-05', 31, 207, 'De mi mayor consideración:\n                                                 Por medio de la presente solicitamos tenga a bien gestionar personal, de forma urgente, para llevar adelante revisión y arreglo en el Centro Comunitario del Barrio Unión, por falta de gas. Para coordinación comunicarse con el CAAT Nº 9 2944-639700. \n                            Sin otro particular, saludo atentamente. \n\nSolicita: Alejandra Sandoval\nArea emisora: Desarrollo Humano\n', '', NULL, NULL, '0000---------', NULL, 128, 9185),
(983, '2017-09-05', 31, 207, 'Buen día: Por medio de la presente solicitamos tenga a bien gestionar personal, para llevar adelante verificación y arreglo de la cocina del Club Comunitario, de forma urgente, ya que la misma tiene perdida de gas. \n            Sin otro particular, saludo atentamente. \n\nSolicita: Gaby \nArea emisora: Desarrollo humano\n', '', NULL, NULL, '1709-010851', NULL, NULL, 9185),
(984, '2017-09-05', 31, 213, 'San Carlos de Bariloche, 19 de mayo del 2017.-\nDE: C.D.I. PUDÚ-PUDÚ “8 de Nov.”\n  A: DIRECCIÓN DE MANTENIMIENTO\n                                                                         REF.:  electricista\n\n                                                             Por medio de la presente solicito un electricista para relevamiento de artefacto de luz de la cocina, cambio de luz fotocélula del sector del patio de afuera, y ver si se puede colocar un extractor para los baños de 2 y 3 años.  \n                                                                   Sin otro particular y esperando una pronta respuesta, lo saluda atte.-\n\nNOTA Nº 30/2017\nSolicita: Norma Mitri\nArea emisora: Pudu pudu\n', '', NULL, NULL, '1709-011039', '00---------', 55, 9185),
(985, '2017-09-05', 31, 189, 'San Carlos de Bariloche, 19 de mayo del 2017.-\nDE: C.D.I. PUDÚ-PUDÚ “8 de Nov.”\n  A: DIRECCIÓN DE MANTENIMIENTO\n                                                                         REF.: Pedido de plomero\n                                                             les recuerdo que aún no tenemos agua caliente en la sala de bebé, que quedaron en arreglarla. Y que quedó pendiente la limpieza de los calefactores y tanque. Igual hoy ya vinieron los plomeros por la pérdida de gas y vienen la semana que viene por el agua. \n                                                         \n                                                          Sin otro particular y esperando una pronta respuesta, lo saluda atte.-\n\nNOTA Nº 30/2017\nSolicita: Norma Mitri\nArea emisora: Pudu Pudu\n', '', NULL, NULL, '1709-011039', NULL, 55, 9185),
(986, '2017-09-05', 31, 153, 'San Carlos de Bariloche, 19 de mayo del 2017.-\nDE: C.D.I. PUDÚ-PUDÚ “8 de Nov.”\n  A: DIRECCIÓN DE MANTENIMIENTO\n                                                                         REF.: Pedido de carpintero \n                                                              solicito un carpintero para cortar un mueble y ponerlo en el lavadero. Y hace aproximadamente 2 años había pedido un mueble para un grabador, si es posible realizarlo. \n                                                          Sin otro particular y esperando una pronta respuesta, lo saluda atte.-\n\nNOTA Nº 30/2017\nSolicita: Norma Mitri\nArea emisora: Pudu Pudu\n', '', NULL, NULL, '1709-011039', NULL, 55, 9185),
(991, '2017-09-05', 31, 221, 'Buen día. \n                Por medio de la presente, se solicita la colocación de luz eléctrica y artefactos , en el contenedor ubicado en la delegación sur, el cual será utilizado para el acopio de decomisos del área de inspección general.  \nPor lo antes expuesto se solicita que por este mismo medio se envié listado de materiales a utilizar.\nGracias \nAdolfo.\nSolicita: Adolfo\nArea emisora: Mayordomia\n\n08/09/17 Mensaje de asambueza: para alimentar el conteiner con electricidad se necesitan los siguientes materiale\n\n\n25 metros de cable subterraneo de 2x4mm\n1 tablero de 4 bocas de aplicar con tapa de acrilico\n1 diyntor diferencial de 25 amperes bipolar\n1 termomagnetica de 16 amperes bipolar\n10 caños de pvc de 20\n4 cajas octogonales de pvc\n4 cajas rectangulares de pvc\n3 tomas dobles de ampotrar completa\n1 llave de 1 punto completa de empotrar\n100 tornillos t2\n15 metros de cable tpr de 3x2,5mm\n20 conectores de 20 de pvc\n10 cuplas de 20 de pvc\n3 artefactos de 2x36 wats con protector de acrilico completo\n\n\n08/09/17 Mensaje de fmunch: ENVIADO A PIZUTTI :8/9/2017\n11/09/17 Mensaje de fmunch: PRECI TOTAL:$4.000\n19/09/17 Mensaje de asanders: 19-09-2017 se envió por correo electrónico a l Depto. de  Mayordomía.\n27/09/17 Mensaje de farroyo: AVISA DARIO DE MAYORDOMIA QUE YA TIENE LOS MATERIALES', '4500', NULL, NULL, '1709-011118', '1709-191209', 113, 9185),
(992, '2017-09-05', 31, 237, 'Corresponde a orden de trabajo 5-16-5 \nColocar Ceramicos en baño Discapacitados\nSolicita: Fernando Arroyo\nArea emisora: Direccion de Mantenimiento e Infraestructura\n\n06/09/17 Mensaje de farroyo: Por nota 411-DC-17 entregaron cpia de factura 40-8808 de $5730.29 para retiro en Casa Palm.\n07/09/17 Mensaje de fmunch: SE RETIRO MATERIAL CON REMITO Nº0020 - 00230154\n\n- 13 CAJAS CERAMICOS RACIFE TIZA 38 X 38 X 2,02M2\n- 5 ADHESIVO PARA CERAMICOS X 30KG\n- 5KG PASTINA TALCO\n\nPUESTO EN OBRA 7/9/2017', '', NULL, NULL, '00---------', '0PA-3662', 2, 9185),
(995, '2017-09-06', 63, 212, 'Papa avisa que hay un tubo mediano quemado.\nSolicita: Riqui Papa\nArea emisora: Obras Particulares\n', '', NULL, NULL, '0000---------', '00---------', 29, 9185),
(996, '2017-09-06', 31, 155, 'Solicitan la reparación de mesa de madera de servicio técnico.\nSolicita: Juan Carlos\nArea emisora: Direccion de Sistemas\n', '', NULL, NULL, '0000---------', '00---------', 182, 9185),
(997, '2017-09-06', 31, 186, 'Solcitan verificación de y arreglo de Filtración de humedad en la oficina de salud. TE 2944639700\nSolicita: Alejandra Sandoval\nArea emisora: Dirección de Promoción Social\n', '', NULL, NULL, '0772-SDSDYC-1', NULL, 130, 9185),
(998, '2017-09-06', 31, 174, 'buenos dias Alejandra, de acuerdo a lo conversado telefonicamente, paso a describir las medidas de los cestos a ser usado en la feria de artesanos urquiza,\n    la cantidad de 10 canastos de los cuales la mayor necesidad, es que  puedan ser usado con bolsas de residuos de 40 x 60 cm. y que su contorno NO sean hechos con mallas, ya que la basura, sean papelitos o envoltoreos tirados x los turistas se cae por las rendijas.\n los mismos se necesitan con suma urgencia, sin mas atte.\n\nSolicita: Dardo\nArea emisora: Secretaria de Gobierno\n', '', NULL, NULL, '1708-281209', NULL, 81, 9185),
(1000, '2017-09-06', 31, 213, 'Buen dia:\n Solicitamos la reparación de una de las luces de las instalaciones eléctricas de la Junta Electoral Municipal.\n El día 15 de agosto del corriente, nos repararon el techo de la oficina pero uno de los artefactos que porta los tubos de luz quedó sin iluminación, lo que hace que una parte de la oficina no esté iluminada. \n Solicitamos su reparación lo antes posible, ya que son casi 3 semanas que estamos a la espera de la reparación.\n Saludos cordiales\n                                                                                               JUNTA ELECTORAL MUNICIPAL\n                                                                                                Interno 520.\n                                                                                      \n\n\nArea emisora:             JUNTA ELECTORAL MUNICIPAL \n', '', NULL, NULL, '1709-051434', '00---------', 39, 9185),
(1001, '2017-09-06', 31, 186, 'ARSA inforna de alto consumo del medidor  A13S202801. correspondiente al jardín y solicta revisión de instalación.\nSolicita: Patricia Fernandez\nArea emisora: Dirección de INSTITUCIONES\n', '', NULL, NULL, '0165-SD/DI-17', NULL, 55, 9185),
(1002, '2017-09-06', 63, 212, 'Solicitan cambio de tubo en la cocina, dicen que están  llenos de gente y les urge\nSolicita: Noelia\nArea emisora: Amulen\n', '', NULL, NULL, '0000---------', '00---------', 108, 9185),
(1004, '2017-09-06', 31, 209, 'Solcita ver de ajustar canilla de la vacha del office porque está suelta.\nSolicita: Jorge\nArea emisora: Personal 2\n', '', NULL, NULL, '0000---------', '00---------', 28, 9185),
(1005, '2017-09-07', 31, 222, 'Solicita ver el toma corriente donde está enchufada la zapatilla, no puede encender la computadora.\nSolicita: Alejandra Balone\nArea emisora: CDI Eva Perón\n', '', NULL, NULL, '0000---------', '00---------', 70, 9185),
(1007, '2017-09-07', 31, 177, 'Corresponde a orden de trabajo 3471.Reparación de mochilas de baño de prensa. Llegaron materiales a Sala de prensa. Virginia Cayún\n Reclaman la reparación del baño pues ya tienen los materiales desde el 26 de mayo \n\nSolicita: Almendra\nArea emisora: sala de prensa\n', '', NULL, NULL, '1705-262345', '00---------', 76, 9185),
(1008, '2017-09-07', 63, 190, 'Solicitan purgar radiadores. oficina  Boletín Oficial 2 piso Centro Cívico. Palacio Municipal.\n  \nSolicita: Rosa Lobrezco \nArea emisora: Oficina Boletin Oficial\n', '', NULL, NULL, '0000---------', '00---------', 76, 9185),
(1011, '2017-09-07', 31, 193, 'Solicitan destapar inodoro baño de mujeres\nSolicita: Maria Elena\nArea emisora: Mayordomia\n', '', NULL, NULL, '0000---------', '00---------', 29, 9185),
(1012, '2017-09-07', 31, 153, 'Solicitan 2 repisas para colocar cajas de archivos y biblioratos\nSolicita: Carolina Ceballos\nArea emisora: Mecanica\n\n15/09/17 Mensaje de fmunch: materiales:\n- 1/2 placa de fibrofacil de 18mm\n- 100 tornillos 19 - 45\n- 50 tacos fisher de Ø8\n\nenviado a madeco 15/9/2017\n18/09/17 Mensaje de fmunch: PRECIO TOTAL:$720', '1000', NULL, NULL, '0131-DMG-17', 'P Ab-4816', 34, 9185),
(1019, '2017-09-08', 31, 158, 'En Catastro solicitan para Susana Torralba ejecutar un cajón para elementos de libreria. similares a los que ya hemos hecho.\nSolicita: Prado\nArea emisora: Direccion de Mantenimiento e Infraestructura\n', '', NULL, NULL, '0000---------', '00---------', 29, 9185),
(1021, '2017-09-08', 64, 224, 'Romina informa que no hay luz en el edificio de Transito y Transporte.\nSolicita: Romina\nArea emisora: TRANSITO Y TRANSPORTE\n', '', NULL, NULL, '0000---------', '00---------', 7, 9185);
INSERT INTO `tickets` (`id_ticket`, `fecha`, `creador`, `servicio`, `observacion`, `patrimonio`, `tiempoResolucion`, `adjunto`, `nota_entrada`, `nota_salida`, `fkEdificio`, `fk_areaSolicitante`) VALUES
(1024, '2017-09-08', 31, 146, 'Solcitan ver el cierre de algunos postigos y reparar el cierre de la ventana del estar que da al Este.\nSolicita: Patricia\nArea emisora: amulen\n\n08/09/17 Mensaje de farroyo: Tambien solicitan retirar tres tablas  de abajo hacia arriba sobre el calefactor del Estar.', '', NULL, NULL, '00---------', NULL, 108, 9185),
(1025, '2017-09-08', 31, 159, 'Solcitan pintar cieloraso de cocina, pasillo y lavadero completo\nSolicita: Patricia\nArea emisora: Amulen\n', '', NULL, NULL, '0000---------', NULL, 108, 9185),
(1026, '2017-09-08', 31, 174, 'Solcitar un puerta metálica para el nicho de gas y colocarla.\nSolicita: Fernando Arroyo\nArea emisora: Direccion de Mantenimiento e Infraestructura\n', '', NULL, NULL, '0000---------', NULL, 108, 9185),
(1028, '2017-09-11', 31, 209, 'Solicitan instalación de compresores en las secciones de Mantenimiento y Lubricantes y Gomería.\nSolicita: Roberto Maciel\nArea emisora: DIRECCION DE MECANICA\n', '', NULL, NULL, '0131-DGM-17', NULL, 34, 9185),
(1029, '2017-09-11', 31, 221, 'SOLICITAN INSTALACIÓN DE COMPRESORES EN LAS SECCIONES DE GOMERIA Y MANTENIMIENTO Y LUBRICANTES.\nSolicita: ROBERTO MACIAEL\nArea emisora: DIRECCION DE MECANICA\n', '', NULL, NULL, '0000---------', NULL, 34, 9185),
(1030, '2017-09-11', 31, 204, 'SOLICITAN CORRER CALEFACTOR DEL SECTOR DE FREDY, AL DE CLARITA.\nSolicita: RODRIGUEZ\nArea emisora: DIRECCION DE OBRAS PARTICULARES\n', '', NULL, NULL, '0000---------', '00---------', 29, 9185),
(1031, '2017-09-11', 31, 225, 'SOLICITAN APAGAR MOTOR DE RELOJ DE LOS MUÑECOS, HASTA QUE PUEDA VERLO EL RELOJERO\nSolicita: JAVIER\nArea emisora: MAYORDOMIA\n', '', NULL, NULL, '0000---------', '00---------', 76, 9185),
(1033, '2017-09-11', 31, 224, 'LLAMARON QUE HACE UNA HORA ESTÁN SIN ENEREGIA\nSolicita: ROMINA\nArea emisora: TRANSITO\n', '', NULL, NULL, '0000---------', '00---------', 7, 9185),
(1034, '2017-09-11', 31, 197, 'solicitan encender calefactor\nSolicita: Susana Torralba\nArea emisora: Catastro\n', '', NULL, NULL, '0000---------', '00---------', 29, 9185),
(1035, '2017-09-11', 31, 202, 'solicita encender calefacción\nSolicita: Mercedes\nArea emisora: Mayordomia\n', '', NULL, NULL, '0000---------', '00---------', 39, 9185),
(1039, '2017-09-12', 31, 178, 'Solicitan reparar deposito de inodoro que rebalsa\nSolicita: Lopez\nArea emisora: Delgacion catedral\n', '', NULL, NULL, '0000---------', '00---------', 155, 9185),
(1040, '2017-09-12', 31, 183, 'Solcitan repara conexión domiciliaria en Saenz Peña y Neuquen\nSolicita: Comiquil Hector\nArea emisora: Servicios\n', '', NULL, NULL, '0000---------', '00---------', 184, 9185),
(1042, '2017-09-12', 31, 217, 'Solicitan ver termica del reloj.\nSolicita: Pablo Reloj\nArea emisora:  Reloj\n', '', NULL, NULL, '0000---------', '00---------', 76, 9185),
(1043, '2017-09-12', 31, 207, ' Por medio de la presente, solicitamos  que lo antes posible se acerquen a revisar el horno de la cocina, ya que se observa que la cocción de los alimentos cuesta mucho, y la llama del quemador no prende completamente.\nPatricia Parra\nSolicita: Patricia Parra\nArea emisora: Cdi iglesias\n', '', NULL, NULL, '1709-081100', '00---------', 57, 9185),
(1048, '2017-09-12', 31, 227, 'corresponde a OT 3419 Solicitan armar nuevamente el canil para guardar desechos de sistemas. Al Sur de suministros.\nPor medio de la presente se informa y según lo hablado con Secretaria de \nHacienda,se asigna un nuevo lugar para el deposito de equipos de computación \ndados de baja, dicho lugar quedaría en el espacio libre, vació, entre las paredes de \nsecretaria de hacienda y la espalda de la oficina de patrimoniales.\nAtte.\nDirección de Sistemas\n\n\n\nSolicita: Sistemas\nArea emisora: sistemas\n', '', NULL, NULL, '1708-081002', NULL, 72, 9185),
(1049, '2017-09-12', 31, 206, 'Solicitan revisión por pérdida de gas de la cocina mediante el uso. Centro Comunitario Bº169 Viv nota:793-SDSDyC DAC-17 TE:2944639681\nSolicita: Alejandra Sandoval\nArea emisora: Direccion de Promoción Social\n\n28/09/17 Mensaje de farroyo: Reclaman esta tarea', '', NULL, NULL, '0793-SDSYC-17', NULL, 46, 9185),
(1050, '2017-09-12', 31, 191, 'Solicitan reparar TERMOTANQUE. No hay agua caliente. Además solicitan remover manguera negra en el techo del lugar.\nSolicita: Alejandra Sandoval\nArea emisora: Dirección de Promoción social\n', '', NULL, NULL, '0794-SDSDYC17', NULL, 114, 9185),
(1051, '2017-09-13', 31, 179, 'Solicita revisar los baños del lugar porque están sin agua.\nSolicita: Gabriela Costa\nArea emisora: Areas Protegidas\n', '', NULL, NULL, '0000---------', NULL, 167, 9185),
(1052, '2017-09-13', 31, 151, 'Se le entregó una cerradura de stock. realizar pediddo de una tipo candex\nSolicita: vargas\nArea emisora: Cantera\n', '', NULL, NULL, '0000---------', NULL, 185, 9185),
(1053, '2017-09-13', 31, 177, 'corresponde a OT3648. reparación de baños públicos, no corta uno de los baños. Llegaron Materiales con Fact 4-5259 AyG Material entregado Lucho. 13-9-17 13:24hs\n\n\nSolicita: Fernando Arroyo\nArea emisora: Direccion de Mantenimiento e Infraestructura\n', '', NULL, NULL, '0000---------', NULL, 29, 9185),
(1054, '2017-09-13', 31, 234, 'Solicita reparar revoque por trabajo plomería. Es necesario retirar Termotanque y la mesada del office para hacer la reparación.\nSolicita: Prado\nArea emisora: Direccion de Mantenimiento e Infraestructura\n', '', NULL, NULL, '0000---------', NULL, 73, 9185),
(1055, '2017-09-13', 31, 193, 'solicitan destapar pileta de patio baño de mujeres de Turismo\nSolicita: Javier \nArea emisora: maordomia\n', '', NULL, NULL, '0000---------', '00---------', 77, 9185),
(1056, '2017-09-14', 31, 224, 'Sin energía en Aula 0\nSolicita: Jacier\nArea emisora: La Llave\n', '', NULL, NULL, '0000---------', '00---------', 58, 9185),
(1057, '2017-09-14', 31, 224, 'Sin energía. Urgente\nSolicita: Flavia\n', '', NULL, NULL, '0000---------', '00---------', 7, 9185),
(1058, '2017-09-14', 31, 222, 'Solicita cambiar dos tomas con inconvenientes.\nSolicita: Aldo Cardenas\nArea emisora: Laboratorio\n', '', NULL, NULL, '0000---------', '00---------', 8, 9185),
(1059, '2017-09-14', 31, 156, ' Corresponde  A OT3583 solicitan reparación o cambio de puerta de deambuladores que tiene rota una bisagra\n\nSolicita: Lorena Zanuti\nArea emisora: Instituciones\n\n19/09/17 Mensaje de fmunch: matwriales.\n- 3 bisagras estandar de doble contacto soldar y atornillar derecha\n- 3 bisagras estandar de doble contacto soldat y atornillar izquierda\n- 1 cerradura tipo trabex de 185 entre agujeros izq\n- 1 cerradura tipo trabex  de 185 entre aguujeros derecha\n- 20 tornillos de 2"\n\nretirados completo entregados a rojel para mamani\n', '2600', NULL, NULL, '0000---------', '00---------', 6, 9185),
(1060, '2017-09-14', 31, 186, 'Se rompió manquera del baño de mujeres del agua caliente y se inunda el baño\nSolicita: javier\nArea emisora: mayordomia\n', '', NULL, NULL, '0000---------', '00---------', 2, 9185),
(1061, '2017-09-14', 31, 152, 'Solicitan estanteria a Mmani en el dia de la fecha\nSolicita: Patricia\nArea emisora: Amulen\n\n18/09/17 Mensaje de fmunch: - 2 placas de fibrofacil de 18 "segun cortes"\n- 1 kg de cola vinilica de 1kg tipo fotrx\n- 200 tornillos 19-49\n- 1 placa de fibrofacil de 3mm\n18/09/17 Mensaje de fmunch: 18/09/2017 13:08 enviado a madeco\n19/09/17 Mensaje de fmunch: PRECIO TOTAL: $3.500\n19/09/17 Mensaje de fmunch: ENVIO PLANOS DE CORTE POR MEIL', '3700', NULL, NULL, '0000---------', '0346-DMI-17', 108, 9185),
(1062, '2017-09-14', 31, 156, 'Entra agua por la ventana, Virginia. Reparación Abertura\n\nSolicita: Virginia\nArea emisora: Delegación el Condor\n\n15/09/17 Mensaje de fmunch: materiales:\n- 2 falleba completas para enbutir  con barillas de 1.50ml\n- 50 tornillos de 19-35\n- 1 kg de cola vinilica tipo fortrx\n- 1 ml de lija nº60\n- 1 ml de lija nº100\n- 2 lts barnis\n- 1  lts aguarras\n\nenviado a ghiglis 15/972017\n21/09/17 Mensaje de fmunch: ( ESTIMADO) PRECIO TOTAL: $1.500', '1700', NULL, NULL, '0309-DMEC-16', 'Paba-4873', 11, 9185),
(1063, '2017-09-14', 31, 174, 'Solcicitan reparación puerta de Nicho De Gas OT 2847\nSolicita: Lorena\nArea emisora: Pichi CHE Ruka\n', '', NULL, NULL, '0000---------', NULL, 6, 9185),
(1064, '2017-09-14', 31, 229, 'Nota: 723-SDSDyC DAC Entregan ticket para retiro de puerta a colocar en Centro Comunitario Bariio 169 Viviendas TE2944629046. Corresponde a OT3577 "Onelli y Oses solicitan cambio de puerta"\n\nSolicita: Alejandra Sandoval\nArea emisora: Direccion de promoción social\n', '', NULL, NULL, '0723-SDSD-17', NULL, 46, 9185),
(1065, '2017-09-15', 31, 213, 'OT 3429.Solicitan intervención por incendio acaecido ayer.\nPor medio de la presente informo que en el día de la fecha, recibimos materiales de electricidad, correspondientes a las notas de Pedido N° 3353  de suministro,  con detalle de: \n1 artefactos 2x36 wats con tubos Led y protector acrílico completos.\n3 tiras de cable c/ autoadhesivo.\n10 mts. de  cable TPR de 3x 1.5 mm.\ny de la  nota de Pedido N° 3456 \n5 artefactos 2x36 wats con tubos Led y protector acrílico completos.\n4 lámparas Led de 18 wats E27.\nAmbas notas compartidas con el CDI Pudu-Pudu.\n  Saluda atte. \nPatricia Parra\nSE SUPONE QUE LOS 5 ARTEFACTOS YA FUERON COLOCADOS EN PUDU PUDU.\n\n\n\nSolicita: PATRICIA\nArea emisora: CDI IGLESIAS\n\n25/09/17 Mensaje de asambueza: para seguir con las mejoras en el edificio y recambio de artefacos en el sector se nesesitan los siguientes materiale\n\n6 artefacto de 2x36 wats con protector de acrilico completos\n5 artefacos de 1x20 wats con protector de acrilico completos\n8 artefactos de 1x36 wats con protector de acrilico completos\n50 tornillos t2 autoperforantes\n\n25/09/17 Mensaje de fmunch: ENVIADO A PIZZUTI 25/9/2017\n27/09/17 Mensaje de fmunch: PRECIO TOTAL: $ 8.600', '', NULL, NULL, '1709-140851', '0169--DMI-17', 57, 9185),
(1066, '2017-09-15', 31, 225, 'EN SALA FREY. CABLES DEL TECHO CON FALSO CONTACTO. \nSolicita: GRACIELA CHOLILEF\n\n25/09/17 Mensaje de asambueza: sala frey se solicitan los siguientes materiales para mejoras en el sector\n\n\n2 artefactos de 2x36 wats con protector de acrilico completo\n1 artefacto de 1x36 wats con protector de acrilico completo\n25/09/17 Mensaje de fmunch: ENVIADO A PIZUTTI 25/9/2017\n27/09/17 Mensaje de fmunch: PRECIO TOTAL 1.500\n27/09/17 Mensaje de fmunch: $ 1.500', '1700', NULL, NULL, '0000---------', '0362-DMI-17', 78, 9185),
(1067, '2017-09-15', 31, 212, 'Buen día necesitamos que se acerque algún electricista por cambio de un tubo de luz en consultorio de la psicologa.\nDesde ya muchas gracias.\nDebora.\n\nSolicita: Debora.\nArea emisora: MEDICINA PREOCUPACIONALES\n', '', NULL, NULL, '1709-140581', '00---------', 39, 9185),
(1068, '2017-09-15', 31, 209, 'Solicitan revisar artefactos de calefacción y cocina, previo a inspeccion de Camuzzi.\nSolicita: ADRIANA CONDE\nArea emisora: Dirección de Obras por Contrato\n', '', NULL, NULL, '1165-DOC-17', NULL, 48, 9185),
(1069, '2017-09-15', 31, 154, 'bUEN DÍA:\neTIMADOS:\n         pOR ESTE MEDIO, SOLICITO EL ARREGLOS DE VARIAS SILLAS  DE MADERAS\n(10, son chiquitas). Asimismo solicito que las vengan a retirar.\nGracias!!!\nSarita\n\nSolicita: Sarita\nArea emisora: DIRECCIÓN\n', '', NULL, NULL, '1709-150915', NULL, 56, 9185),
(1070, '2017-09-15', 31, 216, 'Por la presente se solicita el relevamiento de iluminacion en el sector de Tesoreria.\n\nEdificio de Hacienda Mitre 535.\njavier celular 154308226\n\nSolicita: JAVIER\nArea emisora: MAYORDOMIA\n', '', NULL, NULL, '1709-141300', '00---------', 72, 9185),
(1071, '2017-09-15', 31, 159, 'Se solicita pintar los sectores de ofina de inspeccion general Sr Morales, cocina y pasillos de ingreso a los baños.\nSolicita: JAVIER\nArea emisora: MAYORDOMIA\n', '', NULL, NULL, '1709-141300', NULL, 72, 9185),
(1072, '2017-09-18', 31, 177, 'Cortaron el agua de la mochila porque perdía, solicitan reparación urgente porque lo necesitan.\nSolicita: Raquelina\nArea emisora: tribunal ll\n', '', NULL, NULL, '0000---------', NULL, 3, 9185),
(1073, '2017-09-18', 31, 217, 'Legales. Salta la termica y están sin energía.\nSolicita: Javier \nArea emisora: Mayordomia\n', '', NULL, NULL, '0000---------', '00---------', 76, 9185),
(1074, '2017-09-18', 31, 157, 'Se trabó la puerta, no pueden iniciar tareas.\nSolicita: Coronel\nArea emisora: baño quimico\n', '', NULL, NULL, '0000---------', '00---------', 14, 9185),
(1075, '2017-09-18', 31, 231, 'Centro Comunitario Bº 169 viv.- 169 Solicitan repara cerco del lugar.  TE:154629046. Nota 815-SDSDyC DAC-17\nSolicita: Alejandra Sandoval\nArea emisora: Dirección de Promoción \n\n28/09/17 Mensaje de farroyo: Se Rectifica el Lugar. El cerco roto es en el Club Comunitario (Ex 28)', '', NULL, NULL, '0815-SDDAC-17', NULL, 46, 9185),
(1076, '2017-09-18', 31, 181, 'Pierde agua el termotanque de la casa del Guradaparque\nSolicita: Ricardo \nArea emisora: Parque Llao Llao\n\n18/09/17 Mensaje de farroyo: Pierde el caño de salida. Le pedí:\n1 niple de 3/4" PP de 50cm de largo\n1 union doble de media PP ', '', NULL, NULL, '0000---------', NULL, 151, 9185),
(1077, '2017-09-18', 31, 173, 'Solicita repara puerta de ingreso.\nSolicita: Alejandra\nArea emisora: Instituciones\n', '', NULL, NULL, '0000---------', NULL, 186, 9185),
(1078, '2017-09-18', 31, 186, 'Solcita ver mancha de humedad en sala de tres.\nSolicita: Alejandra\nArea emisora: Instituciones\n', '', NULL, NULL, '0000---------', NULL, 186, 9185),
(1079, '2017-09-18', 33, 209, 'tapa de cemento de camara ceptica rota "remplazar"\nArea emisora: CDI "PEQUEÑOS CORAZONES"\n\n18/09/17 Mensaje de fmunch: PRECIO TOTAL: $1.800\n19/09/17 Mensaje de asanders: Se envio correo electrónico a Dir. Instituciones.\n19/09/17 Mensaje de asanders: se envió correo electrrónico a Dir. Instituciones', '2000', NULL, NULL, '0000---------', '1709-181359', 125, 9185),
(1080, '2017-09-18', 63, 216, 'Delegado solicita energizar sector para instalación de reloj digital.\nSolicita: Delegado \nArea emisora: DeleDELEGACION CERRO OTTO - SISTEMAS\n', '', NULL, NULL, '0000---------', NULL, 178, 9185),
(1081, '2017-09-18', 63, 202, 'Solicitud de ver calefacción porque no anda. Hablo Eugenia de la Línes 102 \nSolicita: Eugenia\nArea emisora: Edif Seguridad Ciudadana\n', '', NULL, NULL, '0000---------', NULL, 161, 9185),
(1082, '2017-09-18', 31, 175, 'Solicitan reparar 3 horquillas.\nSolicita: Quinchahual\nArea emisora: Delegacion Lago Moreno\n', '', NULL, NULL, '0000---------', NULL, 145, 9185),
(1083, '2017-09-18', 31, 152, 'Solicita 1 mueble para apoyar monitores, etc. de 1.50m de ancho por 1.83m de alto.\nSolicita: Gustavo Dinardo\nArea emisora: Soporte Técnico\n\n21/09/17 Mensaje de fmunch: - 1.1/2 PLACA DE FIBROFACIL DE 18MM\n- 1 PLACA DE FIBROFACIL DE 3MM\n- 12 ML DE TIRANTE DE 1" X 1"\n- 100 TORNILLOS DE 19 - 40\n- 1 KG DE COLA VINILICA TIPO FORTEX\n-  2 LTS DE CETOL CEDRO\n- 1 LTS AGUARRAS\n\npintura enviada a pintureria argentina 21/9/2017\n22/09/17 Mensaje de fmunch: PRECIO TOTAL: $3.300', '4300', NULL, NULL, '0000---------', '0361-DMI-17', 174, 9185),
(1084, '2017-09-18', 31, 209, 'LUCAS RECLAMA LA TAREA, DICE QUE TIENE LOS MATERIALES. CORRESPONDE A O.T. 1547."Instalacion de mangueras, lanzas y gabinetes contra incendio"\n\nSolicita: CRISTIAN AMPUERO\nArea emisora: SEG E HIGIENE\n', '', NULL, NULL, '0048-DSH-16', NULL, 4, 9185),
(1085, '2017-09-20', 31, 196, 'Solicita destapar pileta de la cocina\nSolicita: Viviana\nArea emisora: amulen\n', '', NULL, NULL, '0000---------', NULL, 108, 9185),
(1086, '2017-09-20', 31, 214, 'Corresponde a OT 3280. Surtidor, solicita iluminación para la carga de combustible\n\n\nSolicita: Comiquil\nArea emisora: Servicios\n\n20/09/17 Mensaje de fmunch: materiels\n- 9 cañps galv sin rosca de 20mm\n- 2 cajas red con tapa y tornillos\n- 4 curbas galvanizadas de 20mm\n- 8 conectores largos para caja\n- 1 list estanco con tubo\n- 10 abrasaderas\n- 1 caja pase derivacion\n\nentregados compleetos puestos en pañol', '', NULL, NULL, '0000---------', NULL, 183, 9185),
(1087, '2017-09-20', 31, 183, 'Se cortó conexión en Mascardi y Saenz Peña\nSolicita: Comiquil\nArea emisora: Servicios\n', '', NULL, NULL, '0000---------', NULL, 184, 9185),
(1088, '2017-09-20', 31, 213, 'Corresponde a OT3447. Viales. Necesitan dos farolas fijas para iluminación internas\n\n\n\nSolicita: Maciel\nArea emisora: MEcanica \n\n20/09/17 Mensaje de fmunch: MATERIALES PENDIENTES\n\n- 3 LAMPARAS LED DE 150 WATS ALIC\nPUETAS EN OFICINA', '', NULL, NULL, '0000---------', NULL, 117, 9185),
(1089, '2017-09-20', 31, 193, 'San Carlos de Bariloche, 19 de septiembre de 2017.\n \nEstimado Fernando: te comento que personal de esa dependencia, se acercó a ver la problemática que tenemos con los baños (tapados) y los que me comentaron los compañeros de la delegaciónes que hay que modificar todo porque son baños viejos. Actualmente la situación es crítica, porque seguimos en temporada, con casi 35 personas trabajando en el lugar y sin poder usar los baños. Esperando una pronta solución, saludo a Ud. muy atentamente.\n \nJulio Vicente López\n      Delegado\nSolicita: Julio Vicente López\nArea emisora: Delegacion Catedral\n', '', NULL, NULL, '1709-191039', NULL, 155, 9185),
(1090, '2017-09-20', 33, 159, 'PINTURA INTERIOR DE OFICINA "MANTENIMIENTO "\nSolicita: CORRALÓN MUNIC – Servicios\n\n20/09/17 Mensaje de fmunch: MAT:\n- 1 RODILLO DE LANA\n- 2 ENTONADORES OCRE \n- 20 LTS. LATEX INTERIOR\n\nPUESTO EN OFICINA COMPLETO', '', NULL, NULL, '0000---------', NULL, 28, 9185),
(1091, '2017-09-20', 31, 161, 'A: Mantenimiento:\n \nPor medio de la presente, solicitamos a Ud. tenga a bien cedernos una pulidora para piso de madera y personal, a fines de pulir el piso de la sala Frey y de las oficinas de esta Subsecretaría. Seria ideal poder comenzar con el trabajo el día jueves 21 o viernes 22.\nEsperamos respuesta a lo antes posible, a fines de coordinar las tareas del área.\nAtentamente.\n \nGraciela Chodilef\nDpto. administ. de Cultura\n\nSolicita: Graciela Chodilef\nArea emisora: Cultura\n\n20/09/17 Mensaje de farroyo: coresponde a OT 2066:Sala Frey. Solicitan el pulido y plastificado del piso\n\n', '', NULL, NULL, '1709-191011', '0237-DMI-16', 78, 9185),
(1092, '2017-09-20', 31, 174, 'Mayordomía solicita escalera de 2,70m de altura\n\n1 cesto de basura tipo canasto de 1,2 x,0,6x 0,7 de alto con tapa. Que sea par admirar en el piso\n\n\nSolicita: Fernando Arroyo\nArea emisora: Direccion de Mantenimiento e Infraestructura\n', '', NULL, NULL, '1709-181104', NULL, 129, 9185),
(1093, '2017-09-20', 31, 196, 'De mi mayor consideración:\n \n                                                Por medio de la presente solicitamos tenga a bien gestionar personal, de forma urgente, para llevar adelante arreglo de pileta de la cocina del Comunitario 28 de Abril, debido a una perdida de agua en el bajo mesada. Para coordinación comunicarse al CAAT 7  2944:605377.\n \n                   Sin otro particular, saludo atentamente. \n\nSolicita: Empleo\n', '', NULL, NULL, '1709-181143', NULL, 122, 9185),
(1094, '2017-09-20', 31, 157, 'Solicitan reponer picaporte de el reloj del fichado en Personal\nSolicita: Comiquil\nArea emisora: Servcios\n', '', NULL, NULL, '0000---------', '00---------', 28, 9185),
(1095, '2017-09-20', 31, 157, 'Solicitan reponer picaporte de el reloj del fichado en Personal\nSolicita: Comiquil\nArea emisora: Servcios\n', '', NULL, NULL, '0000---------', '00---------', 28, 9185),
(1096, '2017-09-20', 31, 159, 'Solicitan pintar el sector dende está el reloj de fichado\nSolicita: Silvia Velazquez\nArea emisora: Personal\n', '', NULL, NULL, '00---------', NULL, 28, 9185),
(1097, '2017-09-22', 31, 202, 'Solcitan ver la caldera no la pueden encender desde ayer\nSolicita: Raul Ascencio\n', '', NULL, NULL, '0000---------', NULL, 120, 9185),
(1098, '2017-09-22', 31, 183, 'Solcitan reparar conexion en Brown entre Don Bosco y Colihues\nSolicita: Comiquil\nArea emisora: Servicios\n', '', NULL, NULL, '0000---------', NULL, 184, 9185),
(1099, '2017-09-22', 31, 232, 'Se solicita reparaciones de tapado de cañerias y ceramicos en baño de discapacitados.\n\nSolicita: Fernando Arroyo\nArea emisora: Direccion de Mantenimiento e Infraestructura\n', '', NULL, NULL, '0000---------', NULL, 165, 9185),
(1100, '2017-09-25', 31, 197, 'Solicita encender calefactor.\nSolicita: Ivana\nArea emisora: Desarrollo Humano\n', '', NULL, NULL, '0000---------', NULL, 26, 9185),
(1101, '2017-09-25', 31, 202, 'La caldera enciende y se apaga pronto, aparentemente está obstruido el ducto de salida. El sabado manifestaron olor a gas en planta Alta.\nSolicita: Catini\nArea emisora: Dirección de Tránsito\n\n27/09/17 Mensaje de farroyo: La camara de combustión se encuentra obsoleta, se contactó a la empresa Electroterma en Mar del Plata. quien podría proveer la camara nueva y estamos esperando cotización.\n\nDe: Mariana Giacondino [mailto:mariana@electroterma.com.ar] \nEnviado el: lunes, 25 de septiembre de 2017 11:55\nPara: \'dirmanteniemientomscb@bariloche.gov.ar\'\nAsunto: ELECTROTERMA-Datos para Recambio de Camara de combustion\n\n \n\nFernando , buenos días , según lo conversado le adjunto plano de cámara para completar con la mayor cantidad de medidas posible.\n\nA partir de allí cotizaremos el reemplazo necesario.\n\nBuenas Tardes Mariana: Te adjunto el croquis que me enviaste completo, espero que no haya equivocado algún dato. Además te envío algunas fotos para aportar al detalle y que faciliten el presupuesto.\n \n            Desde ya muchas gracias y espero pronta respuesta.\n \nFernando Arroyo.- \n\n\n\n28/09/17 Mensaje de farroyo: Fernando , buenos días , cumplo en cotizarle la cámara de combustión solicitada , ante cualquier consulta quedo a su disposición.\n \nUn saludo, $79.339\n\n \n\n\n28/09/17 Mensaje de farroyo: Se solicitó cotización a Cruz del Sur para traer la cámara de combustión desde Mar del Plata\n29/09/17 Mensaje de farroyo: Sr Arroyo buen dia.\n\nLe envio cotizacion de flete desde Mar del Plata de acuerdo a los siguientes datos :\n\n220 kilos  - 7.80 m3  (se toma 2.60 de alto por espacio de semi)  - vd $ 75000.\n\nCosto final de flete $ 19320.\n\nA su disposicion por cualquier consulta.\n\nAtte\n\n\n\n', '105000', NULL, NULL, '0000---------', 'Ped.-5008', 2, 9185),
(1102, '2017-09-25', 31, 155, ' 2 mesas de 50cm de alto; 100cm de largo y 60cm de ancho para niños corresponde a OT 2834\nSolicita: Miriam Avila\nArea emisora: cdi Malvianas\n', '', NULL, NULL, '1709-211050', NULL, 125, 9185),
(1103, '2017-09-25', 31, 221, 'Buen día, por medio de la presente se solicita listado de materiales para la puesta en marcha de los aires frio calor, ya colocados en el área de veterinaria. \nA su vez, se solicita la la revisión y prender la caldera del Caat nº 9 ubicado en ruta 40 y rotonda barrio unión.\n \n\n26/09/17 Mensaje de fmunch: materiales\n\n- 1 tablero de 6 bocas de aplicar con tapa de acrilico\n- 2 tomas binorma de 20 amperes de aplicar\n- 10 caños de pvc de 20mm\n- 2 termomagneticas bipolar de 20 A\n- 2 cajas estancas de pvc de 10 x 10\n- 10 cuplas de 20 de pvc\n- 20 conectores de 20 de pvc\n- 50 ml de cable unipolar de 4 mm2 color marron\n- 50 ml de cable unipolar de 4mm2 color celeste\n- 50 ml de cable unipolar de 4mm2 color amarillo\n- 10 curbas de 90º de 20pvc\n- 20 grampas de pvc para caños de 20mm\n- 100 tonillos t2\n- 100 tarugos de 6mm\n\n26/09/17 Mensaje de fmunch: enviado a pizutti el 26/9/2017\n27/09/17 Mensaje de fmunch: PRECIO TOTAL: $3.300', '4000', NULL, NULL, '1709-251215', '1709-1302', 8, 9185),
(1104, '2017-09-25', 31, 202, 'Solicitan encender caldera del sector Salud\nSolicita: Dario\nArea emisora: mayordomia\n\n26/09/17 Mensaje de lsandoval: Se fue al lugar, se constató intervención ajena, aparentemente el termostato fue descoenctado, no arranca al girar la perilla, y se observan empalmes no convencionales y la plaqueta ha sido intervenida para soldar o puentear. \nHabría que pedir la plaqueta nueva, solicito instrucciones. O bien que se llame a la persona que intervino.\n26/09/17 Mensaje de asanders: 26/09/2017 Se generó otro pedido Nº 4926 de $ 1500 con materiales faltantes.\nAle.\n26/09/17 Mensaje de asanders: 26/09/2017 Fe derratas correspondía al ticket nº 980.\nAle', '', NULL, NULL, '00---------', NULL, 130, 9185),
(1105, '2017-09-26', 51, 202, 'Solcitan encender la caldera de la Linea 102\nSolicita: Patricia Fernandez\nArea emisora: Instituciones\n', '', NULL, NULL, '0000---------', NULL, 161, 9185),
(1106, '2017-09-26', 31, 178, 'NECESITAMOS SABER CUANDO VAN A REALIZAR LA REPARACIÓN DEL BAÑO EN UNA SALA DEL CDI PICHI CHE RUCA. ELLOS TIENEN EL MATERIAL QUE SOLICITARON POR NOTA, ORDEN DE TRABAJO º 3185.-(solicita ver perdida de agua en sala 06 de 3años. Patricia)\n DESDE YA MUCHAS GRACIAS !!\n SALUDOS !!\n \n \n\nSolicita: DORITA\nArea emisora: INSTITUCIONES\n', '', NULL, NULL, '1709-261350', NULL, 6, 9185),
(1107, '2017-09-27', 31, 188, 'Solicitan ver perdidad de la grifeía de la cocina, no corta.\nSolicita: Javier Mayordomia\nArea emisora: Mayordomía\n', '', NULL, NULL, '0000---------', NULL, 72, 9185),
(1108, '2017-09-27', 31, 235, 'En ingreso por Gallardo se salió laja y está peligroso para los transeuntes. solicitan su reparación.\nSolicita: Maria Elena\nArea emisora: Mayordomia\n', '', NULL, NULL, '0000---------', NULL, 29, 9185),
(1109, '2017-09-27', 31, 202, 'Informo que enviaron válvula reductora de presión con manómetro..\nY hay un radiador que funciona parcialmente y pierde el lavatorio del baño de personal\nSaludos Miriam\n\n\nSolicita: Miriam Avila\nArea emisora: CDI Malvinas\n', '', NULL, NULL, '1709-260154', NULL, 125, 9185),
(1110, '2017-09-27', 31, 191, 'Reitero nota Nº 39/2017 ,con respecto al arreglo del termotanque de la cocina.\nSegún el personal idóneo, iban a evaluar el tema, ya que han asistido varias veces y no hay solución. Actualmente las explosiones son mas fuertes, en determinado momento de uso.\n Si lo pueden ver a la brevedad por favor, ya que consideramos que es muy peligroso.\n Muchas gracias!!!\n \nSALUDOS \n\n\n\nSolicita: NORMA MITRI\nArea emisora: PUDU PUDU\n', '', NULL, NULL, '1709-251555', NULL, 55, 9185),
(1111, '2017-09-27', 31, 225, 'Solicitan revisar sistema eléctrico- Las casas están conectadas al mismo medidor. Cuiadoras para contacto 2944502239/69462/634688- Nota: 827-SDSDyC/DAC-17\nSolicita: Alejandra Sandoal\nArea emisora: Dirección de Promoción social\n', '', NULL, NULL, '0827-SDSDYC17', NULL, 107, 9185),
(1112, '2017-09-27', 31, 199, 'Solictan Arreglo de 2 calefactores. Nota: 842-SDSDyC DAC-17\nSolicita: Alejandra Sandoval\nArea emisora: CAAT 6\n\n27/09/17 Mensaje de farroyo: 2944634628-horario de atención: Martes y Miercoles de 10:30 a 15:00 hs y Jueves de 14Hs a 17Hs', '', NULL, NULL, '0842-SDSDYC', NULL, 106, 9185),
(1113, '2017-09-27', 31, 193, 'Solicitan destapar inodoro. 2944634628-horario de atención: Martes y Miercoles de 10:30 a 15:00 hs y Jueves de 14Hs a 17Hs.\nSolicita: Alejandra Sandoval\nArea emisora: CAAT6\n', '', NULL, NULL, '0827-SDSDYC17', NULL, 106, 9185),
(1114, '2017-09-27', 31, 211, 'SOLICITAN REPATAR 6 TOMACORRIENTES-2944634628-horario de atención: Martes y Miercoles de 10:30 a 15:00 hs y Jueves de 14Hs a 17Hs. COORDINAR CON PLOMEROS QUE TIENEN QUE IR POR T1112 Y T1113\nSolicita: Alejandra Sandoval\nArea emisora: CAAT 6\n', '', NULL, NULL, '0827-SDSDYC17', '00---------', 106, 9185),
(1115, '2017-09-27', 31, 183, 'Máquina rompió conexión o caño de red en ingreso Avsala. En Llao Llao entrada de Invap. solcitan la reparación.\nSolicita: Valle\nArea emisora: Lago Moreno\n', '', NULL, NULL, '0000---------', NULL, 184, 9185),
(1116, '2017-09-27', 31, 215, 'Se solicta ver de adecuar y mejorar la iluminación en el Sector del Pañol.\nSolicita: Fernando Arroyo\nArea emisora: Direccion de Mantenimiento e Infraestructura\n', '', NULL, NULL, '0000---------', NULL, 32, 9185),
(1117, '2017-09-28', 31, 225, 'Solicitan cambiar una llave que enciende 2 luces para que cada una tenga su llave. Además quieren acomodar uina zapatilla para lo cual tienen los materiales.\nSolicita: Marcelo\nArea emisora: Concejo Municipla\n', '', NULL, NULL, '0000---------', NULL, 77, 9185),
(1118, '2017-09-28', 31, 226, 'PROYECTO ESPECIAL 2-17\nSolicitan dar energía a la cabaña trasladada en el parque Llao Llao\nSolicita: Costa Gabriela\nArea emisora: Areas Protegidas\n', '', NULL, NULL, '0000---------', NULL, 151, 9185),
(1119, '2017-09-28', 31, 193, 'Cámara tapada cerca del  ingreso, Urgente.\nSolicita: Rojel\nArea emisora: Direccion de Mantenimiento e Infraestructura\n', '', NULL, NULL, '0000---------', NULL, 7, 9185),
(1120, '2017-09-28', 31, 155, 'Se solicita una mesa y dos sillas para infantes. La mesa de 0.45m x 060m y altura acorde para niños y las sillas tambien. Serán pintadaas con motivos para niños de colores. Además se solicitan 6 bases para elevar los monitores de 10cm para mejorar la postura de las administrativas.\nSolicita: Ruben Guzman\nArea emisora: Dpto. Prevención y Seguridad Vial\n', '', NULL, NULL, '0908-SSTYT-17', NULL, 7, 9185),
(1121, '2017-09-28', 31, 227, 'Onelli y Oses 169 Viviendas. Tienen una puerta de ingreso nueva para colocar en el Club Comunitario. TE:2944629046.OT.2942\nSolicita: Alejandra sandoval\nArea emisora: Direccion de Promocion Social\n', '', NULL, NULL, '057-SDSDYC17', NULL, 46, 9185),
(1122, '2017-09-28', 31, 217, 'Centro Comunitario Barrio Alborada, Castex y Diagonal Gutierrez. OT2960 Solcitan ver medidor que está en corto y están sin luz. Claudia Salica 2944634628(CAAT6)\n\n\nSolicita: Alejandra Sandoval\nArea emisora: Direccion de Promocion Social\n', '', NULL, NULL, '070-SDSDYC17', NULL, 123, 9185),
(1123, '2017-09-28', 31, 187, 'Solicitan Poner agua caliente en baño Discapacitados Para la ducha.\nSolicita: Alejandra Sandoval\nArea emisora: Dirección de promoción\n\n28/09/17 Mensaje de farroyo: Ademas solicita instalar un calefactor que está en el lugar de 5000cal pero que no tendría alimentacion de gas', '', NULL, NULL, '0000---------', NULL, 165, 9185),
(1124, '2017-09-29', 31, 191, 'Pierde TT en la casa del estadio\nSolicita: Quilaleo, Jorge\n', '', NULL, NULL, '0000---------', NULL, 38, 9185),
(1128, '2017-09-29', 31, 191, 'Solictan repara TT de la Casa del Cuidador\nSolicita: Quilaleo Jorge\n', '', NULL, NULL, '0000---------', NULL, 38, 9185),
(1129, '2017-09-29', 63, 219, 'Graciela de Contaduría, solicita personal electricidad para realizar cálculos de materiales para instalar cable canal en piso, por conexión nueva.  \nSolicita: Graciela \n', '', NULL, NULL, '0000---------', NULL, 72, 9186),
(1130, '2017-09-29', 63, 209, 'Lorena avisa que se inundaron las cámaras de afuera del jardín.  \nSolicita: Lorena \n', '', NULL, NULL, '0000---------', NULL, 6, 9185),
(1131, '2017-09-29', 31, 222, 'Solcita ver zapatilla en mesa de entrada que apagó el servidor por su falla.\nSolicita: Daniel\n', '', NULL, NULL, '0000---------', NULL, 7, 38);

-- --------------------------------------------------------

--
-- Estructura de tabla para la tabla `usuarios`
--

CREATE TABLE `usuarios` (
  `id_usuario` int(11) NOT NULL,
  `nombre_usuario` varchar(15) COLLATE utf8_spanish2_ci NOT NULL,
  `contrasenia` varchar(36) COLLATE utf8_spanish2_ci DEFAULT NULL,
  `fk_empleado` int(11) NOT NULL,
  `activo` tinyint(1) NOT NULL,
  `fk_rol` int(11) NOT NULL,
  `id_extreme` varchar(180) COLLATE utf8_spanish2_ci DEFAULT NULL
) ENGINE=InnoDB DEFAULT CHARSET=utf8 COLLATE=utf8_spanish2_ci;

--
-- Volcado de datos para la tabla `usuarios`
--

INSERT INTO `usuarios` (`id_usuario`, `nombre_usuario`, `contrasenia`, `fk_empleado`, `activo`, `fk_rol`, `id_extreme`) VALUES
(3, 'mbenditti', '090c36e3bb39377468363197afb3e91b', 1, 1, 4, NULL),
(15, 'ekayser', '6b5b0dd03c9c85725032ce5f3a0918ae', 1637, 1, 2, NULL),
(16, 'gdinardo', '4c96f8324e3ba54a99e78249b95daa30', 146, 1, 4, NULL),
(17, 'gcastro', '4c96f8324e3ba54a99e78249b95daa30', 2023, 1, 3, NULL),
(18, 'avarano', 'e94ef563867e9c9df3fcc999bdb045f5', 113, 1, 3, NULL),
(19, 'etomatis', '81dc9bdb52d04dc20036dbd8313ed055', 1177, 1, 2, NULL),
(21, 'eklein', '7c69119c6c5c72543c78885901a513c0', 2851, 1, 3, NULL),
(22, 'hacuña', '3ab9071536d62f29aa8b3fd39141f6ad', 199, 1, 3, NULL),
(23, 'bmarin', 'e4f7614a887a8cc07a2eea93a1e31122', 983, 1, 2, NULL),
(24, 'gibanez', '05fe03b494c0f1a7d6cb49f0bf3fd70d', 395, 1, 2, NULL),
(25, 'dalvarez', 'aa47f8215c6f30a0dcdb2a36a9f4168e', 2555, 1, 2, NULL),
(27, 'bovando', 'e3928a3bc4be46516aa33a79bbdfdb08', 2852, 1, 3, NULL),
(28, 'administrador', '6f8725703f6dcc6bf2a329d2fe77fb39', 1, 1, 1, NULL),
(29, 'clorusso', '2b9ff3efc4a999ecfacd18c4bbc57a2e', 2853, 1, 2, NULL),
(30, 'jcramos', 'a94652aa97c7211ba8954dd15a3cf838', 1685, 1, 4, NULL),
(31, 'farroyo', '9de2dc4967b054f52ff994b4f42f27a6', 2854, 1, 4, NULL),
(33, 'fmunch', '2472ee727ed8de9a818fc657a6895646', 2856, 1, 2, NULL),
(34, 'oprado', '5bbf75fffcd51264fc20bfa75a78ec0f', 2857, 1, 2, NULL),
(36, 'mllanquitur', '85532ed2457219a5887f80d42190a869', 2855, 1, 2, NULL),
(37, 'lparedes', '51bf195bf5654e4909e3166db4604ee4', 2882, 1, 2, NULL),
(38, 'vpichi', 'bc00e0265043d6641b3743dce450c269', 2863, 1, 2, NULL),
(39, 'vruiz', '9a2a3ba925fdace5fda8c833c1f617c8', 2864, 1, 2, NULL),
(40, 'mcardenas', '1a261d825473769c560d9775120b1cd5', 2865, 1, 2, NULL),
(41, 'fmamani', '204c85a079e469684c55cb9b850c461e', 2866, 1, 2, NULL),
(42, 'azurano', '470c03220f6505d437eec941fd4837a7', 2867, 1, 2, NULL),
(43, 'mvargas', 'd49fab26ac2dfc1970ae462229264f35', 2868, 1, 2, NULL),
(44, 'mmacaya', '50045ede5cef2f0934754b05863163ff', 2869, 1, 2, NULL),
(45, 'minostroza', 'f5649659d2b2d03a03bf34de1cf9fdfb', 2870, 1, 2, NULL),
(46, 'jquesada', '623e7503419f51ffddede484d5755b77', 2871, 1, 2, NULL),
(47, 'dcatriman', '6d64e9dc207ad4efb707bf3ca62c8865', 2872, 1, 2, NULL),
(48, 'drosas', '9119489c05aad80a4f68c4b7cdff4fb0', 2873, 1, 2, NULL),
(49, 'dsilva', '5ecc4aa302d527a68a6538d72190310d', 2874, 1, 2, NULL),
(50, 'hsanchez', '0b4a7db11aaab6d963f000655d26bf3f', 2875, 1, 2, NULL),
(51, 'lsandoval', '64d2ae6e32d2de0bb11ec93ce809868b', 2876, 1, 2, NULL),
(52, 'dcomiquil', '9aa3bf37fd4928181a123ca000ff1672', 2877, 1, 2, NULL),
(53, 'rantimil', '7163bdb182889531317c2f7c7a02da66', 2878, 1, 2, NULL),
(54, 'asambueza', '51156a0dd083721be1f7d0910b108051', 2880, 1, 2, NULL),
(55, 'jmaldonado', '7ee17937af0e463c30a6ab124d125c62', 2881, 1, 2, NULL),
(57, 'lucianop', '51bf195bf5654e4909e3166db4604ee4', 2888, 1, 2, NULL),
(58, 'ohuenuman', 'cc15271dedf719bf55e30eaec9479dce', 2883, 1, 2, NULL),
(59, 'ngelvez', '2fa5cadc66447f2d9173a37332d777bf', 2884, 1, 2, NULL),
(60, 'jinostroza', 'f5649659d2b2d03a03bf34de1cf9fdfb', 2885, 1, 2, NULL),
(61, 'emuñoz', 'f330a70e380995187dffe6c6cd22a2db', 2886, 1, 2, NULL),
(62, 'lancavil', 'bc2dee56f4f0bd1d08bd85adc20795f7', 2887, 1, 2, NULL),
(63, 'asanders', '439fa3b6291b7cd2a7714288395c5010', 2859, 1, 5, NULL),
(64, 'emella', 'fb25b181bed28630afa6c026a6ed31fe', 2860, 1, 5, NULL),
(65, 'rgonzalez', 'a3f222e616de01ad575d2532fd68b591', 2889, 1, 2, NULL),
(66, 'montenegro', '83f9c4eb242966cdcada1d01be5d9b15', 2890, 1, 2, NULL),
(67, 'dcardenas', 'c26d483dd7cb0179994e7ed88fe8c7d4', 2891, 1, 2, NULL),
(68, 'clopez', '11b577068336d7b4d0d48c07feb6bb0e', 2892, 1, 2, NULL),
(69, 'mherrera', 'a763a66f984948ca463b081bf0f0e6d0', 2896, 1, 2, NULL),
(70, 'esalvo', '796eaa6426620225ad064904af90495f', 2893, 1, 2, NULL),
(71, 'lcmendez', '3f91b30281e00c5c26549f69a901fd43', 2895, 1, 2, NULL),
(72, 'anunez', 'b5c0b187fe309af0f4d35982fd961d7e', 2894, 1, 2, NULL),
(73, 'mpereira', '0a89c133d3906c8bebbfe3cbf1598476', 2897, 1, 2, NULL),
(74, 'jsoto', 'a6d4ef4dd38b1bb016d250c16a680470', 2898, 1, 2, NULL),
(75, 'kperez', 'ba952731f97fb058035aa399b1cb3d5c', 2899, 1, 2, NULL),
(76, 'ficare', '0ca49a62fbafbd44de016076221a0e9e', 2900, 1, 2, NULL),
(77, 'mtroncoso', 'a6858b0703253fb77c9abc1abe16788d', 2901, 1, 2, NULL),
(78, 'jmarti', 'a94652aa97c7211ba8954dd15a3cf838', 2902, 1, 2, NULL),
(79, 'epainefil', '62ec6e7d625970d9a6044b049e28b21f', 2879, 1, 2, NULL);

--
-- Índices para tablas volcadas
--

--
-- Indices de la tabla `areas`
--
ALTER TABLE `areas`
  ADD PRIMARY KEY (`id_area`);

--
-- Indices de la tabla `area_sistemas`
--
ALTER TABLE `area_sistemas`
  ADD PRIMARY KEY (`id_area_sistemas`);

--
-- Indices de la tabla `asuntos`
--
ALTER TABLE `asuntos`
  ADD PRIMARY KEY (`id_asuntoP`),
  ADD KEY `fk_area` (`fk_area`);

--
-- Indices de la tabla `base_conocimiento`
--
ALTER TABLE `base_conocimiento`
  ADD PRIMARY KEY (`id_resolucion`);

--
-- Indices de la tabla `configuracion`
--
ALTER TABLE `configuracion`
  ADD PRIMARY KEY (`id_configuracion`);

--
-- Indices de la tabla `edificios`
--
ALTER TABLE `edificios`
  ADD PRIMARY KEY (`id_edificio`);

--
-- Indices de la tabla `empleados`
--
ALTER TABLE `empleados`
  ADD PRIMARY KEY (`id_empleado`),
  ADD KEY `fk_area` (`fk_area`);

--
-- Indices de la tabla `encargado_servicios`
--
ALTER TABLE `encargado_servicios`
  ADD PRIMARY KEY (`usuario`,`asunto`),
  ADD KEY `usuario` (`usuario`),
  ADD KEY `asunto` (`asunto`);

--
-- Indices de la tabla `estados`
--
ALTER TABLE `estados`
  ADD PRIMARY KEY (`id_estado`);

--
-- Indices de la tabla `estados_pgm`
--
ALTER TABLE `estados_pgm`
  ADD PRIMARY KEY (`id_estado`);

--
-- Indices de la tabla `estado_actual_pgm`
--
ALTER TABLE `estado_actual_pgm`
  ADD PRIMARY KEY (`id`),
  ADD KEY `fk_estado_pgm` (`fk_estado_pgm`);

--
-- Indices de la tabla `historial_tickets`
--
ALTER TABLE `historial_tickets`
  ADD PRIMARY KEY (`id_historial`),
  ADD KEY `fk_ticket` (`fk_ticket`,`fk_usuario`),
  ADD KEY `fk_usuario_emisor` (`fk_usuario`),
  ADD KEY `fecha` (`fecha`),
  ADD KEY `fk_estado` (`fk_estado`),
  ADD KEY `fk_razon` (`fk_razon`);

--
-- Indices de la tabla `permisos`
--
ALTER TABLE `permisos`
  ADD PRIMARY KEY (`id_permiso`);

--
-- Indices de la tabla `razones_transferencias`
--
ALTER TABLE `razones_transferencias`
  ADD PRIMARY KEY (`id_razon`);

--
-- Indices de la tabla `respuestas`
--
ALTER TABLE `respuestas`
  ADD PRIMARY KEY (`id_ticket`);

--
-- Indices de la tabla `roles`
--
ALTER TABLE `roles`
  ADD PRIMARY KEY (`id_rol`),
  ADD UNIQUE KEY `nombre_rol` (`nombre_rol`);

--
-- Indices de la tabla `roles_permisos`
--
ALTER TABLE `roles_permisos`
  ADD PRIMARY KEY (`fk_rol`,`fk_permiso`) USING BTREE,
  ADD KEY `fk_permiso` (`fk_permiso`);

--
-- Indices de la tabla `servicios`
--
ALTER TABLE `servicios`
  ADD PRIMARY KEY (`id_asuntoS`),
  ADD KEY `pertenece` (`pertenece`);

--
-- Indices de la tabla `tickets`
--
ALTER TABLE `tickets`
  ADD PRIMARY KEY (`id_ticket`),
  ADD KEY `fk_usuario_emisor` (`creador`),
  ADD KEY `asunto` (`servicio`),
  ADD KEY `fkEdificio` (`fkEdificio`),
  ADD KEY `fk_areaSolicitante` (`fk_areaSolicitante`);

--
-- Indices de la tabla `usuarios`
--
ALTER TABLE `usuarios`
  ADD PRIMARY KEY (`id_usuario`),
  ADD KEY `fk_empleado` (`fk_empleado`),
  ADD KEY `fk_permiso` (`fk_rol`);

--
-- AUTO_INCREMENT de las tablas volcadas
--

--
-- AUTO_INCREMENT de la tabla `areas`
--
ALTER TABLE `areas`
  MODIFY `id_area` int(11) NOT NULL AUTO_INCREMENT, AUTO_INCREMENT=9208;
--
-- AUTO_INCREMENT de la tabla `area_sistemas`
--
ALTER TABLE `area_sistemas`
  MODIFY `id_area_sistemas` int(11) NOT NULL AUTO_INCREMENT;
--
-- AUTO_INCREMENT de la tabla `asuntos`
--
ALTER TABLE `asuntos`
  MODIFY `id_asuntoP` int(11) NOT NULL AUTO_INCREMENT, AUTO_INCREMENT=35;
--
-- AUTO_INCREMENT de la tabla `base_conocimiento`
--
ALTER TABLE `base_conocimiento`
  MODIFY `id_resolucion` int(11) NOT NULL AUTO_INCREMENT;
--
-- AUTO_INCREMENT de la tabla `configuracion`
--
ALTER TABLE `configuracion`
  MODIFY `id_configuracion` int(11) NOT NULL AUTO_INCREMENT, AUTO_INCREMENT=6;
--
-- AUTO_INCREMENT de la tabla `edificios`
--
ALTER TABLE `edificios`
  MODIFY `id_edificio` int(11) NOT NULL AUTO_INCREMENT, AUTO_INCREMENT=188;
--
-- AUTO_INCREMENT de la tabla `empleados`
--
ALTER TABLE `empleados`
  MODIFY `id_empleado` int(11) NOT NULL AUTO_INCREMENT, AUTO_INCREMENT=2903;
--
-- AUTO_INCREMENT de la tabla `estados`
--
ALTER TABLE `estados`
  MODIFY `id_estado` int(11) NOT NULL AUTO_INCREMENT, AUTO_INCREMENT=10;
--
-- AUTO_INCREMENT de la tabla `estados_pgm`
--
ALTER TABLE `estados_pgm`
  MODIFY `id_estado` int(11) NOT NULL AUTO_INCREMENT, AUTO_INCREMENT=6;
--
-- AUTO_INCREMENT de la tabla `historial_tickets`
--
ALTER TABLE `historial_tickets`
  MODIFY `id_historial` int(11) NOT NULL AUTO_INCREMENT, AUTO_INCREMENT=3646;
--
-- AUTO_INCREMENT de la tabla `permisos`
--
ALTER TABLE `permisos`
  MODIFY `id_permiso` int(11) NOT NULL AUTO_INCREMENT, AUTO_INCREMENT=52;
--
-- AUTO_INCREMENT de la tabla `razones_transferencias`
--
ALTER TABLE `razones_transferencias`
  MODIFY `id_razon` int(11) NOT NULL AUTO_INCREMENT, AUTO_INCREMENT=3;
--
-- AUTO_INCREMENT de la tabla `roles`
--
ALTER TABLE `roles`
  MODIFY `id_rol` int(11) NOT NULL AUTO_INCREMENT, AUTO_INCREMENT=6;
--
-- AUTO_INCREMENT de la tabla `servicios`
--
ALTER TABLE `servicios`
  MODIFY `id_asuntoS` int(11) NOT NULL AUTO_INCREMENT, AUTO_INCREMENT=245;
--
-- AUTO_INCREMENT de la tabla `tickets`
--
ALTER TABLE `tickets`
  MODIFY `id_ticket` int(11) NOT NULL AUTO_INCREMENT, AUTO_INCREMENT=1132;
--
-- AUTO_INCREMENT de la tabla `usuarios`
--
ALTER TABLE `usuarios`
  MODIFY `id_usuario` int(11) NOT NULL AUTO_INCREMENT, AUTO_INCREMENT=80;
--
-- Restricciones para tablas volcadas
--

--
-- Filtros para la tabla `asuntos`
--
ALTER TABLE `asuntos`
  ADD CONSTRAINT `asuntos_ibfk_1` FOREIGN KEY (`fk_area`) REFERENCES `areas` (`id_area`) ON UPDATE CASCADE;

--
-- Filtros para la tabla `empleados`
--
ALTER TABLE `empleados`
  ADD CONSTRAINT `empleados_ibfk_1` FOREIGN KEY (`fk_area`) REFERENCES `areas` (`id_area`);

--
-- Filtros para la tabla `encargado_servicios`
--
ALTER TABLE `encargado_servicios`
  ADD CONSTRAINT `encargado_servicios_ibfk_1` FOREIGN KEY (`usuario`) REFERENCES `usuarios` (`id_usuario`),
  ADD CONSTRAINT `encargado_servicios_ibfk_2` FOREIGN KEY (`asunto`) REFERENCES `servicios` (`id_asuntoS`);

--
-- Filtros para la tabla `estado_actual_pgm`
--
ALTER TABLE `estado_actual_pgm`
  ADD CONSTRAINT `estado_actual_pgm_ibfk_1` FOREIGN KEY (`fk_estado_pgm`) REFERENCES `estados_pgm` (`id_estado`);

--
-- Filtros para la tabla `historial_tickets`
--
ALTER TABLE `historial_tickets`
  ADD CONSTRAINT `historial_tickets_ibfk_1` FOREIGN KEY (`fk_ticket`) REFERENCES `tickets` (`id_ticket`),
  ADD CONSTRAINT `historial_tickets_ibfk_2` FOREIGN KEY (`fk_usuario`) REFERENCES `usuarios` (`id_usuario`),
  ADD CONSTRAINT `historial_tickets_ibfk_4` FOREIGN KEY (`fk_estado`) REFERENCES `estados` (`id_estado`),
  ADD CONSTRAINT `historial_tickets_ibfk_5` FOREIGN KEY (`fk_razon`) REFERENCES `razones_transferencias` (`id_razon`);

--
-- Filtros para la tabla `roles_permisos`
--
ALTER TABLE `roles_permisos`
  ADD CONSTRAINT `roles_permisos_ibfk_1` FOREIGN KEY (`fk_rol`) REFERENCES `roles` (`id_rol`),
  ADD CONSTRAINT `roles_permisos_ibfk_2` FOREIGN KEY (`fk_permiso`) REFERENCES `permisos` (`id_permiso`);

--
-- Filtros para la tabla `servicios`
--
ALTER TABLE `servicios`
  ADD CONSTRAINT `servicios_ibfk_1` FOREIGN KEY (`pertenece`) REFERENCES `asuntos` (`id_asuntoP`);

--
-- Filtros para la tabla `tickets`
--
ALTER TABLE `tickets`
  ADD CONSTRAINT `tickets_ibfk_10` FOREIGN KEY (`fk_areaSolicitante`) REFERENCES `areas` (`id_area`),
  ADD CONSTRAINT `tickets_ibfk_2` FOREIGN KEY (`creador`) REFERENCES `usuarios` (`id_usuario`),
  ADD CONSTRAINT `tickets_ibfk_8` FOREIGN KEY (`servicio`) REFERENCES `servicios` (`id_asuntoS`) ON DELETE NO ACTION ON UPDATE CASCADE,
  ADD CONSTRAINT `tickets_ibfk_9` FOREIGN KEY (`fkEdificio`) REFERENCES `edificios` (`id_edificio`);

--
-- Filtros para la tabla `usuarios`
--
ALTER TABLE `usuarios`
  ADD CONSTRAINT `usuarios_ibfk_1` FOREIGN KEY (`fk_empleado`) REFERENCES `empleados` (`id_empleado`),
  ADD CONSTRAINT `usuarios_ibfk_2` FOREIGN KEY (`fk_rol`) REFERENCES `roles` (`id_rol`);

/*!40101 SET CHARACTER_SET_CLIENT=@OLD_CHARACTER_SET_CLIENT */;
/*!40101 SET CHARACTER_SET_RESULTS=@OLD_CHARACTER_SET_RESULTS */;
/*!40101 SET COLLATION_CONNECTION=@OLD_COLLATION_CONNECTION */;
